2025-10-10 14:17:56,830 [INFO] Activator:177 - 


2025-10-10 14:17:56,832 [INFO] Activator:178 - !SESSION log4j initialized
2025-10-10 14:17:57,885 [ERROR] LogOutputStream:74 - [STDERR_REDIRECT] 
2025-10-10 14:18:20,197 [INFO] McuFinderGlobals:39 - Set McuFinder mode to 2 (CubeIDE integrated)
2025-10-10 14:18:20,356 [INFO] ApplicationProperties:181 - Using Application install path: /Applications/STM32CubeIDE.app/Contents/Eclipse/plugins/com.st.stm32cube.common.mx_6.3.0.202107141111
2025-10-10 14:18:20,373 [INFO] DbMcusXml:74 - Set database path to: /Applications/STM32CubeIDE.app/Contents/Eclipse/plugins/com.st.stm32cube.common.mx_6.3.0.202107141111//db//mcu/
2025-10-10 14:18:20,378 [INFO] DbBoardsPdsc:56 - Set plugin database path to: /Applications/STM32CubeIDE.app/Contents/Eclipse/plugins/com.st.stm32cube.common.mx_6.3.0.202107141111//db//plugins/boardmanager/
2025-10-10 14:18:20,379 [INFO] DbMcus:258 - Set plugin images path to: /Applications/STM32CubeIDE.app/Contents/Eclipse/plugins/com.st.stm32cube.common.mx_6.3.0.202107141111//db//plugins/mcufinder/images/
2025-10-10 14:18:20,379 [INFO] DbBoards:264 - Set plugin images path to: /Applications/STM32CubeIDE.app/Contents/Eclipse/plugins/com.st.stm32cube.common.mx_6.3.0.202107141111//db//plugins/mcufinder/images/
2025-10-10 14:18:20,383 [INFO] DbExamples:333 - Set plugin images path to: /Applications/STM32CubeIDE.app/Contents/Eclipse/plugins/com.st.stm32cube.common.mx_6.3.0.202107141111//db//plugins/mcufinder/images/
2025-10-10 14:18:20,389 [INFO] DbMcusAds:119 - Set database path to: /Users/admin/.stmcufinder/plugins/mcufinder//mcu/
2025-10-10 14:18:20,390 [INFO] DbMcusDocs:110 - Set database path to: /Users/admin/.stmcufinder/plugins/mcufinder//mcu/
2025-10-10 14:18:20,393 [INFO] DbMcusJson:64 - Set database path to: /Users/admin/.stmcufinder/plugins/mcufinder//mcu/
2025-10-10 14:18:20,394 [INFO] DbBoardsDocs:110 - Set database path to: /Users/admin/.stmcufinder/plugins/mcufinder//mcu/
2025-10-10 14:18:20,396 [INFO] DbBoardsJson:57 - Set database path to: /Users/admin/.stmcufinder/plugins/mcufinder//mcu/
2025-10-10 14:18:20,401 [INFO] CrossReferenceDbSqlite:196 - Set database path to: /Users/admin/.stmcufinder/plugins/mcufinder//mcu/cs/
2025-10-10 14:18:20,405 [INFO] DbExamplesSqlite:767 - Set database path to: /Users/admin/.stmcufinder/plugins/mcufinder//mcu/
2025-10-10 14:18:20,585 [INFO] RulesReader:57 - Compatibility file has been processed (242 Rules)
2025-10-10 14:18:20,697 [INFO] DbMcusXml:74 - Set database path to: /Applications/STM32CubeIDE.app/Contents/Eclipse/plugins/com.st.stm32cube.common.mx_6.3.0.202107141111//db//mcu/
2025-10-10 14:18:20,698 [INFO] DbBoardsPdsc:56 - Set plugin database path to: /Applications/STM32CubeIDE.app/Contents/Eclipse/plugins/com.st.stm32cube.common.mx_6.3.0.202107141111//db//plugins/boardmanager/
2025-10-10 14:18:20,698 [INFO] DbMcus:258 - Set plugin images path to: /Applications/STM32CubeIDE.app/Contents/Eclipse/plugins/com.st.stm32cube.common.mx_6.3.0.202107141111//db//plugins/mcufinder/images/
2025-10-10 14:18:20,699 [INFO] DbBoards:264 - Set plugin images path to: /Applications/STM32CubeIDE.app/Contents/Eclipse/plugins/com.st.stm32cube.common.mx_6.3.0.202107141111//db//plugins/mcufinder/images/
2025-10-10 14:18:20,699 [INFO] DbExamples:333 - Set plugin images path to: /Applications/STM32CubeIDE.app/Contents/Eclipse/plugins/com.st.stm32cube.common.mx_6.3.0.202107141111//db//plugins/mcufinder/images/
2025-10-10 14:18:20,699 [WARN] DbFile:35 - Overriding database path with different value: /Users/admin/.stmcufinder/plugins/mcufinder/ => /Users/admin/.stmcufinder/plugins/mcufinder
2025-10-10 14:18:20,699 [INFO] DbMcusAds:119 - Set database path to: /Users/admin/.stmcufinder/plugins/mcufinder//mcu/
2025-10-10 14:18:20,699 [WARN] DbFile:35 - Overriding database path with different value: /Users/admin/.stmcufinder/plugins/mcufinder/ => /Users/admin/.stmcufinder/plugins/mcufinder
2025-10-10 14:18:20,699 [INFO] DbMcusDocs:110 - Set database path to: /Users/admin/.stmcufinder/plugins/mcufinder//mcu/
2025-10-10 14:18:20,700 [WARN] DbFile:35 - Overriding database path with different value: /Users/admin/.stmcufinder/plugins/mcufinder/ => /Users/admin/.stmcufinder/plugins/mcufinder
2025-10-10 14:18:20,700 [INFO] DbMcusJson:64 - Set database path to: /Users/admin/.stmcufinder/plugins/mcufinder//mcu/
2025-10-10 14:18:20,700 [WARN] DbFile:35 - Overriding database path with different value: /Users/admin/.stmcufinder/plugins/mcufinder/ => /Users/admin/.stmcufinder/plugins/mcufinder
2025-10-10 14:18:20,700 [INFO] DbBoardsDocs:110 - Set database path to: /Users/admin/.stmcufinder/plugins/mcufinder//mcu/
2025-10-10 14:18:20,701 [WARN] DbFile:35 - Overriding database path with different value: /Users/admin/.stmcufinder/plugins/mcufinder/ => /Users/admin/.stmcufinder/plugins/mcufinder
2025-10-10 14:18:20,701 [INFO] DbBoardsJson:57 - Set database path to: /Users/admin/.stmcufinder/plugins/mcufinder//mcu/
2025-10-10 14:18:20,701 [WARN] DbFile:35 - Overriding database path with different value: /Users/admin/.stmcufinder/plugins/mcufinder/ => /Users/admin/.stmcufinder/plugins/mcufinder
2025-10-10 14:18:20,701 [WARN] DbFile:35 - Overriding database path with different value: /Users/admin/.stmcufinder/plugins/mcufinder/ => /Users/admin/.stmcufinder/plugins/mcufinder
2025-10-10 14:18:20,701 [INFO] CrossReferenceDbSqlite:196 - Set database path to: /Users/admin/.stmcufinder/plugins/mcufinder//mcu/cs/
2025-10-10 14:18:20,701 [WARN] DbFile:35 - Overriding database path with different value: /Users/admin/.stmcufinder/plugins/mcufinder/ => /Users/admin/.stmcufinder/plugins/mcufinder
2025-10-10 14:18:20,702 [INFO] DbExamplesSqlite:767 - Set database path to: /Users/admin/.stmcufinder/plugins/mcufinder//mcu/
2025-10-10 14:18:20,806 [INFO] MainPanel:214 - HeapMemory: 268435456
2025-10-10 14:18:20,940 [INFO] DbMcusXml:74 - Set database path to: /Applications/STM32CubeIDE.app/Contents/Eclipse/plugins/com.st.stm32cube.common.mx_6.3.0.202107141111//db//mcu/
2025-10-10 14:18:20,940 [INFO] DbBoardsPdsc:56 - Set plugin database path to: /Applications/STM32CubeIDE.app/Contents/Eclipse/plugins/com.st.stm32cube.common.mx_6.3.0.202107141111//db//plugins/boardmanager/
2025-10-10 14:18:20,940 [INFO] DbMcus:258 - Set plugin images path to: /Applications/STM32CubeIDE.app/Contents/Eclipse/plugins/com.st.stm32cube.common.mx_6.3.0.202107141111//db//plugins/mcufinder/images/
2025-10-10 14:18:20,940 [INFO] DbBoards:264 - Set plugin images path to: /Applications/STM32CubeIDE.app/Contents/Eclipse/plugins/com.st.stm32cube.common.mx_6.3.0.202107141111//db//plugins/mcufinder/images/
2025-10-10 14:18:20,940 [INFO] DbExamples:333 - Set plugin images path to: /Applications/STM32CubeIDE.app/Contents/Eclipse/plugins/com.st.stm32cube.common.mx_6.3.0.202107141111//db//plugins/mcufinder/images/
2025-10-10 14:18:20,941 [WARN] DbFile:35 - Overriding database path with different value: /Users/admin/.stmcufinder/plugins/mcufinder/ => /Users/admin/.stmcufinder/plugins/mcufinder
2025-10-10 14:18:20,941 [INFO] DbMcusAds:119 - Set database path to: /Users/admin/.stmcufinder/plugins/mcufinder//mcu/
2025-10-10 14:18:20,942 [WARN] DbFile:35 - Overriding database path with different value: /Users/admin/.stmcufinder/plugins/mcufinder/ => /Users/admin/.stmcufinder/plugins/mcufinder
2025-10-10 14:18:20,942 [INFO] DbMcusDocs:110 - Set database path to: /Users/admin/.stmcufinder/plugins/mcufinder//mcu/
2025-10-10 14:18:20,942 [WARN] DbFile:35 - Overriding database path with different value: /Users/admin/.stmcufinder/plugins/mcufinder/ => /Users/admin/.stmcufinder/plugins/mcufinder
2025-10-10 14:18:20,942 [INFO] DbMcusJson:64 - Set database path to: /Users/admin/.stmcufinder/plugins/mcufinder//mcu/
2025-10-10 14:18:20,942 [WARN] DbFile:35 - Overriding database path with different value: /Users/admin/.stmcufinder/plugins/mcufinder/ => /Users/admin/.stmcufinder/plugins/mcufinder
2025-10-10 14:18:20,942 [INFO] DbBoardsDocs:110 - Set database path to: /Users/admin/.stmcufinder/plugins/mcufinder//mcu/
2025-10-10 14:18:20,943 [WARN] DbFile:35 - Overriding database path with different value: /Users/admin/.stmcufinder/plugins/mcufinder/ => /Users/admin/.stmcufinder/plugins/mcufinder
2025-10-10 14:18:20,943 [INFO] DbBoardsJson:57 - Set database path to: /Users/admin/.stmcufinder/plugins/mcufinder//mcu/
2025-10-10 14:18:20,943 [WARN] DbFile:35 - Overriding database path with different value: /Users/admin/.stmcufinder/plugins/mcufinder/ => /Users/admin/.stmcufinder/plugins/mcufinder
2025-10-10 14:18:20,943 [WARN] DbFile:35 - Overriding database path with different value: /Users/admin/.stmcufinder/plugins/mcufinder/ => /Users/admin/.stmcufinder/plugins/mcufinder
2025-10-10 14:18:20,943 [INFO] CrossReferenceDbSqlite:196 - Set database path to: /Users/admin/.stmcufinder/plugins/mcufinder//mcu/cs/
2025-10-10 14:18:20,944 [WARN] DbFile:35 - Overriding database path with different value: /Users/admin/.stmcufinder/plugins/mcufinder/ => /Users/admin/.stmcufinder/plugins/mcufinder
2025-10-10 14:18:20,944 [INFO] DbExamplesSqlite:767 - Set database path to: /Users/admin/.stmcufinder/plugins/mcufinder//mcu/
2025-10-10 14:18:20,969 [INFO] ApplicationProperties:181 - Using Application install path: /Applications/STM32CubeIDE.app/Contents/Eclipse/plugins/com.st.stm32cube.common.mx_6.3.0.202107141111
2025-10-10 14:18:20,971 [INFO] PluginManage:188 - Search for loadable plugins [exclusion list=, ]
2025-10-10 14:18:20,973 [INFO] PluginManage:302 - Check plugin analytics
2025-10-10 14:18:21,178 [INFO] AnalyticsPlugin:257 - Accepted Software Licenses: 
2025-10-10 14:18:21,179 [INFO] AnalyticsPlugin:259 - Accepted CMSIS Pack Licenses: 
2025-10-10 14:18:21,179 [INFO] AnalyticsPlugin:261 - Accepted Firmware Licenses: 
2025-10-10 14:18:21,180 [INFO] PluginManage:352 - Loaded plugin analytics (category:tool,tabindex:-1)
2025-10-10 14:18:21,180 [INFO] PluginManage:302 - Check plugin clock
2025-10-10 14:18:21,194 [INFO] PluginManage:352 - Loaded plugin clock (category:base,tabindex:2)
2025-10-10 14:18:21,195 [INFO] PluginManage:302 - Check plugin ddr
2025-10-10 14:18:21,198 [INFO] PluginManage:352 - Loaded plugin ddr (category:tool,tabindex:6)
2025-10-10 14:18:21,198 [INFO] PluginManage:302 - Check plugin filemanager
2025-10-10 14:18:21,363 [INFO] PluginManage:352 - Loaded plugin filemanager (category:base,tabindex:10)
2025-10-10 14:18:21,363 [INFO] PluginManage:302 - Check plugin ipmanager
2025-10-10 14:18:21,373 [INFO] PluginManage:352 - Loaded plugin ipmanager (category:base,tabindex:5)
2025-10-10 14:18:21,373 [INFO] PluginManage:302 - Check plugin pinoutandconfiguration
2025-10-10 14:18:21,385 [INFO] PluginManage:352 - Loaded plugin pinoutandconfiguration (category:base,tabindex:1)
2025-10-10 14:18:21,385 [INFO] PluginManage:302 - Check plugin pinoutconfig
2025-10-10 14:18:21,418 [INFO] PluginManage:352 - Loaded plugin pinoutconfig (category:base,tabindex:0)
2025-10-10 14:18:21,418 [INFO] PluginManage:302 - Check plugin power
2025-10-10 14:18:21,432 [INFO] PluginManage:352 - Loaded plugin power (category:power,tabindex:4)
2025-10-10 14:18:21,432 [INFO] PluginManage:302 - Check plugin projectmanager
2025-10-10 14:18:21,449 [INFO] PluginManage:352 - Loaded plugin projectmanager (category:projectmanager,tabindex:3)
2025-10-10 14:18:21,449 [INFO] PluginManage:302 - Check plugin thirdparty
2025-10-10 14:18:21,593 [WARN] IntegrityCheckThread:78 - waiting for thirdparty lock release [integrity check]
2025-10-10 14:18:21,593 [INFO] PluginManage:352 - Loaded plugin thirdparty (category:base,tabindex:-1)
2025-10-10 14:18:21,594 [INFO] IntegrityCheckThread:80 - entering critical section [integrity check]
2025-10-10 14:18:21,594 [INFO] PluginManage:302 - Check plugin tools
2025-10-10 14:18:21,595 [INFO] ThirdPartyUpdaterWithRetryManager:66 - Updater plugin not ready yet. [1/15]
2025-10-10 14:18:21,597 [INFO] PluginManage:352 - Loaded plugin tools (category:base,tabindex:7)
2025-10-10 14:18:21,597 [INFO] PluginManage:302 - Check plugin tutovideos
2025-10-10 14:18:21,913 [INFO] PluginManage:352 - Loaded plugin tutovideos (category:base,tabindex:-1)
2025-10-10 14:18:21,914 [INFO] PluginManage:302 - Check plugin updater
2025-10-10 14:18:21,931 [INFO] PluginManage:352 - Loaded plugin updater (category:base,tabindex:12)
2025-10-10 14:18:21,932 [INFO] PluginManage:275 - PluginManage : Loaded plugins [13]
2025-10-10 14:18:22,892 [ERROR] LogOutputStream:74 - [STDERR_REDIRECT] Warning: the fonts "Times" and "Times" are not available for the Java logical font "Serif", which may have unexpected appearance or behavior. Re-enable the "Times" font to remove this warning.
2025-10-10 14:18:22,936 [INFO] PinOutPanel:1463 - setPackage(No Configuration,No Configuration)
2025-10-10 14:18:23,027 [INFO] IPUIPlugin:74 - create IPUIPlugin
2025-10-10 14:18:23,028 [INFO] PluginManager:213 - loadIPPluginJar : add mdma
2025-10-10 14:18:23,038 [INFO] IPUIPlugin:74 - create IPUIPlugin
2025-10-10 14:18:23,038 [INFO] PluginManager:213 - loadIPPluginJar : add freertos
2025-10-10 14:18:23,046 [INFO] IPUIPlugin:74 - create IPUIPlugin
2025-10-10 14:18:23,047 [INFO] PluginManager:213 - loadIPPluginJar : add gic
2025-10-10 14:18:23,060 [INFO] IPUIPlugin:74 - create IPUIPlugin
2025-10-10 14:18:23,061 [INFO] PluginManager:213 - loadIPPluginJar : add adc
2025-10-10 14:18:23,064 [INFO] IPUIPlugin:74 - create IPUIPlugin
2025-10-10 14:18:23,064 [INFO] PluginManager:213 - loadIPPluginJar : add gtzc
2025-10-10 14:18:23,067 [INFO] IPUIPlugin:74 - create IPUIPlugin
2025-10-10 14:18:23,067 [INFO] PluginManager:213 - loadIPPluginJar : add quadspi
2025-10-10 14:18:23,070 [INFO] IPUIPlugin:74 - create IPUIPlugin
2025-10-10 14:18:23,071 [INFO] PluginManager:213 - loadIPPluginJar : add aes
2025-10-10 14:18:23,075 [INFO] IPUIPlugin:74 - create IPUIPlugin
2025-10-10 14:18:23,075 [INFO] PluginManager:213 - loadIPPluginJar : add pdm2pcm
2025-10-10 14:18:23,078 [INFO] IPUIPlugin:74 - create IPUIPlugin
2025-10-10 14:18:23,078 [INFO] PluginManager:213 - loadIPPluginJar : add hash
2025-10-10 14:18:23,081 [INFO] IPUIPlugin:74 - create IPUIPlugin
2025-10-10 14:18:23,081 [INFO] PluginManager:213 - loadIPPluginJar : add tim
2025-10-10 14:18:23,083 [INFO] IPUIPlugin:74 - create IPUIPlugin
2025-10-10 14:18:23,083 [INFO] PluginManager:213 - loadIPPluginJar : add tsc
2025-10-10 14:18:23,086 [INFO] IPUIPlugin:74 - create IPUIPlugin
2025-10-10 14:18:23,086 [INFO] PluginManager:213 - loadIPPluginJar : add ts
2025-10-10 14:18:23,090 [INFO] IPUIPlugin:74 - create IPUIPlugin
2025-10-10 14:18:23,090 [INFO] PluginManager:213 - loadIPPluginJar : add can
2025-10-10 14:18:23,093 [INFO] IPUIPlugin:74 - create IPUIPlugin
2025-10-10 14:18:23,093 [INFO] PluginManager:213 - loadIPPluginJar : add dma3
2025-10-10 14:18:23,096 [INFO] IPUIPlugin:74 - create IPUIPlugin
2025-10-10 14:18:23,097 [INFO] PluginManager:213 - loadIPPluginJar : add dfsdm
2025-10-10 14:18:23,100 [INFO] IPUIPlugin:74 - create IPUIPlugin
2025-10-10 14:18:23,100 [INFO] PluginManager:213 - loadIPPluginJar : add spi
2025-10-10 14:18:23,103 [INFO] IPUIPlugin:74 - create IPUIPlugin
2025-10-10 14:18:23,104 [INFO] PluginManager:213 - loadIPPluginJar : add gfxmmu
2025-10-10 14:18:23,106 [INFO] IPUIPlugin:74 - create IPUIPlugin
2025-10-10 14:18:23,106 [INFO] PluginManager:213 - loadIPPluginJar : add genericplugin
2025-10-10 14:18:23,109 [INFO] IPUIPlugin:74 - create IPUIPlugin
2025-10-10 14:18:23,109 [INFO] PluginManager:213 - loadIPPluginJar : add cryp
2025-10-10 14:18:23,115 [INFO] IPUIPlugin:74 - create IPUIPlugin
2025-10-10 14:18:23,116 [INFO] PluginManager:213 - loadIPPluginJar : add gpio
2025-10-10 14:18:23,118 [INFO] IPUIPlugin:74 - create IPUIPlugin
2025-10-10 14:18:23,118 [INFO] PluginManager:213 - loadIPPluginJar : add comp
2025-10-10 14:18:23,121 [INFO] IPUIPlugin:74 - create IPUIPlugin
2025-10-10 14:18:23,121 [INFO] PluginManager:213 - loadIPPluginJar : add tracer_emb
2025-10-10 14:18:23,125 [INFO] IPUIPlugin:74 - create IPUIPlugin
2025-10-10 14:18:23,125 [INFO] PluginManager:213 - loadIPPluginJar : add openamp
2025-10-10 14:18:23,131 [INFO] IPUIPlugin:74 - create IPUIPlugin
2025-10-10 14:18:23,131 [INFO] PluginManager:213 - loadIPPluginJar : add stm32_wpan
2025-10-10 14:18:23,140 [INFO] IPUIPlugin:74 - create IPUIPlugin
2025-10-10 14:18:23,144 [INFO] PluginManager:213 - loadIPPluginJar : add plateformsettings
2025-10-10 14:18:23,148 [INFO] IPUIPlugin:74 - create IPUIPlugin
2025-10-10 14:18:23,149 [INFO] PluginManager:213 - loadIPPluginJar : add ipddr
2025-10-10 14:18:23,152 [INFO] IPUIPlugin:74 - create IPUIPlugin
2025-10-10 14:18:23,152 [INFO] PluginManager:213 - loadIPPluginJar : add usart
2025-10-10 14:18:23,154 [INFO] IPUIPlugin:74 - create IPUIPlugin
2025-10-10 14:18:23,155 [INFO] PluginManager:213 - loadIPPluginJar : add ltdc
2025-10-10 14:18:23,160 [INFO] IPUIPlugin:74 - create IPUIPlugin
2025-10-10 14:18:23,160 [INFO] PluginManager:213 - loadIPPluginJar : add nvic
2025-10-10 14:18:23,163 [INFO] IPUIPlugin:74 - create IPUIPlugin
2025-10-10 14:18:23,163 [INFO] PluginManager:213 - loadIPPluginJar : add fatfs
2025-10-10 14:18:23,173 [INFO] IPUIPlugin:74 - create IPUIPlugin
2025-10-10 14:18:23,173 [INFO] PluginManager:213 - loadIPPluginJar : add linkedlist
2025-10-10 14:18:23,181 [INFO] IPUIPlugin:74 - create IPUIPlugin
2025-10-10 14:18:23,181 [INFO] PluginManager:213 - loadIPPluginJar : add dma
2025-10-10 14:18:23,188 [INFO] IPUIPlugin:74 - create IPUIPlugin
2025-10-10 14:18:23,188 [INFO] PluginManager:213 - loadIPPluginJar : add fmc
2025-10-10 14:18:23,192 [INFO] IPUIPlugin:74 - create IPUIPlugin
2025-10-10 14:18:23,192 [INFO] PluginManager:213 - loadIPPluginJar : add i2s
2025-10-10 14:18:23,194 [INFO] IPUIPlugin:74 - create IPUIPlugin
2025-10-10 14:18:23,194 [INFO] PluginManager:213 - loadIPPluginJar : add ucpd
2025-10-10 14:18:23,197 [INFO] IPUIPlugin:74 - create IPUIPlugin
2025-10-10 14:18:23,198 [INFO] PluginManager:213 - loadIPPluginJar : add lorawan
2025-10-10 14:18:23,201 [INFO] IPUIPlugin:74 - create IPUIPlugin
2025-10-10 14:18:23,202 [INFO] PluginManager:213 - loadIPPluginJar : add opamp
2025-10-10 14:18:23,206 [INFO] IPUIPlugin:74 - create IPUIPlugin
2025-10-10 14:18:23,206 [INFO] PluginManager:213 - loadIPPluginJar : add touchsensing
2025-10-10 14:18:23,209 [INFO] IPUIPlugin:74 - create IPUIPlugin
2025-10-10 14:18:23,209 [INFO] PluginManager:213 - loadIPPluginJar : add i2c
2025-10-10 14:18:23,214 [INFO] IPUIPlugin:74 - create IPUIPlugin
2025-10-10 14:18:23,214 [INFO] PluginManager:213 - loadIPPluginJar : add resmgrutility
2025-10-10 14:18:23,218 [INFO] IPUIPlugin:74 - create IPUIPlugin
2025-10-10 14:18:23,219 [INFO] PluginManager:213 - loadIPPluginJar : add sai
2025-10-10 14:18:23,222 [INFO] IPUIPlugin:74 - create IPUIPlugin
2025-10-10 14:18:23,222 [INFO] PluginManager:213 - loadIPPluginJar : add usbx
2025-10-10 14:18:23,531 [FATAL] Updater:294 - Updater called before beeing initialized
2025-10-10 14:18:23,621 [FATAL] Updater:294 - Updater called before beeing initialized
2025-10-10 14:18:23,627 [INFO] DbMcusAds:47 - JSON generation date=Tue Jul 08 15:14:23 ICT 2025 (1751962463524)
2025-10-10 14:18:23,627 [FATAL] Updater:294 - Updater called before beeing initialized
2025-10-10 14:18:24,579 [WARN] DetailPanel:314 - Failed to get advertising image, set to default
2025-10-10 14:18:24,596 [INFO] ThirdPartyUpdaterWithRetryManager:66 - Updater plugin not ready yet. [2/15]
2025-10-10 14:18:24,712 [FATAL] Updater:294 - Updater called before beeing initialized
2025-10-10 14:18:24,715 [FATAL] Updater:294 - Updater called before beeing initialized
2025-10-10 14:18:24,715 [FATAL] Updater:294 - Updater called before beeing initialized
2025-10-10 14:18:24,715 [WARN] DetailPanel:314 - Failed to get advertising image, set to default
2025-10-10 14:18:24,716 [FATAL] Updater:294 - Updater called before beeing initialized
2025-10-10 14:18:24,773 [ERROR] Updater:1075 - MainUpdater not yet initialized. External WinMGr cannot be set.
2025-10-10 14:18:24,804 [INFO] Updater:1012 - Updater Version found : 6.3.0
2025-10-10 14:18:24,831 [INFO] ApplicationProperties:181 - Using Application install path: /Applications/STM32CubeIDE.app/Contents/Eclipse/plugins/com.st.stm32cube.common.mx_6.3.0.202107141111
2025-10-10 14:18:25,327 [INFO] MainUpdater:2671 - connection check result : 10
2025-10-10 14:18:25,327 [INFO] MainUpdater:3359 - Updater definition file requires update
2025-10-10 14:18:25,328 [INFO] MainUpdater:265 - Updater Check For Update Now.
2025-10-10 14:18:25,328 [INFO] MicroXplorer:478 - Change Database Version : DB.6.0.30
2025-10-10 14:18:25,680 [INFO] ServerAccessManage:362 - Download File updaters.zip
2025-10-10 14:18:25,889 [INFO] FileExtend:235 - Unzip File : updaters.zip
2025-10-10 14:18:25,889 [INFO] FileExtend:250 - Standard Zip Deflate
2025-10-10 14:18:26,592 [INFO] ServerAccessManage:362 - Download File PacksControlFlags.xml
2025-10-10 14:18:26,967 [INFO] ServerAccessManage:362 - Download File cubemx.pidx
2025-10-10 14:18:27,601 [WARN] MainUpdater:1122 - Updater busy. Cannot search thirdparties
2025-10-10 14:18:27,601 [INFO] ThirdPartyUpdaterWithRetryManager:92 - Updater plugin is busy. [1/15]
2025-10-10 14:18:27,936 [INFO] ServerAccessManage:362 - Download File STMicroelectronics.X-CUBE-FREERTOS.pdsc
2025-10-10 14:18:30,607 [WARN] MainUpdater:1122 - Updater busy. Cannot search thirdparties
2025-10-10 14:18:30,608 [INFO] ThirdPartyUpdaterWithRetryManager:92 - Updater plugin is busy. [2/15]
2025-10-10 14:18:30,855 [INFO] ServerAccessManage:362 - Download File STMicroelectronics.X-CUBE-IPS.pdsc
2025-10-10 14:18:32,736 [INFO] ServerAccessManage:362 - Download File STMicroelectronics.X-CUBE-TOUCHGFX.pdsc
2025-10-10 14:18:33,613 [WARN] MainUpdater:1122 - Updater busy. Cannot search thirdparties
2025-10-10 14:18:33,613 [INFO] ThirdPartyUpdaterWithRetryManager:92 - Updater plugin is busy. [3/15]
2025-10-10 14:18:35,436 [INFO] MainUpdater:2671 - connection check result : 10
2025-10-10 14:18:36,618 [WARN] MainUpdater:1122 - Updater busy. Cannot search thirdparties
2025-10-10 14:18:36,618 [INFO] ThirdPartyUpdaterWithRetryManager:92 - Updater plugin is busy. [4/15]
2025-10-10 14:18:39,622 [WARN] MainUpdater:1122 - Updater busy. Cannot search thirdparties
2025-10-10 14:18:39,622 [INFO] ThirdPartyUpdaterWithRetryManager:92 - Updater plugin is busy. [5/15]
2025-10-10 14:18:42,627 [WARN] MainUpdater:1122 - Updater busy. Cannot search thirdparties
2025-10-10 14:18:42,633 [INFO] ThirdPartyUpdaterWithRetryManager:92 - Updater plugin is busy. [6/15]
2025-10-10 14:18:42,925 [INFO] ServerAccessManage:362 - Download File WES.I-CUBE-Cesium.pdsc
2025-10-10 14:18:45,634 [WARN] MainUpdater:1122 - Updater busy. Cannot search thirdparties
2025-10-10 14:18:45,634 [INFO] ThirdPartyUpdaterWithRetryManager:92 - Updater plugin is busy. [7/15]
2025-10-10 14:18:45,947 [INFO] McuFinderGlobals:52 - Set McuFinderConnectedMode to false
2025-10-10 14:18:46,030 [INFO] CrossSelectorPresenter:1330 - Cross Selector saved comparison directory: /Users/admin/.stmcufinder/plugins/mcufinder/mcu/cs_comparisons_mx
2025-10-10 14:18:46,037 [INFO] MultiScanPanel:197 - Auto-refresh data requested => check proxy status ongoing
2025-10-10 14:18:46,037 [INFO] MultiScanPanel:201 - Proxy status is invalid
2025-10-10 14:18:46,042 [INFO] FinderPluginLoader:87 - Searching for filters in installed packs
2025-10-10 14:18:46,044 [INFO] DbMcusXml:100 - Load MCU database from /Applications/STM32CubeIDE.app/Contents/Eclipse/plugins/com.st.stm32cube.common.mx_6.3.0.202107141111//db//mcu/families.xml
2025-10-10 14:18:47,020 [ERROR] ServerAccessManage:974 - Problem, file not found on Server
2025-10-10 14:18:47,269 [INFO] DbMcusJson:93 - JSON generation date=Tue Nov 16 23:17:54 ICT 2021 (1637079474)
2025-10-10 14:18:48,096 [ERROR] ServerAccessManage:974 - Problem, file not found on Server
2025-10-10 14:18:48,214 [WARN] PopulateThirdPartyThread:100 - Error when creating pack: /Users/admin/.stm32cubemx/thirdparties/pdsc/STMicroelectronics.X-CUBE-FREERTOS.pdsc
2025-10-10 14:18:48,221 [WARN] PopulateThirdPartyThread:100 - Error when creating pack: /Users/admin/.stm32cubemx/thirdparties/pdsc/STMicroelectronics.X-CUBE-IPS.pdsc
2025-10-10 14:18:48,258 [WARN] PackLoader:238 - Cannot read IP mode file for STMicroelectronics.X-CUBE-TOUCHGFX.4.26.0
2025-10-10 14:18:48,266 [WARN] PopulateThirdPartyThread:100 - Error when creating pack: /Users/admin/.stm32cubemx/thirdparties/pdsc/WES.I-CUBE-Cesium.pdsc
2025-10-10 14:18:48,266 [INFO] PopulateThirdPartyThread:60 - Ending populate Thread
2025-10-10 14:18:48,268 [INFO] ThirdParty:967 - CMSIS Pack Vendor :STMicroelectronics X-CUBE-TOUCHGFX 4.26.0
2025-10-10 14:18:48,268 [INFO] LoadServerUpdatesThread:339 - End of LoadServerUpdate Thread
2025-10-10 14:18:48,404 [INFO] CheckServerUpdateThread:112 - End of CheckServer Thread
2025-10-10 14:18:48,511 [INFO] DbMcus:175 - Found 1951 MCUs (1903 are supported by CubeMX, 1914 are visible in CubeMX)
2025-10-10 14:18:48,512 [INFO] ApiDb:251 - Load user favorites file /Users/admin/.stm32cubeide/favorites.mcus.txt: 0 item(s)
2025-10-10 14:18:48,512 [INFO] ApiDb:255 - User favorites MCUs=[]
2025-10-10 14:18:48,512 [INFO] DbMcus:187 - Set 0 / 0 favorites MCUs
2025-10-10 14:18:48,870 [ERROR] Engine:463 - /Users/admin/.stm32cubemx/thirdparties/pdsc/STMicroelectronics.FP-SNS-MOTENVWB1.1.4.0.pdsc: PDSC version is not supported
2025-10-10 14:18:48,876 [WARN] PackLoader:238 - Cannot read IP mode file for STMicroelectronics.FP-ATR-ASTRA1.2.0.2
2025-10-10 14:18:48,880 [ERROR] Engine:463 - /Users/admin/.stm32cubemx/thirdparties/pdsc/STMicroelectronics.X-CUBE-SMBUS.2.1.0.pdsc: PDSC version is not supported
2025-10-10 14:18:48,881 [ERROR] Engine:463 - /Users/admin/.stm32cubemx/thirdparties/pdsc/STMicroelectronics.X-CUBE-ST60.1.0.0.pdsc: PDSC version is not supported
2025-10-10 14:18:48,911 [WARN] PackLoader:238 - Cannot read IP mode file for STMicroelectronics.X-CUBE-AZRTOS-F7.1.1.0
2025-10-10 14:18:48,920 [ERROR] Engine:463 - /Users/admin/.stm32cubemx/thirdparties/pdsc/Cesanta.I-CUBE-Mongoose.7.19.0.pdsc: PDSC version is not supported
2025-10-10 14:18:48,923 [ERROR] Engine:463 - /Users/admin/.stm32cubemx/thirdparties/pdsc/WES.I-CUBE-Cesium.1.4.0.pdsc: PDSC version is not supported
2025-10-10 14:18:48,929 [ERROR] Engine:463 - /Users/admin/.stm32cubemx/thirdparties/pdsc/Infineon.AIROC-Wi-Fi-Bluetooth-STM32.1.7.1.pdsc: PDSC version is not supported
2025-10-10 14:18:48,962 [WARN] PackLoader:238 - Cannot read IP mode file for STMicroelectronics.X-CUBE-AZRTOS-H7.3.4.0
2025-10-10 14:18:48,972 [ERROR] Engine:463 - /Users/admin/.stm32cubemx/thirdparties/pdsc/STMicroelectronics.X-CUBE-DISPLAY.3.0.0.pdsc: PDSC version is not supported
2025-10-10 14:18:48,980 [WARN] PackLoader:238 - Cannot read IP mode file for STMicroelectronics.X-CUBE-NFC10.1.0.0
2025-10-10 14:18:48,986 [ERROR] Engine:463 - /Users/admin/.stm32cubemx/thirdparties/pdsc/emotas.I-CUBE-CANOPEN.1.3.0.pdsc: PDSC version is not supported
2025-10-10 14:18:48,989 [ERROR] Engine:463 - /Users/admin/.stm32cubemx/thirdparties/pdsc/STMicroelectronics.FP-SNS-STBOX1.2.1.0.pdsc: PDSC version is not supported
2025-10-10 14:18:48,992 [ERROR] Engine:463 - /Users/admin/.stm32cubemx/thirdparties/pdsc/STMicroelectronics.FP-SNS-SMARTAG2.1.2.0.pdsc: PDSC version is not supported
2025-10-10 14:18:48,994 [ERROR] Engine:463 - /Users/admin/.stm32cubemx/thirdparties/pdsc/STMicroelectronics.FP-SNS-FLIGHT1.5.1.0.pdsc: PDSC version is not supported
2025-10-10 14:18:49,019 [INFO] LogOutputStream:76 - [STDOUT_REDIRECT] 1 : Invalid condition id : UX_CORESTACK_Condition cause : null
2025-10-10 14:18:49,020 [INFO] LogOutputStream:76 - [STDOUT_REDIRECT] 1 : Invalid condition id : UX_CORESTACK_Condition cause : null
2025-10-10 14:18:49,020 [INFO] LogOutputStream:76 - [STDOUT_REDIRECT] 1 : Invalid condition id : UX_CORESTACK_Condition cause : null
2025-10-10 14:18:49,020 [INFO] LogOutputStream:76 - [STDOUT_REDIRECT] 1 : Invalid condition id : UX_CORESTACK_Condition cause : null
2025-10-10 14:18:49,021 [INFO] LogOutputStream:76 - [STDOUT_REDIRECT] 1 : Invalid condition id : UX_CORESTACK_Condition cause : null
2025-10-10 14:18:49,029 [WARN] PackLoader:238 - Cannot read IP mode file for STMicroelectronics.X-CUBE-AZRTOS-WL.2.0.0
2025-10-10 14:18:49,035 [ERROR] Engine:463 - /Users/admin/.stm32cubemx/thirdparties/pdsc/STMicroelectronics.FP-SNS-MOTENV1.5.0.0.pdsc: PDSC version is not supported
2025-10-10 14:18:49,042 [WARN] PackLoader:238 - Cannot read IP mode file for STMicroelectronics.X-CUBE-BLE2.3.3.0
2025-10-10 14:18:49,054 [WARN] PackLoader:238 - Cannot read IP mode file for STMicroelectronics.X-CUBE-NFC9.1.0.0
2025-10-10 14:18:49,064 [WARN] PackLoader:238 - Cannot read IP mode file for wolfSSL.I-CUBE-wolfSSL.5.8.2
2025-10-10 14:18:49,071 [WARN] PackLoader:238 - Cannot read IP mode file for STMicroelectronics.X-CUBE-BLE1.7.1.0
2025-10-10 14:18:49,076 [WARN] PackLoader:238 - Cannot read IP mode file for wolfSSL.I-CUBE-wolfMQTT.1.19.2
2025-10-10 14:18:49,086 [WARN] PackLoader:238 - Cannot read IP mode file for STMicroelectronics.X-CUBE-EEPRMA1.5.2.0
2025-10-10 14:18:49,118 [WARN] PackLoader:238 - Cannot read IP mode file for STMicroelectronics.X-CUBE-AZRTOS-G0.1.1.0
2025-10-10 14:18:49,133 [WARN] PackLoader:238 - Cannot read IP mode file for STMicroelectronics.X-CUBE-SAFEA1.1.2.2
2025-10-10 14:18:49,142 [WARN] PackLoader:238 - Cannot read IP mode file for STMicroelectronics.X-CUBE-NFC4.3.0.0
2025-10-10 14:18:49,149 [ERROR] Engine:463 - /Users/admin/.stm32cubemx/thirdparties/pdsc/EmbeddedOffice.I-CUBE-FS-RTOS.1.0.1.pdsc: PDSC version is not supported
2025-10-10 14:18:49,155 [WARN] PackLoader:238 - Cannot read IP mode file for STMicroelectronics.X-CUBE-WB05N.2.0.0
2025-10-10 14:18:49,160 [WARN] PackLoader:238 - Cannot read IP mode file for wolfSSL.I-CUBE-wolfTPM.3.8.0
2025-10-10 14:18:49,164 [ERROR] Engine:463 - /Users/admin/.stm32cubemx/thirdparties/pdsc/STMicroelectronics.X-CUBE-TCPP.4.2.0.pdsc: PDSC version is not supported
2025-10-10 14:18:49,165 [ERROR] Engine:463 - /Users/admin/.stm32cubemx/thirdparties/pdsc/RealThread.X-CUBE-RT-Thread_Nano.4.1.1.pdsc: PDSC version is not supported
2025-10-10 14:18:49,169 [WARN] PackLoader:238 - Cannot read IP mode file for STMicroelectronics.FP-ATR-SIGFOX1.3.2.0
2025-10-10 14:18:49,174 [ERROR] Engine:463 - /Users/admin/.stm32cubemx/thirdparties/pdsc/ITTIA_DB.I-CUBE-ITTIADB.8.9.0.pdsc: PDSC version is not supported
2025-10-10 14:18:49,176 [ERROR] Engine:463 - /Users/admin/.stm32cubemx/thirdparties/pdsc/STMicroelectronics.X-CUBE-ST67W61.1.0.0.pdsc: PDSC version is not supported
2025-10-10 14:18:49,180 [WARN] PackLoader:238 - Cannot read IP mode file for STMicroelectronics.X-CUBE-AI.10.2.0
2025-10-10 14:18:49,278 [WARN] PackLoader:238 - Cannot read IP mode file for SEGGER.I-CUBE-embOS.1.3.1
2025-10-10 14:18:49,360 [WARN] PackLoader:238 - Cannot read IP mode file for STMicroelectronics.X-CUBE-ALGOBUILD.1.4.0
2025-10-10 14:18:49,447 [WARN] PackLoader:238 - Cannot read IP mode file for STMicroelectronics.X-CUBE-MEMS1.11.3.0
2025-10-10 14:18:49,551 [INFO] DetailPanel:309 - Set advertising image to /Users/admin/STM32Cube/Repository//en.2400x1350px.jpeg
2025-10-10 14:18:49,878 [WARN] PackLoader:238 - Cannot read IP mode file for STMicroelectronics.X-CUBE-PM33A1.1.0.0
2025-10-10 14:18:49,903 [WARN] PackLoader:238 - Cannot read IP mode file for STMicroelectronics.X-CUBE-AZRTOS-F4.1.1.0
2025-10-10 14:18:49,913 [WARN] PackLoader:238 - Cannot read IP mode file for STMicroelectronics.X-CUBE-ISPU.2.1.0
2025-10-10 14:18:49,921 [ERROR] Engine:463 - /Users/admin/.stm32cubemx/thirdparties/pdsc/STMicroelectronics.X-CUBE-IPS.3.2.0.pdsc: PDSC version is not supported
2025-10-10 14:18:49,928 [WARN] PackLoader:238 - Cannot read IP mode file for STMicroelectronics.X-CUBE-NFC12.1.0.0
2025-10-10 14:18:49,964 [WARN] PackLoader:238 - Cannot read IP mode file for STMicroelectronics.X-CUBE-AZRTOS-L5.2.0.0
2025-10-10 14:18:49,992 [WARN] PackLoader:238 - Cannot read IP mode file for STMicroelectronics.X-CUBE-NFC6.3.1.0
2025-10-10 14:18:50,001 [ERROR] Engine:463 - /Users/admin/.stm32cubemx/thirdparties/pdsc/STMicroelectronics.X-CUBE-FREERTOS.1.3.1.pdsc: PDSC version is not supported
2025-10-10 14:18:50,004 [WARN] PackLoader:238 - Cannot read IP mode file for STMicroelectronics.X-CUBE-TOUCHGFX.4.26.0
2025-10-10 14:18:50,010 [ERROR] Engine:463 - /Users/admin/.stm32cubemx/thirdparties/pdsc/STMicroelectronics.FP-SNS-STAIOTCFT.1.0.0.pdsc: PDSC version is not supported
2025-10-10 14:18:50,015 [ERROR] Engine:463 - /Users/admin/.stm32cubemx/thirdparties/pdsc/STMicroelectronics.X-CUBE-DPower.1.3.0.pdsc: PDSC version is not supported
2025-10-10 14:18:50,041 [WARN] ConditionMgr:437 - getConditionDescription Invalid condition id : LAN8742 Phy interface Condition cause : null
2025-10-10 14:18:50,042 [WARN] PackLoader:238 - Cannot read IP mode file for STMicroelectronics.X-CUBE-AZRTOS-L4.2.0.0
2025-10-10 14:18:50,043 [WARN] ConditionMgr:1038 - genDependencies : Invalid condition id : LAN8742 Phy interface Condition cause : null
2025-10-10 14:18:50,044 [WARN] ConditionMgr:1038 - genDependencies : Invalid condition id : LAN8742 Phy interface Condition cause : null
2025-10-10 14:18:50,044 [WARN] ConditionMgr:1038 - genDependencies : Invalid condition id : LAN8742 Phy interface Condition cause : null
2025-10-10 14:18:50,055 [WARN] PackLoader:238 - Cannot read IP mode file for STMicroelectronics.X-CUBE-SFXS2LP1.4.0.0
2025-10-10 14:18:50,061 [ERROR] Engine:463 - /Users/admin/.stm32cubemx/thirdparties/pdsc/STMicroelectronics.X-CUBE-BLEMGR.4.1.0.pdsc: PDSC version is not supported
2025-10-10 14:18:50,081 [WARN] ConditionMgr:437 - getConditionDescription Invalid condition id : UX DEVICE CLASS RTOS Condition cause : null
2025-10-10 14:18:50,082 [WARN] ConditionMgr:437 - getConditionDescription Invalid condition id : UX DEVICE CLASS RTOS Condition cause : null
2025-10-10 14:18:50,090 [WARN] PackLoader:238 - Cannot read IP mode file for STMicroelectronics.X-CUBE-AZRTOS-WB.2.0.0
2025-10-10 14:18:50,098 [WARN] ConditionMgr:1038 - genDependencies : Invalid condition id : UX DEVICE CLASS RTOS Condition cause : null
2025-10-10 14:18:50,098 [WARN] ConditionMgr:1038 - genDependencies : Invalid condition id : UX DEVICE CLASS RTOS Condition cause : null
2025-10-10 14:18:50,099 [WARN] ConditionMgr:1038 - genDependencies : Invalid condition id : UX DEVICE CLASS RTOS Condition cause : null
2025-10-10 14:18:50,101 [WARN] ConditionMgr:1038 - genDependencies : Invalid condition id : UX DEVICE CLASS RTOS Condition cause : null
2025-10-10 14:18:50,102 [WARN] ConditionMgr:1038 - genDependencies : Invalid condition id : UX DEVICE CLASS RTOS Condition cause : null
2025-10-10 14:18:50,115 [WARN] PackLoader:238 - Cannot read IP mode file for STMicroelectronics.X-CUBE-GNSS1.7.0.1
2025-10-10 14:18:50,122 [WARN] PackLoader:238 - Cannot read IP mode file for STMicroelectronics.X-CUBE-TOUCHGFX.4.25.0
2025-10-10 14:18:50,124 [ERROR] Engine:463 - /Users/admin/.stm32cubemx/thirdparties/pdsc/quantropi.X-CUBE-qispace-sdk-base.2.1.0.pdsc: PDSC version is not supported
2025-10-10 14:18:50,146 [WARN] PackLoader:238 - Cannot read IP mode file for STMicroelectronics.X-CUBE-SUBG2.5.0.0
2025-10-10 14:18:50,361 [WARN] PackLoader:238 - Cannot read IP mode file for STMicroelectronics.X-CUBE-AZRTOS-H7RS.1.1.0
2025-10-10 14:18:50,414 [WARN] PackLoader:238 - Cannot read IP mode file for STMicroelectronics.X-CUBE-AZRTOS-G4.2.0.0
2025-10-10 14:18:50,430 [WARN] PackLoader:238 - Cannot read IP mode file for wolfSSL.I-CUBE-wolfSSH.1.4.20
2025-10-10 14:18:50,437 [WARN] PackLoader:238 - Cannot read IP mode file for STMicroelectronics.X-CUBE-NFC7.2.0.0
2025-10-10 14:18:50,447 [ERROR] Engine:463 - /Users/admin/.stm32cubemx/thirdparties/pdsc/STMicroelectronics.X-CUBE-IPS.3.1.0.pdsc: PDSC version is not supported
2025-10-10 14:18:50,450 [ERROR] Engine:463 - /Users/admin/.stm32cubemx/thirdparties/pdsc/STMicroelectronics.X-CUBE-ALS.1.0.2.pdsc: PDSC version is not supported
2025-10-10 14:18:50,462 [WARN] PackLoader:238 - Cannot read IP mode file for STMicroelectronics.X-CUBE-STSE01.1.0.0
2025-10-10 14:18:50,493 [ERROR] Engine:463 - /Users/admin/.stm32cubemx/thirdparties/pdsc/STMicroelectronics.X-CUBE-TOF1.3.4.3.pdsc: PDSC version is not supported
2025-10-10 14:18:50,493 [INFO] ThirdParty:915 - Integrity check success = true
2025-10-10 14:18:50,494 [INFO] IntegrityCheckThread:94 - exiting critical section [integrity check]
2025-10-10 14:18:50,494 [INFO] IntegrityCheckThread:97 - End integrity checks thread
2025-10-10 14:18:50,985 [INFO] DbBoardsPdsc:90 - Found 9 items
2025-10-10 14:18:50,988 [INFO] DbBoardsPdsc:90 - Found 5 items
2025-10-10 14:18:50,992 [INFO] DbBoardsPdsc:90 - Found 2 items
2025-10-10 14:18:51,003 [INFO] DbBoardsPdsc:90 - Found 48 items
2025-10-10 14:18:51,017 [INFO] DbBoardsPdsc:90 - Found 25 items
2025-10-10 14:18:51,020 [INFO] DbBoardsPdsc:90 - Found 1 items
2025-10-10 14:18:51,039 [INFO] DbBoardsPdsc:90 - Found 43 items
2025-10-10 14:18:51,054 [INFO] DbBoardsPdsc:90 - Found 33 items
2025-10-10 14:18:51,060 [WARN] DbBoardsPdsc:254 - Board STM32H7B3I-DK: unknown feature type=Audio, name=, username=Audio stereo codec with Headphone Amp (CS42L51-CNZ), n=1
2025-10-10 14:18:51,061 [WARN] DbBoardsPdsc:254 - Board STM32H735G-DK: unknown feature type=Audio, name=, username=Audio stereo codec with Headphone Amp (WM8994ECS/R), n=1
2025-10-10 14:18:51,064 [WARN] DbBoardsPdsc:254 - Board STM32H7B3I-EVAL: unknown feature type=Audio, name=, username=Multi-Channel Audio Codec (CS42L51-CNZ), n=1
2025-10-10 14:18:51,064 [WARN] DbBoardsPdsc:254 - Board STM32H7B3I-EVAL: unknown feature type=Meter, name=, username=Power-metering and Temperature-monitoring with sigma-delta modulators, n=1
2025-10-10 14:18:51,064 [WARN] DbBoardsPdsc:254 - Board STM32H7B3I-EVAL: unknown feature type=Motor, name=, username=Motor Control, n=1
2025-10-10 14:18:51,065 [WARN] DbBoardsPdsc:254 - Board STM32U575I-EV: unknown feature type=joystick, name=, username=4-direction joystick with selection button, n=1
2025-10-10 14:18:51,136 [INFO] DbBoardsJson:86 - JSON generation date=Tue Nov 16 23:17:54 ICT 2021 (1637079474)
2025-10-10 14:18:51,145 [INFO] DbBoards:117 - Found 167 boards (163 are supported by CubeMX)
2025-10-10 14:18:51,149 [INFO] DbBoardsDocs:143 - JSON generation date=Tue Nov 16 23:17:54 ICT 2021 (1637079474)
2025-10-10 14:18:51,155 [INFO] DbBoardsDocs:79 - Found 209 boards documents
2025-10-10 14:18:51,156 [WARN] DbBoards:127 - board B-L475E-IOT01A2 has no document id list !
2025-10-10 14:18:51,157 [WARN] DbBoards:127 - board NUCLEO-H743ZI has no document id list !
2025-10-10 14:18:51,158 [WARN] DbBoards:127 - board NUCLEO-WL55JC2 has no document id list !
2025-10-10 14:18:51,159 [WARN] DbBoards:127 - board P-NUCLEO-WB55-Nucleo has no document id list !
2025-10-10 14:18:51,159 [WARN] DbBoards:127 - board P-NUCLEO-WB55-USBDongle has no document id list !
2025-10-10 14:18:51,159 [WARN] DbBoards:127 - board STEVAL-BFA001V1B has no document id list !
2025-10-10 14:18:51,159 [WARN] DbBoards:127 - board STEVAL-BFA001V2B has no document id list !
2025-10-10 14:18:51,159 [WARN] DbBoards:127 - board STEVAL-IDP005V1 has no document id list !
2025-10-10 14:18:51,159 [WARN] DbBoards:127 - board STEVAL-IDP005V2 has no document id list !
2025-10-10 14:18:51,159 [WARN] DbBoards:127 - board STEVAL-MKSBOX1V1 has no document id list !
2025-10-10 14:18:51,159 [WARN] DbBoards:127 - board STEVAL-STWINKT1 has no document id list !
2025-10-10 14:18:51,159 [WARN] DbBoards:127 - board STEVAL-STWINKT1B has no document id list !
2025-10-10 14:18:51,159 [WARN] DbBoards:127 - board STM32439I-EVAL2 has no document id list !
2025-10-10 14:18:51,160 [WARN] DbBoards:127 - board STM32F401C-DISCO has no document id list !
2025-10-10 14:18:51,161 [WARN] DbBoards:127 - board STM32F769I-DISC1 has no document id list !
2025-10-10 14:18:51,161 [WARN] DbBoards:127 - board STM32G474E-EVAL1 has no document id list !
2025-10-10 14:18:51,161 [WARN] DbBoards:127 - board STM32H743I-EVAL2 has no document id list !
2025-10-10 14:18:51,162 [WARN] DbBoards:127 - board STM32H747I-DISC1 has no document id list !
2025-10-10 14:18:51,162 [WARN] DbBoards:127 - board STM32H753I-EVAL2 has no document id list !
2025-10-10 14:18:51,162 [WARN] DbBoards:127 - board STM32L-DISCOVERY has no document id list !
2025-10-10 14:18:51,401 [ERROR] DbBoards:189 - Image file not found for board B-U585I-IOT02A: /Applications/STM32CubeIDE.app/Contents/Eclipse/plugins/com.st.stm32cube.common.mx_6.3.0.202107141111//db//plugins/mcufinder/images/boards/B-U585I-IOT02A_small.jpg
2025-10-10 14:18:51,593 [ERROR] DbBoards:189 - Image file not found for board NUCLEO-F413ZH: /Applications/STM32CubeIDE.app/Contents/Eclipse/plugins/com.st.stm32cube.common.mx_6.3.0.202107141111//db//plugins/mcufinder/images/boards/nucleo-f413zh_small.jpg
2025-10-10 14:18:51,980 [ERROR] DbBoards:189 - Image file not found for board NUCLEO-L552ZE-Q: /Applications/STM32CubeIDE.app/Contents/Eclipse/plugins/com.st.stm32cube.common.mx_6.3.0.202107141111//db//plugins/mcufinder/images/boards/nucleo_l552ze_q_small.jpg
2025-10-10 14:18:51,980 [ERROR] DbBoards:189 - Image file not found for board NUCLEO-U575ZI-Q: /Applications/STM32CubeIDE.app/Contents/Eclipse/plugins/com.st.stm32cube.common.mx_6.3.0.202107141111//db//plugins/mcufinder/images/boards/nucleo-u575zi-q_small.jpg
2025-10-10 14:18:51,980 [ERROR] DbBoards:189 - Image file not found for board NUCLEO-WB15CC: /Applications/STM32CubeIDE.app/Contents/Eclipse/plugins/com.st.stm32cube.common.mx_6.3.0.202107141111//db//plugins/mcufinder/images/boards/nucleo-wb15cc_small.jpg
2025-10-10 14:18:51,980 [ERROR] DbBoards:189 - Image file not found for board NUCLEO-WB55RG: /Applications/STM32CubeIDE.app/Contents/Eclipse/plugins/com.st.stm32cube.common.mx_6.3.0.202107141111//db//plugins/mcufinder/images/boards/nucleo-wb55rg_small.jpg
2025-10-10 14:18:54,060 [INFO] ApiDb:251 - Load user favorites file /Users/admin/.stm32cubeide/favorites.boards.txt: 0 item(s)
2025-10-10 14:18:54,060 [INFO] ApiDb:255 - User favorites Boards=[]
2025-10-10 14:18:54,061 [INFO] DbBoards:206 - Set 0 / 0 favorites Boards
2025-10-12 21:08:47,407 [INFO] DbMcusDocs:143 - JSON generation date=Tue Nov 16 23:17:54 ICT 2021 (1637079474)
2025-10-12 21:08:47,660 [INFO] DbMcusDocs:79 - Found 682 MCUs documents
2025-10-12 21:09:04,810 [INFO] MainUpdater:2671 - connection check result : 10
2025-10-12 21:09:04,811 [INFO] MainUpdater:2671 - connection check result : 10
2025-10-12 21:09:05,233 [INFO] MicroXplorer:448 - Change Database Path : 
2025-10-12 21:09:05,233 [INFO] MicroXplorer:478 - Change Database Version : DB.6.0.30
2025-10-12 21:09:05,234 [WARN] ThirdParty:813 - waiting for thirdparty lock release [close project]
2025-10-12 21:09:05,234 [INFO] ThirdParty:815 - entering critical section [close project]
2025-10-12 21:09:05,237 [INFO] ThirdParty:825 - exiting critical section [close project]
2025-10-12 21:09:05,242 [INFO] PinOutPanel:1463 - setPackage(No Configuration,No Configuration)
2025-10-12 21:09:05,243 [INFO] UtilMem:74 - Begin LoadConfig() Used Memory: 682082816 Bytes (795869184)
2025-10-12 21:09:05,245 [INFO] MicroXplorer:448 - Change Database Path : 
2025-10-12 21:09:05,245 [INFO] MicroXplorer:478 - Change Database Version : DB.6.0.30
2025-10-12 21:09:05,245 [INFO] OpenFileManager:313 - Change cursor
2025-10-12 21:09:06,131 [INFO] Context:592 - Trying to add GPIOservice into a context  which must be forbidden
2025-10-12 21:09:06,401 [INFO] ImportTextPane:167 - (OptionalMessage_ERROR) Unable to find key (Mcu.ThirdPartyNb) in loaded IOC file
2025-10-12 21:09:06,401 [INFO] ImportTextPane:167 - (OptionalMessage_ERROR) Unable to find key (Mcu.PinsNb) in loaded IOC file
2025-10-12 21:09:06,401 [INFO] ImportTextPane:167 - (OptionalMessage_ERROR) Unable to find key (Mcu.IPNb) in loaded IOC file
2025-10-12 21:09:06,459 [WARN] ApiManager:304 - Cannot register API 'Board Extension:PM33A1' from pack STMicroelectronics.X-CUBE-PM33A1.1.0.0: no header file found
2025-10-12 21:09:06,464 [WARN] ApiManager:304 - Cannot register API 'Board Extension:NFC09A1' from pack STMicroelectronics.X-CUBE-NFC9.1.0.0: no header file found
2025-10-12 21:09:06,471 [WARN] ApiManager:304 - Cannot register API 'Wireless:BlueNRG-MS' from pack STMicroelectronics.X-CUBE-BLE1.7.1.0: no header file found
2025-10-12 21:09:06,474 [WARN] ApiManager:304 - Cannot register API 'Board Extension:EEPRMA2' from pack STMicroelectronics.X-CUBE-EEPRMA1.5.2.0: no header file found
2025-10-12 21:09:06,474 [WARN] ApiManager:304 - Cannot register API 'Board Extension:PGEEZ1' from pack STMicroelectronics.X-CUBE-EEPRMA1.5.2.0: no header file found
2025-10-12 21:09:06,475 [WARN] ApiManager:304 - Cannot register API 'Board Extension:EEICA1' from pack STMicroelectronics.X-CUBE-EEPRMA1.5.2.0: no header file found
2025-10-12 21:09:06,475 [WARN] ApiManager:304 - Cannot register API 'Board Part:M24' from pack STMicroelectronics.X-CUBE-EEPRMA1.5.2.0: no header file found
2025-10-12 21:09:06,475 [WARN] ApiManager:304 - Cannot register API 'Board Part:M95' from pack STMicroelectronics.X-CUBE-EEPRMA1.5.2.0: no header file found
2025-10-12 21:09:06,475 [WARN] ApiManager:304 - Cannot register API 'Board Part:M95P32' from pack STMicroelectronics.X-CUBE-EEPRMA1.5.2.0: no header file found
2025-10-12 21:09:06,475 [WARN] ApiManager:304 - Cannot register API 'Board Part:M24256E-F' from pack STMicroelectronics.X-CUBE-EEPRMA1.5.2.0: no header file found
2025-10-12 21:09:06,475 [WARN] ApiManager:304 - Cannot register API 'Board Part:M24M01E-F' from pack STMicroelectronics.X-CUBE-EEPRMA1.5.2.0: no header file found
2025-10-12 21:09:06,476 [WARN] ApiManager:304 - Cannot register API 'PGEEZ1:SPI' from pack STMicroelectronics.X-CUBE-EEPRMA1.5.2.0: no header file found
2025-10-12 21:09:06,476 [WARN] ApiManager:304 - Cannot register API 'PGEEZ1:QDSPI' from pack STMicroelectronics.X-CUBE-EEPRMA1.5.2.0: no header file found
2025-10-12 21:09:06,479 [WARN] ApiManager:304 - Cannot register API 'Board Extension:GNSS1A1' from pack STMicroelectronics.X-CUBE-GNSS1.7.0.1: no header file found
2025-10-12 21:09:06,479 [WARN] ApiManager:304 - Cannot register API 'Board Support:Custom' from pack STMicroelectronics.X-CUBE-GNSS1.7.0.1: no header file found
2025-10-12 21:09:06,479 [WARN] ApiManager:304 - Cannot register API 'Data Exchange:lib_gnss' from pack STMicroelectronics.X-CUBE-GNSS1.7.0.1: no header file found
2025-10-12 21:09:06,480 [WARN] ApiManager:304 - Cannot register API 'Board Extension:NFC12A1' from pack STMicroelectronics.X-CUBE-NFC12.1.0.0: no header file found
2025-10-12 21:09:06,490 [WARN] ApiManager:304 - Cannot register API 'Board Extension:NFC06A1' from pack STMicroelectronics.X-CUBE-NFC6.3.1.0: no header file found
2025-10-12 21:09:06,490 [WARN] ApiManager:304 - Cannot register API 'Board Extension:NFC08A1' from pack STMicroelectronics.X-CUBE-NFC6.3.1.0: no header file found
2025-10-12 21:09:06,492 [INFO] RtosManager:484 - Registered RTOS mode: class=CMSIS, group=RTOS, mode=CMSIS_V1, owner=FREERTOS
2025-10-12 21:09:06,492 [INFO] RtosManager:484 - Registered RTOS mode: class=CMSIS, group=RTOS2, mode=CMSIS_V2, owner=FREERTOS
2025-10-12 21:09:06,492 [INFO] RtosManager:484 - Registered RTOS mode: class=RTOS, group=Core, mode=CMSIS_V1, owner=FREERTOS
2025-10-12 21:09:06,492 [INFO] RtosManager:484 - Registered RTOS mode: class=RTOS, group=Core, mode=CMSIS_V2, owner=FREERTOS
2025-10-12 21:09:06,493 [WARN] ModelIntegratedComponent:181 - Missing modes for component STMicroelectronics:FreeRTOS:0.0.1:STMicroelectronics:RTOS:FreeRTOS:Core:::10.2.0:
2025-10-12 21:09:06,495 [WARN] ApiManager:304 - Cannot register API 'Board Extension:STSAFEA1' from pack STMicroelectronics.X-CUBE-SAFEA1.1.2.2: no header file found
2025-10-12 21:09:06,495 [WARN] ApiManager:304 - Cannot register API 'Board Part:STSAFEA110' from pack STMicroelectronics.X-CUBE-SAFEA1.1.2.2: no header file found
2025-10-12 21:09:06,495 [WARN] ApiManager:304 - Cannot register API 'Security:ST_Cryptolib' from pack STMicroelectronics.X-CUBE-SAFEA1.1.2.2: no header file found
2025-10-12 21:09:06,495 [WARN] ApiManager:304 - Cannot register API 'Security:MbedTLS' from pack STMicroelectronics.X-CUBE-SAFEA1.1.2.2: no header file found
2025-10-12 21:09:06,497 [WARN] ApiManager:304 - Cannot register API 'Board Extension:NFC04A1' from pack STMicroelectronics.X-CUBE-NFC4.3.0.0: no header file found
2025-10-12 21:09:06,501 [WARN] ApiManager:304 - Cannot register API 'Board Extension:S2868A1' from pack STMicroelectronics.X-CUBE-SUBG2.5.0.0: no header file found
2025-10-12 21:09:06,502 [WARN] ApiManager:304 - Cannot register API 'Board Extension:S2868A2' from pack STMicroelectronics.X-CUBE-SUBG2.5.0.0: no header file found
2025-10-12 21:09:06,502 [WARN] ApiManager:304 - Cannot register API 'Board Extension:S2915A1' from pack STMicroelectronics.X-CUBE-SUBG2.5.0.0: no header file found
2025-10-12 21:09:06,508 [WARN] ApiManager:304 - Cannot register API 'Wireless:STM32WB05N' from pack STMicroelectronics.X-CUBE-WB05N.2.0.0: no header file found
2025-10-12 21:09:06,512 [WARN] ApiManager:304 - Cannot register API 'Board Extension:NFC07A1' from pack STMicroelectronics.X-CUBE-NFC7.2.0.0: no header file found
2025-10-12 21:09:06,513 [WARN] ApiManager:304 - Cannot register API 'Board Extension:NFC10A1' from pack STMicroelectronics.X-CUBE-NFC10.1.0.0: no header file found
2025-10-12 21:09:06,515 [WARN] ModelIntegratedComponent:60 - No mode defined for component null
2025-10-12 21:09:06,515 [WARN] ModelIntegratedComponent:60 - No mode defined for component null
2025-10-12 21:09:06,515 [WARN] ModelIntegratedComponent:60 - No mode defined for component null
2025-10-12 21:09:06,515 [WARN] ModelIntegratedComponent:60 - No mode defined for component null
2025-10-12 21:09:06,516 [WARN] ModelIntegratedComponent:60 - No mode defined for component null
2025-10-12 21:09:06,516 [WARN] ModelIntegratedComponent:60 - No mode defined for component null
2025-10-12 21:09:06,516 [WARN] ModelIntegratedComponent:60 - No mode defined for component null
2025-10-12 21:09:06,516 [WARN] ModelIntegratedComponent:60 - No mode defined for component null
2025-10-12 21:09:06,516 [WARN] ModelIntegratedComponent:60 - No mode defined for component null
2025-10-12 21:09:06,516 [WARN] ModelIntegratedComponent:60 - No mode defined for component null
2025-10-12 21:09:06,516 [WARN] ModelIntegratedComponent:60 - No mode defined for component null
2025-10-12 21:09:06,516 [WARN] ModelIntegratedComponent:60 - No mode defined for component null
2025-10-12 21:09:06,516 [WARN] ModelIntegratedComponent:60 - No mode defined for component null
2025-10-12 21:09:06,516 [WARN] ModelIntegratedComponent:60 - No mode defined for component null
2025-10-12 21:09:06,516 [WARN] ModelIntegratedComponent:60 - No mode defined for component null
2025-10-12 21:09:06,517 [WARN] ModelIntegratedComponent:60 - No mode defined for component null
2025-10-12 21:09:06,517 [WARN] ModelIntegratedComponent:60 - No mode defined for component null
2025-10-12 21:09:06,517 [WARN] ModelIntegratedComponent:60 - No mode defined for component null
2025-10-12 21:09:06,517 [WARN] ModelIntegratedComponent:60 - No mode defined for component null
2025-10-12 21:09:06,517 [WARN] ModelIntegratedComponent:60 - No mode defined for component null
2025-10-12 21:09:06,517 [WARN] ModelIntegratedComponent:60 - No mode defined for component null
2025-10-12 21:09:06,517 [WARN] ModelIntegratedComponent:60 - No mode defined for component null
2025-10-12 21:09:06,517 [WARN] ModelIntegratedComponent:60 - No mode defined for component null
2025-10-12 21:09:06,517 [WARN] ModelIntegratedComponent:60 - No mode defined for component null
2025-10-12 21:09:06,518 [WARN] ModelIntegratedComponent:60 - No mode defined for component null
2025-10-12 21:09:06,518 [WARN] ModelIntegratedComponent:60 - No mode defined for component null
2025-10-12 21:09:06,518 [WARN] ModelIntegratedComponent:60 - No mode defined for component null
2025-10-12 21:09:06,518 [WARN] ModelIntegratedComponent:60 - No mode defined for component null
2025-10-12 21:09:06,518 [WARN] ModelIntegratedComponent:60 - No mode defined for component null
2025-10-12 21:09:06,518 [WARN] ModelIntegratedComponent:60 - No mode defined for component null
2025-10-12 21:09:06,518 [WARN] ModelIntegratedComponent:60 - No mode defined for component null
2025-10-12 21:09:06,520 [WARN] ApiManager:304 - Cannot register API 'Board Extension:SAFEA1' from pack STMicroelectronics.X-CUBE-STSE01.1.0.0: no header file found
2025-10-12 21:09:06,521 [WARN] ApiManager:304 - Cannot register API 'Board Extension:ESE01A1' from pack STMicroelectronics.X-CUBE-STSE01.1.0.0: no header file found
2025-10-12 21:09:06,521 [WARN] ApiManager:304 - Cannot register API 'Board Part:STSAFEA110' from pack STMicroelectronics.X-CUBE-STSE01.1.0.0: no header file found
2025-10-12 21:09:06,521 [WARN] ApiManager:304 - Cannot register API 'Board Part:STSAFEA120' from pack STMicroelectronics.X-CUBE-STSE01.1.0.0: no header file found
2025-10-12 21:09:06,521 [WARN] ApiManager:304 - Cannot register API 'Security:STM32_Cryptographic' from pack STMicroelectronics.X-CUBE-STSE01.1.0.0: no header file found
2025-10-12 21:09:06,521 [WARN] ApiManager:304 - Cannot register API 'Security:STSELib' from pack STMicroelectronics.X-CUBE-STSE01.1.0.0: no header file found
2025-10-12 21:09:06,957 [WARN] ApiManager:304 - Cannot register API 'Board Extension:IKS01A3' from pack STMicroelectronics.X-CUBE-MEMS1.11.3.0: no header file found
2025-10-12 21:09:06,957 [WARN] ApiManager:304 - Cannot register API 'Board Extension:IKS02A1' from pack STMicroelectronics.X-CUBE-MEMS1.11.3.0: no header file found
2025-10-12 21:09:06,958 [WARN] ApiManager:304 - Cannot register API 'Board Extension:IKS4A1' from pack STMicroelectronics.X-CUBE-MEMS1.11.3.0: no header file found
2025-10-12 21:09:06,971 [WARN] ApiManager:304 - Cannot register API 'Board Extension:S2868A1' from pack STMicroelectronics.X-CUBE-SFXS2LP1.4.0.0: no header file found
2025-10-12 21:09:06,971 [WARN] ApiManager:304 - Cannot register API 'Board Extension:S2868A2' from pack STMicroelectronics.X-CUBE-SFXS2LP1.4.0.0: no header file found
2025-10-12 21:09:06,971 [WARN] ApiManager:304 - Cannot register API 'Board Extension:S2915A1' from pack STMicroelectronics.X-CUBE-SFXS2LP1.4.0.0: no header file found
2025-10-12 21:09:06,972 [WARN] ApiManager:304 - Cannot register API 'Wireless:BlueNRG-2' from pack STMicroelectronics.X-CUBE-BLE2.3.3.0: no header file found
2025-10-12 21:09:08,781 [INFO] UtilMem:74 - End LoadConfig() Used Memory: 613756352 Bytes (795869184)
2025-10-12 21:09:08,784 [WARN] ThirdParty:779 - waiting for thirdparty lock release [change project]
2025-10-12 21:09:08,785 [INFO] ThirdParty:781 - entering critical section [change project]
2025-10-12 21:09:08,785 [INFO] ThirdParty:967 - CMSIS Pack Vendor :STMicroelectronics X-CUBE-PM33A1 1.0.0
2025-10-12 21:09:08,785 [INFO] ThirdParty:967 - CMSIS Pack Vendor :STMicroelectronics X-CUBE-NFC9 1.0.0
2025-10-12 21:09:08,785 [INFO] ThirdParty:967 - CMSIS Pack Vendor :STMicroelectronics USB_HOST 2.0.0
2025-10-12 21:09:08,785 [INFO] ThirdParty:967 - CMSIS Pack Vendor :STMicroelectronics X-CUBE-AZRTOS-F4 1.1.0
2025-10-12 21:09:08,785 [INFO] ThirdParty:967 - CMSIS Pack Vendor :STMicroelectronics FP-ATR-ASTRA1 2.0.2
2025-10-12 21:09:08,785 [INFO] ThirdParty:967 - CMSIS Pack Vendor :wolfSSL I-CUBE-wolfSSL 5.8.2
2025-10-12 21:09:08,785 [INFO] ThirdParty:967 - CMSIS Pack Vendor :STMicroelectronics X-CUBE-BLE1 7.1.0
2025-10-12 21:09:08,785 [INFO] ThirdParty:967 - CMSIS Pack Vendor :wolfSSL I-CUBE-wolfMQTT 1.19.2
2025-10-12 21:09:08,785 [INFO] ThirdParty:967 - CMSIS Pack Vendor :STMicroelectronics USB_DEVICE 3.0.0
2025-10-12 21:09:08,785 [INFO] ThirdParty:967 - CMSIS Pack Vendor :STMicroelectronics X-CUBE-ISPU 2.1.0
2025-10-12 21:09:08,785 [INFO] ThirdParty:967 - CMSIS Pack Vendor :STMicroelectronics X-CUBE-EEPRMA1 5.2.0
2025-10-12 21:09:08,785 [INFO] ThirdParty:967 - CMSIS Pack Vendor :STMicroelectronics X-CUBE-AZRTOS-WB 2.0.0
2025-10-12 21:09:08,786 [INFO] ThirdParty:967 - CMSIS Pack Vendor :STMicroelectronics X-CUBE-GNSS1 7.0.1
2025-10-12 21:09:08,786 [INFO] ThirdParty:967 - CMSIS Pack Vendor :STMicroelectronics X-CUBE-NFC12 1.0.0
2025-10-12 21:09:08,786 [INFO] ThirdParty:967 - CMSIS Pack Vendor :STMicroelectronics X-CUBE-AZRTOS-F7 1.1.0
2025-10-12 21:09:08,786 [INFO] ThirdParty:967 - CMSIS Pack Vendor :STMicroelectronics X-CUBE-AZRTOS-L5 2.0.0
2025-10-12 21:09:08,786 [INFO] ThirdParty:967 - CMSIS Pack Vendor :STMicroelectronics X-CUBE-TOUCHGFX 4.25.0
2025-10-12 21:09:08,786 [INFO] ThirdParty:967 - CMSIS Pack Vendor :STMicroelectronics USB_DEVICE 2.0.0
2025-10-12 21:09:08,786 [INFO] ThirdParty:967 - CMSIS Pack Vendor :STMicroelectronics X-CUBE-NFC6 3.1.0
2025-10-12 21:09:08,786 [INFO] ThirdParty:967 - CMSIS Pack Vendor :STMicroelectronics FreeRTOS 0.0.1
2025-10-12 21:09:08,786 [INFO] ThirdParty:967 - CMSIS Pack Vendor :STMicroelectronics X-CUBE-AZRTOS-G0 1.1.0
2025-10-12 21:09:08,786 [INFO] ThirdParty:967 - CMSIS Pack Vendor :STMicroelectronics X-CUBE-SAFEA1 1.2.2
2025-10-12 21:09:08,786 [INFO] ThirdParty:967 - CMSIS Pack Vendor :STMicroelectronics X-CUBE-NFC4 3.0.0
2025-10-12 21:09:08,786 [INFO] ThirdParty:967 - CMSIS Pack Vendor :STMicroelectronics X-CUBE-SUBG2 5.0.0
2025-10-12 21:09:08,786 [INFO] ThirdParty:967 - CMSIS Pack Vendor :STMicroelectronics X-CUBE-AZRTOS-H7RS 1.1.0
2025-10-12 21:09:08,786 [INFO] ThirdParty:967 - CMSIS Pack Vendor :STMicroelectronics lwIP 2.0.3
2025-10-12 21:09:08,786 [INFO] ThirdParty:967 - CMSIS Pack Vendor :STMicroelectronics USB_HOST 1.0.0
2025-10-12 21:09:08,787 [INFO] ThirdParty:967 - CMSIS Pack Vendor :STMicroelectronics X-CUBE-AZRTOS-G4 2.0.0
2025-10-12 21:09:08,787 [INFO] ThirdParty:967 - CMSIS Pack Vendor :STMicroelectronics X-CUBE-WB05N 2.0.0
2025-10-12 21:09:08,787 [INFO] ThirdParty:967 - CMSIS Pack Vendor :STMicroelectronics PDM2PCM 3.1.0
2025-10-12 21:09:08,787 [INFO] ThirdParty:967 - CMSIS Pack Vendor :STMicroelectronics PDM2PCM 3.3.0
2025-10-12 21:09:08,787 [INFO] ThirdParty:967 - CMSIS Pack Vendor :wolfSSL I-CUBE-wolfTPM 3.8.0
2025-10-12 21:09:08,787 [INFO] ThirdParty:967 - CMSIS Pack Vendor :STMicroelectronics X-CUBE-AZRTOS-H7 3.4.0
2025-10-12 21:09:08,787 [INFO] ThirdParty:967 - CMSIS Pack Vendor :wolfSSL I-CUBE-wolfSSH 1.4.20
2025-10-12 21:09:08,787 [INFO] ThirdParty:967 - CMSIS Pack Vendor :STMicroelectronics X-CUBE-NFC7 2.0.0
2025-10-12 21:09:08,787 [INFO] ThirdParty:967 - CMSIS Pack Vendor :STMicroelectronics FP-ATR-SIGFOX1 3.2.0
2025-10-12 21:09:08,787 [INFO] ThirdParty:967 - CMSIS Pack Vendor :STMicroelectronics X-CUBE-NFC10 1.0.0
2025-10-12 21:09:08,787 [INFO] ThirdParty:967 - CMSIS Pack Vendor :STMicroelectronics HAL Drivers 0.0.0
2025-10-12 21:09:08,787 [INFO] ThirdParty:967 - CMSIS Pack Vendor :STMicroelectronics MBEDTLS 2.16.2
2025-10-12 21:09:08,787 [INFO] ThirdParty:967 - CMSIS Pack Vendor :STMicroelectronics MBEDTLS 2.14.1
2025-10-12 21:09:08,787 [INFO] ThirdParty:967 - CMSIS Pack Vendor :STMicroelectronics X-CUBE-TOUCHGFX 4.26.0
2025-10-12 21:09:08,788 [INFO] ThirdParty:967 - CMSIS Pack Vendor :STMicroelectronics X-CUBE-STSE01 1.0.0
2025-10-12 21:09:08,788 [INFO] ThirdParty:967 - CMSIS Pack Vendor :STMicroelectronics X-CUBE-AI 10.2.0
2025-10-12 21:09:08,788 [INFO] ThirdParty:967 - CMSIS Pack Vendor :STMicroelectronics X-CUBE-AZRTOS-WL 2.0.0
2025-10-12 21:09:08,788 [INFO] ThirdParty:967 - CMSIS Pack Vendor :SEGGER I-CUBE-embOS 1.3.1
2025-10-12 21:09:08,788 [INFO] ThirdParty:967 - CMSIS Pack Vendor :STMicroelectronics X-CUBE-ALGOBUILD 1.4.0
2025-10-12 21:09:08,788 [INFO] ThirdParty:967 - CMSIS Pack Vendor :STMicroelectronics X-CUBE-MEMS1 11.3.0
2025-10-12 21:09:08,788 [INFO] ThirdParty:967 - CMSIS Pack Vendor :STMicroelectronics USB_DEVICE 1.0.0
2025-10-12 21:09:08,788 [INFO] ThirdParty:967 - CMSIS Pack Vendor :STMicroelectronics X-CUBE-AZRTOS-L4 2.0.0
2025-10-12 21:09:08,788 [INFO] ThirdParty:967 - CMSIS Pack Vendor :STMicroelectronics ThreadX 0.0.2
2025-10-12 21:09:08,788 [INFO] ThirdParty:967 - CMSIS Pack Vendor :STMicroelectronics lwIP 2.1.2
2025-10-12 21:09:08,788 [INFO] ThirdParty:967 - CMSIS Pack Vendor :STMicroelectronics X-CUBE-SFXS2LP1 4.0.0
2025-10-12 21:09:08,788 [INFO] ThirdParty:967 - CMSIS Pack Vendor :STMicroelectronics X-CUBE-BLE2 3.3.0
2025-10-12 21:09:08,788 [INFO] ThirdParty:967 - CMSIS Pack Vendor :STMicroelectronics PDM2PCM 3.2.0
2025-10-12 21:09:08,789 [INFO] ThirdParty:787 - exiting critical section [change project]
2025-10-12 21:09:09,078 [INFO] PinOutPanel:1463 - setPackage(No Configuration,No Configuration)
2025-10-12 21:09:09,081 [INFO] PinOutPanel:1463 - setPackage(STM32F103C6Ux,UFQFPN48)
2025-10-12 21:09:09,588 [INFO] UtilMem:74 - Before build in PCC Used Memory: 689253824 Bytes (795869184)
2025-10-12 21:09:10,299 [INFO] UtilMem:74 - After build in PCC Used Memory: 626091592 Bytes (795869184)
2025-10-12 21:09:10,319 [INFO] IPUIPlugin:74 - create IPUIPlugin
2025-10-12 21:09:10,319 [INFO] IPUIPlugin:74 - create IPUIPlugin
2025-10-12 21:09:10,320 [INFO] IPUIPlugin:74 - create IPUIPlugin
2025-10-12 21:09:10,320 [INFO] IPUIPlugin:74 - create IPUIPlugin
2025-10-12 21:09:10,320 [INFO] IPUIPlugin:74 - create IPUIPlugin
2025-10-12 21:09:10,320 [INFO] IPUIPlugin:74 - create IPUIPlugin
2025-10-12 21:09:10,320 [INFO] IPUIPlugin:74 - create IPUIPlugin
2025-10-12 21:09:10,321 [INFO] IPUIPlugin:74 - create IPUIPlugin
2025-10-12 21:09:10,321 [INFO] IPUIPlugin:74 - create IPUIPlugin
2025-10-12 21:09:10,321 [INFO] IPUIPlugin:74 - create IPUIPlugin
2025-10-12 21:09:10,321 [INFO] IPUIPlugin:74 - create IPUIPlugin
2025-10-12 21:09:10,322 [INFO] IPUIPlugin:74 - create IPUIPlugin
2025-10-12 21:09:10,322 [INFO] IPUIPlugin:74 - create IPUIPlugin
2025-10-12 21:09:10,322 [INFO] IPUIPlugin:74 - create IPUIPlugin
2025-10-12 21:09:10,323 [INFO] IPUIPlugin:74 - create IPUIPlugin
2025-10-12 21:09:10,323 [INFO] IPUIPlugin:74 - create IPUIPlugin
2025-10-12 21:09:10,323 [INFO] IPUIPlugin:74 - create IPUIPlugin
2025-10-12 21:09:10,323 [INFO] IPUIPlugin:74 - create IPUIPlugin
2025-10-12 21:09:10,323 [INFO] IPUIPlugin:74 - create IPUIPlugin
2025-10-12 21:09:10,324 [INFO] IPUIPlugin:74 - create IPUIPlugin
2025-10-12 21:09:10,324 [INFO] IPUIPlugin:74 - create IPUIPlugin
2025-10-12 21:09:10,324 [INFO] IPUIPlugin:74 - create IPUIPlugin
2025-10-12 21:09:10,325 [INFO] IPUIPlugin:74 - create IPUIPlugin
2025-10-12 21:09:10,470 [INFO] OpenFileManager:333 - Restore cursor
2025-10-12 21:09:10,855 [INFO] UtilMem:74 - End SaveConfig() Used Memory: 682294528 Bytes (795869184)
2025-10-12 21:09:10,896 [INFO] UtilMem:74 - End SaveConfig() Used Memory: 692151880 Bytes (795869184)
2025-10-12 21:09:11,494 [INFO] BlockDiagram:2740 - set Specific Code input for plugin: NVIC
2025-10-12 21:09:11,495 [INFO] BlockDiagram:2740 - set Specific Code input for plugin: SYS
2025-10-12 21:09:11,495 [INFO] BlockDiagram:2740 - set Specific Code input for plugin: RCC
2025-10-12 21:09:11,496 [INFO] CodeGenerator:663 - code generatio: config db path: /Applications/STM32CubeIDE.app/Contents/Eclipse/plugins/com.st.stm32cube.common.mx_6.3.0.202107141111//db/
2025-10-12 21:09:12,338 [INFO] CodeEngine:239 - oldGeneratedFile, /Users/admin/Documents/BK-University/VXL/LAB/VXL-1652026-Lab-3/lab3/MXTmpFiles/license.tmp_save
2025-10-12 21:09:12,964 [INFO] CodeEngine:257 - Generated code: /Users/admin/Documents/BK-University/VXL/LAB/VXL-1652026-Lab-3/lab3/MXTmpFiles/license.tmp
2025-10-12 21:09:13,089 [INFO] CodeEngine:239 - oldGeneratedFile, /Users/admin/Documents/BK-University/VXL/LAB/VXL-1652026-Lab-3/lab3/Core/Src/stm32f1xx_it.c_save
2025-10-12 21:09:13,240 [INFO] CodeEngine:257 - Generated code: /Users/admin/Documents/BK-University/VXL/LAB/VXL-1652026-Lab-3/lab3/Core/Src/stm32f1xx_it.c
2025-10-12 21:09:13,243 [INFO] CodeEngine:239 - oldGeneratedFile, /Users/admin/Documents/BK-University/VXL/LAB/VXL-1652026-Lab-3/lab3/Core/Inc/stm32f1xx_it.h_save
2025-10-12 21:09:13,416 [INFO] CodeEngine:257 - Generated code: /Users/admin/Documents/BK-University/VXL/LAB/VXL-1652026-Lab-3/lab3/Core/Inc/stm32f1xx_it.h
2025-10-12 21:09:13,428 [INFO] CodeEngine:239 - oldGeneratedFile, /Users/admin/Documents/BK-University/VXL/LAB/VXL-1652026-Lab-3/lab3/Core/Src/stm32f1xx_hal_msp.c_save
2025-10-12 21:09:13,650 [INFO] CodeEngine:257 - Generated code: /Users/admin/Documents/BK-University/VXL/LAB/VXL-1652026-Lab-3/lab3/Core/Src/stm32f1xx_hal_msp.c
2025-10-12 21:09:13,653 [INFO] CodeEngine:239 - oldGeneratedFile, /Users/admin/Documents/BK-University/VXL/LAB/VXL-1652026-Lab-3/lab3/MXTmpFiles/system.tmp_save
2025-10-12 21:09:13,733 [INFO] CodeEngine:257 - Generated code: /Users/admin/Documents/BK-University/VXL/LAB/VXL-1652026-Lab-3/lab3/MXTmpFiles/system.tmp
2025-10-12 21:09:13,739 [INFO] CodeEngine:239 - oldGeneratedFile, /Users/admin/Documents/BK-University/VXL/LAB/VXL-1652026-Lab-3/lab3/Core/Inc/stm32f1xx_hal_conf.h_save
2025-10-12 21:09:13,884 [INFO] CodeEngine:257 - Generated code: /Users/admin/Documents/BK-University/VXL/LAB/VXL-1652026-Lab-3/lab3/Core/Inc/stm32f1xx_hal_conf.h
2025-10-12 21:09:13,952 [INFO] CodeEngine:239 - oldGeneratedFile, /Users/admin/Documents/BK-University/VXL/LAB/VXL-1652026-Lab-3/lab3/Core/Inc/main.h_save
2025-10-12 21:09:14,055 [INFO] CodeEngine:257 - Generated code: /Users/admin/Documents/BK-University/VXL/LAB/VXL-1652026-Lab-3/lab3/Core/Inc/main.h
2025-10-12 21:09:14,059 [INFO] CodeEngine:239 - oldGeneratedFile, /Users/admin/Documents/BK-University/VXL/LAB/VXL-1652026-Lab-3/lab3/Core/Src/main.c_save
2025-10-12 21:09:14,323 [INFO] CodeEngine:257 - Generated code: /Users/admin/Documents/BK-University/VXL/LAB/VXL-1652026-Lab-3/lab3/Core/Src/main.c
2025-10-12 21:09:16,276 [INFO] ProjectBuilder:2578 - Time for Copy HAL[1] : 169mS.
2025-10-12 21:09:16,289 [INFO] ProjectBuilder:3622 - Project Generator version: 3.14.1
2025-10-12 21:09:17,052 [INFO] ConfigFileManager:1271 - The Die is : DIE412
2025-10-12 21:09:17,093 [INFO] ApiDbMcu:468 - Load IP Config File for FATFS
2025-10-12 21:09:17,199 [INFO] ApiDbMcu:468 - Load IP Config File for FREERTOS
2025-10-12 21:09:17,261 [INFO] ApiDbMcu:468 - Load IP Config File for USB_DEVICE
2025-10-12 21:09:28,767 [INFO] ProjectBuilder:3789 - Time for Generating toolchain IDE Files: 12478mS.
2025-10-12 21:09:28,768 [INFO] ProjectBuilder:2457 - Time for Copy CMSIS : 0mS.
2025-10-12 21:09:28,770 [INFO] ProjectBuilder:2457 - Time for Copy CMSIS : 0mS.
2025-10-12 21:09:29,164 [INFO] McuFinderGlobals:52 - Set McuFinderConnectedMode to true
2025-10-12 21:09:29,173 [INFO] ApiDb:276 - Save user favorites file /Users/admin/.stm32cubeide/favorites.mcus.txt: 0 item(s)
2025-10-12 21:09:29,174 [INFO] ApiDb:280 - User favorites MCUs=[]
2025-10-13 15:04:15,408 [INFO] Activator:177 - 


2025-10-13 15:04:15,411 [INFO] Activator:178 - !SESSION log4j initialized
2025-10-13 15:04:19,781 [ERROR] LogOutputStream:74 - [STDERR_REDIRECT] 
2025-10-13 16:25:06,786 [INFO] McuFinderGlobals:39 - Set McuFinder mode to 2 (CubeIDE integrated)
2025-10-13 16:25:07,004 [INFO] ApplicationProperties:181 - Using Application install path: /Applications/STM32CubeIDE.app/Contents/Eclipse/plugins/com.st.stm32cube.common.mx_6.3.0.202107141111
2025-10-13 16:25:07,025 [INFO] DbMcusXml:74 - Set database path to: /Applications/STM32CubeIDE.app/Contents/Eclipse/plugins/com.st.stm32cube.common.mx_6.3.0.202107141111//db//mcu/
2025-10-13 16:25:07,031 [INFO] DbBoardsPdsc:56 - Set plugin database path to: /Applications/STM32CubeIDE.app/Contents/Eclipse/plugins/com.st.stm32cube.common.mx_6.3.0.202107141111//db//plugins/boardmanager/
2025-10-13 16:25:07,031 [INFO] DbMcus:258 - Set plugin images path to: /Applications/STM32CubeIDE.app/Contents/Eclipse/plugins/com.st.stm32cube.common.mx_6.3.0.202107141111//db//plugins/mcufinder/images/
2025-10-13 16:25:07,032 [INFO] DbBoards:264 - Set plugin images path to: /Applications/STM32CubeIDE.app/Contents/Eclipse/plugins/com.st.stm32cube.common.mx_6.3.0.202107141111//db//plugins/mcufinder/images/
2025-10-13 16:25:07,036 [INFO] DbExamples:333 - Set plugin images path to: /Applications/STM32CubeIDE.app/Contents/Eclipse/plugins/com.st.stm32cube.common.mx_6.3.0.202107141111//db//plugins/mcufinder/images/
2025-10-13 16:25:07,044 [INFO] DbMcusAds:119 - Set database path to: /Users/admin/.stmcufinder/plugins/mcufinder//mcu/
2025-10-13 16:25:07,045 [INFO] DbMcusDocs:110 - Set database path to: /Users/admin/.stmcufinder/plugins/mcufinder//mcu/
2025-10-13 16:25:07,048 [INFO] DbMcusJson:64 - Set database path to: /Users/admin/.stmcufinder/plugins/mcufinder//mcu/
2025-10-13 16:25:07,049 [INFO] DbBoardsDocs:110 - Set database path to: /Users/admin/.stmcufinder/plugins/mcufinder//mcu/
2025-10-13 16:25:07,050 [INFO] DbBoardsJson:57 - Set database path to: /Users/admin/.stmcufinder/plugins/mcufinder//mcu/
2025-10-13 16:25:07,207 [INFO] CrossReferenceDbSqlite:196 - Set database path to: /Users/admin/.stmcufinder/plugins/mcufinder//mcu/cs/
2025-10-13 16:25:07,211 [INFO] DbExamplesSqlite:767 - Set database path to: /Users/admin/.stmcufinder/plugins/mcufinder//mcu/
2025-10-13 16:25:07,358 [INFO] RulesReader:57 - Compatibility file has been processed (242 Rules)
2025-10-13 16:25:07,472 [INFO] DbMcusXml:74 - Set database path to: /Applications/STM32CubeIDE.app/Contents/Eclipse/plugins/com.st.stm32cube.common.mx_6.3.0.202107141111//db//mcu/
2025-10-13 16:25:07,474 [INFO] DbBoardsPdsc:56 - Set plugin database path to: /Applications/STM32CubeIDE.app/Contents/Eclipse/plugins/com.st.stm32cube.common.mx_6.3.0.202107141111//db//plugins/boardmanager/
2025-10-13 16:25:07,474 [INFO] DbMcus:258 - Set plugin images path to: /Applications/STM32CubeIDE.app/Contents/Eclipse/plugins/com.st.stm32cube.common.mx_6.3.0.202107141111//db//plugins/mcufinder/images/
2025-10-13 16:25:07,474 [INFO] DbBoards:264 - Set plugin images path to: /Applications/STM32CubeIDE.app/Contents/Eclipse/plugins/com.st.stm32cube.common.mx_6.3.0.202107141111//db//plugins/mcufinder/images/
2025-10-13 16:25:07,475 [INFO] DbExamples:333 - Set plugin images path to: /Applications/STM32CubeIDE.app/Contents/Eclipse/plugins/com.st.stm32cube.common.mx_6.3.0.202107141111//db//plugins/mcufinder/images/
2025-10-13 16:25:07,475 [WARN] DbFile:35 - Overriding database path with different value: /Users/admin/.stmcufinder/plugins/mcufinder/ => /Users/admin/.stmcufinder/plugins/mcufinder
2025-10-13 16:25:07,475 [INFO] DbMcusAds:119 - Set database path to: /Users/admin/.stmcufinder/plugins/mcufinder//mcu/
2025-10-13 16:25:07,475 [WARN] DbFile:35 - Overriding database path with different value: /Users/admin/.stmcufinder/plugins/mcufinder/ => /Users/admin/.stmcufinder/plugins/mcufinder
2025-10-13 16:25:07,476 [INFO] DbMcusDocs:110 - Set database path to: /Users/admin/.stmcufinder/plugins/mcufinder//mcu/
2025-10-13 16:25:07,476 [WARN] DbFile:35 - Overriding database path with different value: /Users/admin/.stmcufinder/plugins/mcufinder/ => /Users/admin/.stmcufinder/plugins/mcufinder
2025-10-13 16:25:07,476 [INFO] DbMcusJson:64 - Set database path to: /Users/admin/.stmcufinder/plugins/mcufinder//mcu/
2025-10-13 16:25:07,477 [WARN] DbFile:35 - Overriding database path with different value: /Users/admin/.stmcufinder/plugins/mcufinder/ => /Users/admin/.stmcufinder/plugins/mcufinder
2025-10-13 16:25:07,477 [INFO] DbBoardsDocs:110 - Set database path to: /Users/admin/.stmcufinder/plugins/mcufinder//mcu/
2025-10-13 16:25:07,477 [WARN] DbFile:35 - Overriding database path with different value: /Users/admin/.stmcufinder/plugins/mcufinder/ => /Users/admin/.stmcufinder/plugins/mcufinder
2025-10-13 16:25:07,478 [INFO] DbBoardsJson:57 - Set database path to: /Users/admin/.stmcufinder/plugins/mcufinder//mcu/
2025-10-13 16:25:07,478 [WARN] DbFile:35 - Overriding database path with different value: /Users/admin/.stmcufinder/plugins/mcufinder/ => /Users/admin/.stmcufinder/plugins/mcufinder
2025-10-13 16:25:07,479 [WARN] DbFile:35 - Overriding database path with different value: /Users/admin/.stmcufinder/plugins/mcufinder/ => /Users/admin/.stmcufinder/plugins/mcufinder
2025-10-13 16:25:07,479 [INFO] CrossReferenceDbSqlite:196 - Set database path to: /Users/admin/.stmcufinder/plugins/mcufinder//mcu/cs/
2025-10-13 16:25:07,479 [WARN] DbFile:35 - Overriding database path with different value: /Users/admin/.stmcufinder/plugins/mcufinder/ => /Users/admin/.stmcufinder/plugins/mcufinder
2025-10-13 16:25:07,479 [INFO] DbExamplesSqlite:767 - Set database path to: /Users/admin/.stmcufinder/plugins/mcufinder//mcu/
2025-10-13 16:25:07,588 [INFO] MainPanel:214 - HeapMemory: 641728512
2025-10-13 16:25:07,739 [INFO] DbMcusXml:74 - Set database path to: /Applications/STM32CubeIDE.app/Contents/Eclipse/plugins/com.st.stm32cube.common.mx_6.3.0.202107141111//db//mcu/
2025-10-13 16:25:07,740 [INFO] DbBoardsPdsc:56 - Set plugin database path to: /Applications/STM32CubeIDE.app/Contents/Eclipse/plugins/com.st.stm32cube.common.mx_6.3.0.202107141111//db//plugins/boardmanager/
2025-10-13 16:25:07,740 [INFO] DbMcus:258 - Set plugin images path to: /Applications/STM32CubeIDE.app/Contents/Eclipse/plugins/com.st.stm32cube.common.mx_6.3.0.202107141111//db//plugins/mcufinder/images/
2025-10-13 16:25:07,740 [INFO] DbBoards:264 - Set plugin images path to: /Applications/STM32CubeIDE.app/Contents/Eclipse/plugins/com.st.stm32cube.common.mx_6.3.0.202107141111//db//plugins/mcufinder/images/
2025-10-13 16:25:07,741 [INFO] DbExamples:333 - Set plugin images path to: /Applications/STM32CubeIDE.app/Contents/Eclipse/plugins/com.st.stm32cube.common.mx_6.3.0.202107141111//db//plugins/mcufinder/images/
2025-10-13 16:25:07,742 [WARN] DbFile:35 - Overriding database path with different value: /Users/admin/.stmcufinder/plugins/mcufinder/ => /Users/admin/.stmcufinder/plugins/mcufinder
2025-10-13 16:25:07,742 [INFO] DbMcusAds:119 - Set database path to: /Users/admin/.stmcufinder/plugins/mcufinder//mcu/
2025-10-13 16:25:07,743 [WARN] DbFile:35 - Overriding database path with different value: /Users/admin/.stmcufinder/plugins/mcufinder/ => /Users/admin/.stmcufinder/plugins/mcufinder
2025-10-13 16:25:07,743 [INFO] DbMcusDocs:110 - Set database path to: /Users/admin/.stmcufinder/plugins/mcufinder//mcu/
2025-10-13 16:25:07,744 [WARN] DbFile:35 - Overriding database path with different value: /Users/admin/.stmcufinder/plugins/mcufinder/ => /Users/admin/.stmcufinder/plugins/mcufinder
2025-10-13 16:25:07,744 [INFO] DbMcusJson:64 - Set database path to: /Users/admin/.stmcufinder/plugins/mcufinder//mcu/
2025-10-13 16:25:07,744 [WARN] DbFile:35 - Overriding database path with different value: /Users/admin/.stmcufinder/plugins/mcufinder/ => /Users/admin/.stmcufinder/plugins/mcufinder
2025-10-13 16:25:07,744 [INFO] DbBoardsDocs:110 - Set database path to: /Users/admin/.stmcufinder/plugins/mcufinder//mcu/
2025-10-13 16:25:07,745 [WARN] DbFile:35 - Overriding database path with different value: /Users/admin/.stmcufinder/plugins/mcufinder/ => /Users/admin/.stmcufinder/plugins/mcufinder
2025-10-13 16:25:07,745 [INFO] DbBoardsJson:57 - Set database path to: /Users/admin/.stmcufinder/plugins/mcufinder//mcu/
2025-10-13 16:25:07,745 [WARN] DbFile:35 - Overriding database path with different value: /Users/admin/.stmcufinder/plugins/mcufinder/ => /Users/admin/.stmcufinder/plugins/mcufinder
2025-10-13 16:25:07,746 [WARN] DbFile:35 - Overriding database path with different value: /Users/admin/.stmcufinder/plugins/mcufinder/ => /Users/admin/.stmcufinder/plugins/mcufinder
2025-10-13 16:25:07,746 [INFO] CrossReferenceDbSqlite:196 - Set database path to: /Users/admin/.stmcufinder/plugins/mcufinder//mcu/cs/
2025-10-13 16:25:07,746 [WARN] DbFile:35 - Overriding database path with different value: /Users/admin/.stmcufinder/plugins/mcufinder/ => /Users/admin/.stmcufinder/plugins/mcufinder
2025-10-13 16:25:07,747 [INFO] DbExamplesSqlite:767 - Set database path to: /Users/admin/.stmcufinder/plugins/mcufinder//mcu/
2025-10-13 16:25:07,771 [INFO] ApplicationProperties:181 - Using Application install path: /Applications/STM32CubeIDE.app/Contents/Eclipse/plugins/com.st.stm32cube.common.mx_6.3.0.202107141111
2025-10-13 16:25:07,773 [INFO] PluginManage:188 - Search for loadable plugins [exclusion list=, ]
2025-10-13 16:25:07,775 [INFO] PluginManage:302 - Check plugin analytics
2025-10-13 16:25:08,177 [INFO] AnalyticsPlugin:257 - Accepted Software Licenses: 
2025-10-13 16:25:08,178 [INFO] AnalyticsPlugin:259 - Accepted CMSIS Pack Licenses: 
2025-10-13 16:25:08,179 [INFO] AnalyticsPlugin:261 - Accepted Firmware Licenses: 
2025-10-13 16:25:08,180 [INFO] PluginManage:352 - Loaded plugin analytics (category:tool,tabindex:-1)
2025-10-13 16:25:08,181 [INFO] PluginManage:302 - Check plugin clock
2025-10-13 16:25:08,200 [INFO] PluginManage:352 - Loaded plugin clock (category:base,tabindex:2)
2025-10-13 16:25:08,200 [INFO] PluginManage:302 - Check plugin ddr
2025-10-13 16:25:08,204 [INFO] PluginManage:352 - Loaded plugin ddr (category:tool,tabindex:6)
2025-10-13 16:25:08,204 [INFO] PluginManage:302 - Check plugin filemanager
2025-10-13 16:25:08,389 [INFO] PluginManage:352 - Loaded plugin filemanager (category:base,tabindex:10)
2025-10-13 16:25:08,389 [INFO] PluginManage:302 - Check plugin ipmanager
2025-10-13 16:25:08,398 [INFO] PluginManage:352 - Loaded plugin ipmanager (category:base,tabindex:5)
2025-10-13 16:25:08,399 [INFO] PluginManage:302 - Check plugin pinoutandconfiguration
2025-10-13 16:25:08,411 [INFO] PluginManage:352 - Loaded plugin pinoutandconfiguration (category:base,tabindex:1)
2025-10-13 16:25:08,411 [INFO] PluginManage:302 - Check plugin pinoutconfig
2025-10-13 16:25:08,446 [INFO] PluginManage:352 - Loaded plugin pinoutconfig (category:base,tabindex:0)
2025-10-13 16:25:08,446 [INFO] PluginManage:302 - Check plugin power
2025-10-13 16:25:08,462 [INFO] PluginManage:352 - Loaded plugin power (category:power,tabindex:4)
2025-10-13 16:25:08,462 [INFO] PluginManage:302 - Check plugin projectmanager
2025-10-13 16:25:08,481 [INFO] PluginManage:352 - Loaded plugin projectmanager (category:projectmanager,tabindex:3)
2025-10-13 16:25:08,481 [INFO] PluginManage:302 - Check plugin thirdparty
2025-10-13 16:25:08,630 [WARN] IntegrityCheckThread:78 - waiting for thirdparty lock release [integrity check]
2025-10-13 16:25:08,632 [INFO] IntegrityCheckThread:80 - entering critical section [integrity check]
2025-10-13 16:25:08,631 [INFO] PluginManage:352 - Loaded plugin thirdparty (category:base,tabindex:-1)
2025-10-13 16:25:08,632 [INFO] ThirdPartyUpdaterWithRetryManager:66 - Updater plugin not ready yet. [1/15]
2025-10-13 16:25:08,632 [INFO] PluginManage:302 - Check plugin tools
2025-10-13 16:25:08,636 [INFO] PluginManage:352 - Loaded plugin tools (category:base,tabindex:7)
2025-10-13 16:25:08,636 [INFO] PluginManage:302 - Check plugin tutovideos
2025-10-13 16:25:08,993 [INFO] PluginManage:352 - Loaded plugin tutovideos (category:base,tabindex:-1)
2025-10-13 16:25:08,994 [INFO] PluginManage:302 - Check plugin updater
2025-10-13 16:25:09,012 [INFO] PluginManage:352 - Loaded plugin updater (category:base,tabindex:12)
2025-10-13 16:25:09,013 [INFO] PluginManage:275 - PluginManage : Loaded plugins [13]
2025-10-13 16:25:09,939 [ERROR] LogOutputStream:74 - [STDERR_REDIRECT] Warning: the fonts "Times" and "Times" are not available for the Java logical font "Serif", which may have unexpected appearance or behavior. Re-enable the "Times" font to remove this warning.
2025-10-13 16:25:09,992 [INFO] PinOutPanel:1463 - setPackage(No Configuration,No Configuration)
2025-10-13 16:25:10,085 [INFO] IPUIPlugin:74 - create IPUIPlugin
2025-10-13 16:25:10,086 [INFO] PluginManager:213 - loadIPPluginJar : add mdma
2025-10-13 16:25:10,098 [INFO] IPUIPlugin:74 - create IPUIPlugin
2025-10-13 16:25:10,099 [INFO] PluginManager:213 - loadIPPluginJar : add freertos
2025-10-13 16:25:10,111 [INFO] IPUIPlugin:74 - create IPUIPlugin
2025-10-13 16:25:10,111 [INFO] PluginManager:213 - loadIPPluginJar : add gic
2025-10-13 16:25:10,127 [INFO] IPUIPlugin:74 - create IPUIPlugin
2025-10-13 16:25:10,127 [INFO] PluginManager:213 - loadIPPluginJar : add adc
2025-10-13 16:25:10,131 [INFO] IPUIPlugin:74 - create IPUIPlugin
2025-10-13 16:25:10,131 [INFO] PluginManager:213 - loadIPPluginJar : add gtzc
2025-10-13 16:25:10,134 [INFO] IPUIPlugin:74 - create IPUIPlugin
2025-10-13 16:25:10,135 [INFO] PluginManager:213 - loadIPPluginJar : add quadspi
2025-10-13 16:25:10,138 [INFO] IPUIPlugin:74 - create IPUIPlugin
2025-10-13 16:25:10,138 [INFO] PluginManager:213 - loadIPPluginJar : add aes
2025-10-13 16:25:10,143 [INFO] IPUIPlugin:74 - create IPUIPlugin
2025-10-13 16:25:10,143 [INFO] PluginManager:213 - loadIPPluginJar : add pdm2pcm
2025-10-13 16:25:10,146 [INFO] IPUIPlugin:74 - create IPUIPlugin
2025-10-13 16:25:10,147 [INFO] PluginManager:213 - loadIPPluginJar : add hash
2025-10-13 16:25:10,149 [INFO] IPUIPlugin:74 - create IPUIPlugin
2025-10-13 16:25:10,149 [INFO] PluginManager:213 - loadIPPluginJar : add tim
2025-10-13 16:25:10,152 [INFO] IPUIPlugin:74 - create IPUIPlugin
2025-10-13 16:25:10,152 [INFO] PluginManager:213 - loadIPPluginJar : add tsc
2025-10-13 16:25:10,154 [INFO] IPUIPlugin:74 - create IPUIPlugin
2025-10-13 16:25:10,154 [INFO] PluginManager:213 - loadIPPluginJar : add ts
2025-10-13 16:25:10,158 [INFO] IPUIPlugin:74 - create IPUIPlugin
2025-10-13 16:25:10,158 [INFO] PluginManager:213 - loadIPPluginJar : add can
2025-10-13 16:25:10,161 [INFO] IPUIPlugin:74 - create IPUIPlugin
2025-10-13 16:25:10,161 [INFO] PluginManager:213 - loadIPPluginJar : add dma3
2025-10-13 16:25:10,164 [INFO] IPUIPlugin:74 - create IPUIPlugin
2025-10-13 16:25:10,164 [INFO] PluginManager:213 - loadIPPluginJar : add dfsdm
2025-10-13 16:25:10,168 [INFO] IPUIPlugin:74 - create IPUIPlugin
2025-10-13 16:25:10,168 [INFO] PluginManager:213 - loadIPPluginJar : add spi
2025-10-13 16:25:10,171 [INFO] IPUIPlugin:74 - create IPUIPlugin
2025-10-13 16:25:10,172 [INFO] PluginManager:213 - loadIPPluginJar : add gfxmmu
2025-10-13 16:25:10,174 [INFO] IPUIPlugin:74 - create IPUIPlugin
2025-10-13 16:25:10,174 [INFO] PluginManager:213 - loadIPPluginJar : add genericplugin
2025-10-13 16:25:10,177 [INFO] IPUIPlugin:74 - create IPUIPlugin
2025-10-13 16:25:10,178 [INFO] PluginManager:213 - loadIPPluginJar : add cryp
2025-10-13 16:25:10,185 [INFO] IPUIPlugin:74 - create IPUIPlugin
2025-10-13 16:25:10,186 [INFO] PluginManager:213 - loadIPPluginJar : add gpio
2025-10-13 16:25:10,188 [INFO] IPUIPlugin:74 - create IPUIPlugin
2025-10-13 16:25:10,188 [INFO] PluginManager:213 - loadIPPluginJar : add comp
2025-10-13 16:25:10,190 [INFO] IPUIPlugin:74 - create IPUIPlugin
2025-10-13 16:25:10,191 [INFO] PluginManager:213 - loadIPPluginJar : add tracer_emb
2025-10-13 16:25:10,195 [INFO] IPUIPlugin:74 - create IPUIPlugin
2025-10-13 16:25:10,195 [INFO] PluginManager:213 - loadIPPluginJar : add openamp
2025-10-13 16:25:10,201 [INFO] IPUIPlugin:74 - create IPUIPlugin
2025-10-13 16:25:10,201 [INFO] PluginManager:213 - loadIPPluginJar : add stm32_wpan
2025-10-13 16:25:10,210 [INFO] IPUIPlugin:74 - create IPUIPlugin
2025-10-13 16:25:10,215 [INFO] PluginManager:213 - loadIPPluginJar : add plateformsettings
2025-10-13 16:25:10,220 [INFO] IPUIPlugin:74 - create IPUIPlugin
2025-10-13 16:25:10,221 [INFO] PluginManager:213 - loadIPPluginJar : add ipddr
2025-10-13 16:25:10,224 [INFO] IPUIPlugin:74 - create IPUIPlugin
2025-10-13 16:25:10,224 [INFO] PluginManager:213 - loadIPPluginJar : add usart
2025-10-13 16:25:10,226 [INFO] IPUIPlugin:74 - create IPUIPlugin
2025-10-13 16:25:10,227 [INFO] PluginManager:213 - loadIPPluginJar : add ltdc
2025-10-13 16:25:10,233 [INFO] IPUIPlugin:74 - create IPUIPlugin
2025-10-13 16:25:10,233 [INFO] PluginManager:213 - loadIPPluginJar : add nvic
2025-10-13 16:25:10,236 [INFO] IPUIPlugin:74 - create IPUIPlugin
2025-10-13 16:25:10,236 [INFO] PluginManager:213 - loadIPPluginJar : add fatfs
2025-10-13 16:25:10,246 [INFO] IPUIPlugin:74 - create IPUIPlugin
2025-10-13 16:25:10,246 [INFO] PluginManager:213 - loadIPPluginJar : add linkedlist
2025-10-13 16:25:10,254 [INFO] IPUIPlugin:74 - create IPUIPlugin
2025-10-13 16:25:10,255 [INFO] PluginManager:213 - loadIPPluginJar : add dma
2025-10-13 16:25:10,261 [INFO] IPUIPlugin:74 - create IPUIPlugin
2025-10-13 16:25:10,262 [INFO] PluginManager:213 - loadIPPluginJar : add fmc
2025-10-13 16:25:10,265 [INFO] IPUIPlugin:74 - create IPUIPlugin
2025-10-13 16:25:10,266 [INFO] PluginManager:213 - loadIPPluginJar : add i2s
2025-10-13 16:25:10,268 [INFO] IPUIPlugin:74 - create IPUIPlugin
2025-10-13 16:25:10,268 [INFO] PluginManager:213 - loadIPPluginJar : add ucpd
2025-10-13 16:25:10,271 [INFO] IPUIPlugin:74 - create IPUIPlugin
2025-10-13 16:25:10,272 [INFO] PluginManager:213 - loadIPPluginJar : add lorawan
2025-10-13 16:25:10,275 [INFO] IPUIPlugin:74 - create IPUIPlugin
2025-10-13 16:25:10,276 [INFO] PluginManager:213 - loadIPPluginJar : add opamp
2025-10-13 16:25:10,280 [INFO] IPUIPlugin:74 - create IPUIPlugin
2025-10-13 16:25:10,281 [INFO] PluginManager:213 - loadIPPluginJar : add touchsensing
2025-10-13 16:25:10,284 [INFO] IPUIPlugin:74 - create IPUIPlugin
2025-10-13 16:25:10,284 [INFO] PluginManager:213 - loadIPPluginJar : add i2c
2025-10-13 16:25:10,290 [INFO] IPUIPlugin:74 - create IPUIPlugin
2025-10-13 16:25:10,290 [INFO] PluginManager:213 - loadIPPluginJar : add resmgrutility
2025-10-13 16:25:10,294 [INFO] IPUIPlugin:74 - create IPUIPlugin
2025-10-13 16:25:10,294 [INFO] PluginManager:213 - loadIPPluginJar : add sai
2025-10-13 16:25:10,298 [INFO] IPUIPlugin:74 - create IPUIPlugin
2025-10-13 16:25:10,298 [INFO] PluginManager:213 - loadIPPluginJar : add usbx
2025-10-13 16:25:10,661 [FATAL] Updater:294 - Updater called before beeing initialized
2025-10-13 16:25:10,788 [FATAL] Updater:294 - Updater called before beeing initialized
2025-10-13 16:25:10,794 [INFO] DbMcusAds:47 - JSON generation date=Tue Jul 08 15:14:23 ICT 2025 (1751962463524)
2025-10-13 16:25:10,794 [FATAL] Updater:294 - Updater called before beeing initialized
2025-10-13 16:25:11,560 [WARN] DetailPanel:314 - Failed to get advertising image, set to default
2025-10-13 16:25:11,637 [INFO] ThirdPartyUpdaterWithRetryManager:66 - Updater plugin not ready yet. [2/15]
2025-10-13 16:25:11,762 [FATAL] Updater:294 - Updater called before beeing initialized
2025-10-13 16:25:11,765 [FATAL] Updater:294 - Updater called before beeing initialized
2025-10-13 16:25:11,765 [FATAL] Updater:294 - Updater called before beeing initialized
2025-10-13 16:25:11,765 [WARN] DetailPanel:314 - Failed to get advertising image, set to default
2025-10-13 16:25:11,767 [FATAL] Updater:294 - Updater called before beeing initialized
2025-10-13 16:25:11,813 [ERROR] Updater:1075 - MainUpdater not yet initialized. External WinMGr cannot be set.
2025-10-13 16:25:11,815 [INFO] Updater:1012 - Updater Version found : 6.3.0
2025-10-13 16:25:11,850 [INFO] ApplicationProperties:181 - Using Application install path: /Applications/STM32CubeIDE.app/Contents/Eclipse/plugins/com.st.stm32cube.common.mx_6.3.0.202107141111
2025-10-13 16:25:12,558 [INFO] MainUpdater:2671 - connection check result : 10
2025-10-13 16:25:12,561 [INFO] MainUpdater:265 - Updater Check For Update Now.
2025-10-13 16:25:12,561 [INFO] MicroXplorer:478 - Change Database Version : DB.6.0.30
2025-10-13 16:25:12,773 [INFO] CheckServerUpdateThread:112 - End of CheckServer Thread
2025-10-13 16:25:12,788 [INFO] MainUpdater:2671 - connection check result : 10
2025-10-13 16:25:12,789 [INFO] MainUpdater:2671 - connection check result : 10
2025-10-13 16:25:13,559 [INFO] MicroXplorer:448 - Change Database Path : 
2025-10-13 16:25:13,559 [INFO] MicroXplorer:478 - Change Database Version : DB.6.0.30
2025-10-13 16:25:13,560 [WARN] ThirdParty:813 - waiting for thirdparty lock release [close project]
2025-10-13 16:25:14,858 [ERROR] Engine:463 - /Users/admin/.stm32cubemx/thirdparties/pdsc/STMicroelectronics.FP-SNS-MOTENVWB1.1.4.0.pdsc: PDSC version is not supported
2025-10-13 16:25:14,888 [WARN] PackLoader:238 - Cannot read IP mode file for STMicroelectronics.FP-ATR-ASTRA1.2.0.2
2025-10-13 16:25:14,896 [ERROR] Engine:463 - /Users/admin/.stm32cubemx/thirdparties/pdsc/STMicroelectronics.X-CUBE-SMBUS.2.1.0.pdsc: PDSC version is not supported
2025-10-13 16:25:14,898 [ERROR] Engine:463 - /Users/admin/.stm32cubemx/thirdparties/pdsc/STMicroelectronics.X-CUBE-ST60.1.0.0.pdsc: PDSC version is not supported
2025-10-13 16:25:14,927 [WARN] PackLoader:238 - Cannot read IP mode file for STMicroelectronics.X-CUBE-AZRTOS-F7.1.1.0
2025-10-13 16:25:14,933 [ERROR] Engine:463 - /Users/admin/.stm32cubemx/thirdparties/pdsc/Cesanta.I-CUBE-Mongoose.7.19.0.pdsc: PDSC version is not supported
2025-10-13 16:25:14,937 [ERROR] Engine:463 - /Users/admin/.stm32cubemx/thirdparties/pdsc/WES.I-CUBE-Cesium.1.4.0.pdsc: PDSC version is not supported
2025-10-13 16:25:14,943 [ERROR] Engine:463 - /Users/admin/.stm32cubemx/thirdparties/pdsc/Infineon.AIROC-Wi-Fi-Bluetooth-STM32.1.7.1.pdsc: PDSC version is not supported
2025-10-13 16:25:14,970 [WARN] PackLoader:238 - Cannot read IP mode file for STMicroelectronics.X-CUBE-AZRTOS-H7.3.4.0
2025-10-13 16:25:14,989 [ERROR] Engine:463 - /Users/admin/.stm32cubemx/thirdparties/pdsc/STMicroelectronics.X-CUBE-DISPLAY.3.0.0.pdsc: PDSC version is not supported
2025-10-13 16:25:15,001 [WARN] PackLoader:238 - Cannot read IP mode file for STMicroelectronics.X-CUBE-NFC10.1.0.0
2025-10-13 16:25:15,008 [ERROR] Engine:463 - /Users/admin/.stm32cubemx/thirdparties/pdsc/emotas.I-CUBE-CANOPEN.1.3.0.pdsc: PDSC version is not supported
2025-10-13 16:25:15,012 [ERROR] Engine:463 - /Users/admin/.stm32cubemx/thirdparties/pdsc/STMicroelectronics.FP-SNS-STBOX1.2.1.0.pdsc: PDSC version is not supported
2025-10-13 16:25:15,015 [ERROR] Engine:463 - /Users/admin/.stm32cubemx/thirdparties/pdsc/STMicroelectronics.FP-SNS-SMARTAG2.1.2.0.pdsc: PDSC version is not supported
2025-10-13 16:25:15,017 [ERROR] Engine:463 - /Users/admin/.stm32cubemx/thirdparties/pdsc/STMicroelectronics.FP-SNS-FLIGHT1.5.1.0.pdsc: PDSC version is not supported
2025-10-13 16:25:15,027 [INFO] LogOutputStream:76 - [STDOUT_REDIRECT] 1 : Invalid condition id : UX_CORESTACK_Condition cause : null
2025-10-13 16:25:15,028 [INFO] LogOutputStream:76 - [STDOUT_REDIRECT] 1 : Invalid condition id : UX_CORESTACK_Condition cause : null
2025-10-13 16:25:15,028 [INFO] LogOutputStream:76 - [STDOUT_REDIRECT] 1 : Invalid condition id : UX_CORESTACK_Condition cause : null
2025-10-13 16:25:15,028 [INFO] LogOutputStream:76 - [STDOUT_REDIRECT] 1 : Invalid condition id : UX_CORESTACK_Condition cause : null
2025-10-13 16:25:15,028 [INFO] LogOutputStream:76 - [STDOUT_REDIRECT] 1 : Invalid condition id : UX_CORESTACK_Condition cause : null
2025-10-13 16:25:15,033 [WARN] PackLoader:238 - Cannot read IP mode file for STMicroelectronics.X-CUBE-AZRTOS-WL.2.0.0
2025-10-13 16:25:15,038 [ERROR] Engine:463 - /Users/admin/.stm32cubemx/thirdparties/pdsc/STMicroelectronics.FP-SNS-MOTENV1.5.0.0.pdsc: PDSC version is not supported
2025-10-13 16:25:15,042 [WARN] PackLoader:238 - Cannot read IP mode file for STMicroelectronics.X-CUBE-BLE2.3.3.0
2025-10-13 16:25:15,051 [WARN] PackLoader:238 - Cannot read IP mode file for STMicroelectronics.X-CUBE-NFC9.1.0.0
2025-10-13 16:25:15,059 [WARN] PackLoader:238 - Cannot read IP mode file for wolfSSL.I-CUBE-wolfSSL.5.8.2
2025-10-13 16:25:15,065 [WARN] PackLoader:238 - Cannot read IP mode file for STMicroelectronics.X-CUBE-BLE1.7.1.0
2025-10-13 16:25:15,068 [WARN] PackLoader:238 - Cannot read IP mode file for wolfSSL.I-CUBE-wolfMQTT.1.19.2
2025-10-13 16:25:15,075 [WARN] PackLoader:238 - Cannot read IP mode file for STMicroelectronics.X-CUBE-EEPRMA1.5.2.0
2025-10-13 16:25:15,114 [WARN] PackLoader:238 - Cannot read IP mode file for STMicroelectronics.X-CUBE-AZRTOS-G0.1.1.0
2025-10-13 16:25:15,126 [WARN] PackLoader:238 - Cannot read IP mode file for STMicroelectronics.X-CUBE-SAFEA1.1.2.2
2025-10-13 16:25:15,133 [WARN] PackLoader:238 - Cannot read IP mode file for STMicroelectronics.X-CUBE-NFC4.3.0.0
2025-10-13 16:25:15,137 [ERROR] Engine:463 - /Users/admin/.stm32cubemx/thirdparties/pdsc/EmbeddedOffice.I-CUBE-FS-RTOS.1.0.1.pdsc: PDSC version is not supported
2025-10-13 16:25:15,142 [WARN] PackLoader:238 - Cannot read IP mode file for STMicroelectronics.X-CUBE-WB05N.2.0.0
2025-10-13 16:25:15,146 [WARN] PackLoader:238 - Cannot read IP mode file for wolfSSL.I-CUBE-wolfTPM.3.8.0
2025-10-13 16:25:15,149 [ERROR] Engine:463 - /Users/admin/.stm32cubemx/thirdparties/pdsc/STMicroelectronics.X-CUBE-TCPP.4.2.0.pdsc: PDSC version is not supported
2025-10-13 16:25:15,151 [ERROR] Engine:463 - /Users/admin/.stm32cubemx/thirdparties/pdsc/RealThread.X-CUBE-RT-Thread_Nano.4.1.1.pdsc: PDSC version is not supported
2025-10-13 16:25:15,155 [WARN] PackLoader:238 - Cannot read IP mode file for STMicroelectronics.FP-ATR-SIGFOX1.3.2.0
2025-10-13 16:25:15,160 [ERROR] Engine:463 - /Users/admin/.stm32cubemx/thirdparties/pdsc/ITTIA_DB.I-CUBE-ITTIADB.8.9.0.pdsc: PDSC version is not supported
2025-10-13 16:25:15,162 [ERROR] Engine:463 - /Users/admin/.stm32cubemx/thirdparties/pdsc/STMicroelectronics.X-CUBE-ST67W61.1.0.0.pdsc: PDSC version is not supported
2025-10-13 16:25:15,166 [WARN] PackLoader:238 - Cannot read IP mode file for STMicroelectronics.X-CUBE-AI.10.2.0
2025-10-13 16:25:15,212 [WARN] PackLoader:238 - Cannot read IP mode file for SEGGER.I-CUBE-embOS.1.3.1
2025-10-13 16:25:15,282 [WARN] PackLoader:238 - Cannot read IP mode file for STMicroelectronics.X-CUBE-ALGOBUILD.1.4.0
2025-10-13 16:25:15,346 [WARN] PackLoader:238 - Cannot read IP mode file for STMicroelectronics.X-CUBE-MEMS1.11.3.0
2025-10-13 16:25:15,636 [WARN] PackLoader:238 - Cannot read IP mode file for STMicroelectronics.X-CUBE-PM33A1.1.0.0
2025-10-13 16:25:15,667 [WARN] PackLoader:238 - Cannot read IP mode file for STMicroelectronics.X-CUBE-AZRTOS-F4.1.1.0
2025-10-13 16:25:15,675 [WARN] PackLoader:238 - Cannot read IP mode file for STMicroelectronics.X-CUBE-ISPU.2.1.0
2025-10-13 16:25:15,681 [ERROR] Engine:463 - /Users/admin/.stm32cubemx/thirdparties/pdsc/STMicroelectronics.X-CUBE-IPS.3.2.0.pdsc: PDSC version is not supported
2025-10-13 16:25:15,687 [WARN] PackLoader:238 - Cannot read IP mode file for STMicroelectronics.X-CUBE-NFC12.1.0.0
2025-10-13 16:25:15,706 [WARN] PackLoader:238 - Cannot read IP mode file for STMicroelectronics.X-CUBE-AZRTOS-L5.2.0.0
2025-10-13 16:25:15,717 [WARN] PackLoader:238 - Cannot read IP mode file for STMicroelectronics.X-CUBE-NFC6.3.1.0
2025-10-13 16:25:15,722 [ERROR] Engine:463 - /Users/admin/.stm32cubemx/thirdparties/pdsc/STMicroelectronics.X-CUBE-FREERTOS.1.3.1.pdsc: PDSC version is not supported
2025-10-13 16:25:15,725 [WARN] PackLoader:238 - Cannot read IP mode file for STMicroelectronics.X-CUBE-TOUCHGFX.4.26.0
2025-10-13 16:25:15,738 [ERROR] Engine:463 - /Users/admin/.stm32cubemx/thirdparties/pdsc/STMicroelectronics.FP-SNS-STAIOTCFT.1.0.0.pdsc: PDSC version is not supported
2025-10-13 16:25:15,741 [ERROR] Engine:463 - /Users/admin/.stm32cubemx/thirdparties/pdsc/STMicroelectronics.X-CUBE-DPower.1.3.0.pdsc: PDSC version is not supported
2025-10-13 16:25:15,760 [WARN] ConditionMgr:437 - getConditionDescription Invalid condition id : LAN8742 Phy interface Condition cause : null
2025-10-13 16:25:15,761 [WARN] PackLoader:238 - Cannot read IP mode file for STMicroelectronics.X-CUBE-AZRTOS-L4.2.0.0
2025-10-13 16:25:15,763 [WARN] ConditionMgr:1038 - genDependencies : Invalid condition id : LAN8742 Phy interface Condition cause : null
2025-10-13 16:25:15,763 [WARN] ConditionMgr:1038 - genDependencies : Invalid condition id : LAN8742 Phy interface Condition cause : null
2025-10-13 16:25:15,763 [WARN] ConditionMgr:1038 - genDependencies : Invalid condition id : LAN8742 Phy interface Condition cause : null
2025-10-13 16:25:15,770 [WARN] PackLoader:238 - Cannot read IP mode file for STMicroelectronics.X-CUBE-SFXS2LP1.4.0.0
2025-10-13 16:25:15,776 [ERROR] Engine:463 - /Users/admin/.stm32cubemx/thirdparties/pdsc/STMicroelectronics.X-CUBE-BLEMGR.4.1.0.pdsc: PDSC version is not supported
2025-10-13 16:25:15,789 [WARN] ConditionMgr:437 - getConditionDescription Invalid condition id : UX DEVICE CLASS RTOS Condition cause : null
2025-10-13 16:25:15,789 [WARN] ConditionMgr:437 - getConditionDescription Invalid condition id : UX DEVICE CLASS RTOS Condition cause : null
2025-10-13 16:25:15,792 [WARN] PackLoader:238 - Cannot read IP mode file for STMicroelectronics.X-CUBE-AZRTOS-WB.2.0.0
2025-10-13 16:25:15,793 [WARN] ConditionMgr:1038 - genDependencies : Invalid condition id : UX DEVICE CLASS RTOS Condition cause : null
2025-10-13 16:25:15,793 [WARN] ConditionMgr:1038 - genDependencies : Invalid condition id : UX DEVICE CLASS RTOS Condition cause : null
2025-10-13 16:25:15,794 [WARN] ConditionMgr:1038 - genDependencies : Invalid condition id : UX DEVICE CLASS RTOS Condition cause : null
2025-10-13 16:25:15,794 [WARN] ConditionMgr:1038 - genDependencies : Invalid condition id : UX DEVICE CLASS RTOS Condition cause : null
2025-10-13 16:25:15,794 [WARN] ConditionMgr:1038 - genDependencies : Invalid condition id : UX DEVICE CLASS RTOS Condition cause : null
2025-10-13 16:25:15,801 [WARN] PackLoader:238 - Cannot read IP mode file for STMicroelectronics.X-CUBE-GNSS1.7.0.1
2025-10-13 16:25:15,806 [WARN] PackLoader:238 - Cannot read IP mode file for STMicroelectronics.X-CUBE-TOUCHGFX.4.25.0
2025-10-13 16:25:15,808 [ERROR] Engine:463 - /Users/admin/.stm32cubemx/thirdparties/pdsc/quantropi.X-CUBE-qispace-sdk-base.2.1.0.pdsc: PDSC version is not supported
2025-10-13 16:25:15,818 [WARN] PackLoader:238 - Cannot read IP mode file for STMicroelectronics.X-CUBE-SUBG2.5.0.0
2025-10-13 16:25:15,860 [WARN] PackLoader:238 - Cannot read IP mode file for STMicroelectronics.X-CUBE-AZRTOS-H7RS.1.1.0
2025-10-13 16:25:15,880 [WARN] PackLoader:238 - Cannot read IP mode file for STMicroelectronics.X-CUBE-AZRTOS-G4.2.0.0
2025-10-13 16:25:15,884 [WARN] PackLoader:238 - Cannot read IP mode file for wolfSSL.I-CUBE-wolfSSH.1.4.20
2025-10-13 16:25:15,888 [WARN] PackLoader:238 - Cannot read IP mode file for STMicroelectronics.X-CUBE-NFC7.2.0.0
2025-10-13 16:25:15,896 [ERROR] Engine:463 - /Users/admin/.stm32cubemx/thirdparties/pdsc/STMicroelectronics.X-CUBE-IPS.3.1.0.pdsc: PDSC version is not supported
2025-10-13 16:25:15,898 [ERROR] Engine:463 - /Users/admin/.stm32cubemx/thirdparties/pdsc/STMicroelectronics.X-CUBE-ALS.1.0.2.pdsc: PDSC version is not supported
2025-10-13 16:25:15,904 [WARN] PackLoader:238 - Cannot read IP mode file for STMicroelectronics.X-CUBE-STSE01.1.0.0
2025-10-13 16:25:15,943 [ERROR] Engine:463 - /Users/admin/.stm32cubemx/thirdparties/pdsc/STMicroelectronics.X-CUBE-TOF1.3.4.3.pdsc: PDSC version is not supported
2025-10-13 16:25:15,944 [INFO] ThirdParty:915 - Integrity check success = true
2025-10-13 16:25:15,945 [INFO] IntegrityCheckThread:94 - exiting critical section [integrity check]
2025-10-13 16:25:15,945 [INFO] IntegrityCheckThread:97 - End integrity checks thread
2025-10-13 16:25:15,945 [INFO] ThirdParty:815 - entering critical section [close project]
2025-10-13 16:25:15,946 [INFO] ThirdParty:825 - exiting critical section [close project]
2025-10-13 16:25:15,957 [INFO] PinOutPanel:1463 - setPackage(No Configuration,No Configuration)
2025-10-13 16:25:15,962 [INFO] UtilMem:74 - Begin LoadConfig() Used Memory: 569993272 Bytes (641728512)
2025-10-13 16:25:15,963 [INFO] MicroXplorer:448 - Change Database Path : 
2025-10-13 16:25:15,963 [INFO] MicroXplorer:478 - Change Database Version : DB.6.0.30
2025-10-13 16:25:15,964 [INFO] OpenFileManager:313 - Change cursor
2025-10-13 16:25:16,798 [INFO] Context:592 - Trying to add GPIOservice into a context  which must be forbidden
2025-10-13 16:25:17,092 [WARN] ApiManager:304 - Cannot register API 'Board Extension:PM33A1' from pack STMicroelectronics.X-CUBE-PM33A1.1.0.0: no header file found
2025-10-13 16:25:17,097 [WARN] ApiManager:304 - Cannot register API 'Board Extension:NFC09A1' from pack STMicroelectronics.X-CUBE-NFC9.1.0.0: no header file found
2025-10-13 16:25:17,110 [WARN] ApiManager:304 - Cannot register API 'Wireless:BlueNRG-MS' from pack STMicroelectronics.X-CUBE-BLE1.7.1.0: no header file found
2025-10-13 16:25:17,114 [WARN] ApiManager:304 - Cannot register API 'Board Extension:EEPRMA2' from pack STMicroelectronics.X-CUBE-EEPRMA1.5.2.0: no header file found
2025-10-13 16:25:17,114 [WARN] ApiManager:304 - Cannot register API 'Board Extension:PGEEZ1' from pack STMicroelectronics.X-CUBE-EEPRMA1.5.2.0: no header file found
2025-10-13 16:25:17,114 [WARN] ApiManager:304 - Cannot register API 'Board Extension:EEICA1' from pack STMicroelectronics.X-CUBE-EEPRMA1.5.2.0: no header file found
2025-10-13 16:25:17,114 [WARN] ApiManager:304 - Cannot register API 'Board Part:M24' from pack STMicroelectronics.X-CUBE-EEPRMA1.5.2.0: no header file found
2025-10-13 16:25:17,114 [WARN] ApiManager:304 - Cannot register API 'Board Part:M95' from pack STMicroelectronics.X-CUBE-EEPRMA1.5.2.0: no header file found
2025-10-13 16:25:17,115 [WARN] ApiManager:304 - Cannot register API 'Board Part:M95P32' from pack STMicroelectronics.X-CUBE-EEPRMA1.5.2.0: no header file found
2025-10-13 16:25:17,115 [WARN] ApiManager:304 - Cannot register API 'Board Part:M24256E-F' from pack STMicroelectronics.X-CUBE-EEPRMA1.5.2.0: no header file found
2025-10-13 16:25:17,115 [WARN] ApiManager:304 - Cannot register API 'Board Part:M24M01E-F' from pack STMicroelectronics.X-CUBE-EEPRMA1.5.2.0: no header file found
2025-10-13 16:25:17,115 [WARN] ApiManager:304 - Cannot register API 'PGEEZ1:SPI' from pack STMicroelectronics.X-CUBE-EEPRMA1.5.2.0: no header file found
2025-10-13 16:25:17,115 [WARN] ApiManager:304 - Cannot register API 'PGEEZ1:QDSPI' from pack STMicroelectronics.X-CUBE-EEPRMA1.5.2.0: no header file found
2025-10-13 16:25:17,118 [WARN] ApiManager:304 - Cannot register API 'Board Extension:GNSS1A1' from pack STMicroelectronics.X-CUBE-GNSS1.7.0.1: no header file found
2025-10-13 16:25:17,119 [WARN] ApiManager:304 - Cannot register API 'Board Support:Custom' from pack STMicroelectronics.X-CUBE-GNSS1.7.0.1: no header file found
2025-10-13 16:25:17,119 [WARN] ApiManager:304 - Cannot register API 'Data Exchange:lib_gnss' from pack STMicroelectronics.X-CUBE-GNSS1.7.0.1: no header file found
2025-10-13 16:25:17,120 [WARN] ApiManager:304 - Cannot register API 'Board Extension:NFC12A1' from pack STMicroelectronics.X-CUBE-NFC12.1.0.0: no header file found
2025-10-13 16:25:17,131 [WARN] ApiManager:304 - Cannot register API 'Board Extension:NFC06A1' from pack STMicroelectronics.X-CUBE-NFC6.3.1.0: no header file found
2025-10-13 16:25:17,132 [WARN] ApiManager:304 - Cannot register API 'Board Extension:NFC08A1' from pack STMicroelectronics.X-CUBE-NFC6.3.1.0: no header file found
2025-10-13 16:25:17,134 [INFO] RtosManager:484 - Registered RTOS mode: class=CMSIS, group=RTOS, mode=CMSIS_V1, owner=FREERTOS
2025-10-13 16:25:17,134 [INFO] RtosManager:484 - Registered RTOS mode: class=CMSIS, group=RTOS2, mode=CMSIS_V2, owner=FREERTOS
2025-10-13 16:25:17,134 [INFO] RtosManager:484 - Registered RTOS mode: class=RTOS, group=Core, mode=CMSIS_V1, owner=FREERTOS
2025-10-13 16:25:17,134 [INFO] RtosManager:484 - Registered RTOS mode: class=RTOS, group=Core, mode=CMSIS_V2, owner=FREERTOS
2025-10-13 16:25:17,134 [WARN] ModelIntegratedComponent:181 - Missing modes for component STMicroelectronics:FreeRTOS:0.0.1:STMicroelectronics:RTOS:FreeRTOS:Core:::10.2.0:
2025-10-13 16:25:17,136 [WARN] ApiManager:304 - Cannot register API 'Board Extension:STSAFEA1' from pack STMicroelectronics.X-CUBE-SAFEA1.1.2.2: no header file found
2025-10-13 16:25:17,136 [WARN] ApiManager:304 - Cannot register API 'Board Part:STSAFEA110' from pack STMicroelectronics.X-CUBE-SAFEA1.1.2.2: no header file found
2025-10-13 16:25:17,137 [WARN] ApiManager:304 - Cannot register API 'Security:ST_Cryptolib' from pack STMicroelectronics.X-CUBE-SAFEA1.1.2.2: no header file found
2025-10-13 16:25:17,137 [WARN] ApiManager:304 - Cannot register API 'Security:MbedTLS' from pack STMicroelectronics.X-CUBE-SAFEA1.1.2.2: no header file found
2025-10-13 16:25:17,138 [WARN] ApiManager:304 - Cannot register API 'Board Extension:NFC04A1' from pack STMicroelectronics.X-CUBE-NFC4.3.0.0: no header file found
2025-10-13 16:25:17,147 [WARN] ApiManager:304 - Cannot register API 'Board Extension:S2868A1' from pack STMicroelectronics.X-CUBE-SUBG2.5.0.0: no header file found
2025-10-13 16:25:17,147 [WARN] ApiManager:304 - Cannot register API 'Board Extension:S2868A2' from pack STMicroelectronics.X-CUBE-SUBG2.5.0.0: no header file found
2025-10-13 16:25:17,147 [WARN] ApiManager:304 - Cannot register API 'Board Extension:S2915A1' from pack STMicroelectronics.X-CUBE-SUBG2.5.0.0: no header file found
2025-10-13 16:25:17,152 [WARN] ApiManager:304 - Cannot register API 'Wireless:STM32WB05N' from pack STMicroelectronics.X-CUBE-WB05N.2.0.0: no header file found
2025-10-13 16:25:17,157 [WARN] ApiManager:304 - Cannot register API 'Board Extension:NFC07A1' from pack STMicroelectronics.X-CUBE-NFC7.2.0.0: no header file found
2025-10-13 16:25:17,158 [WARN] ApiManager:304 - Cannot register API 'Board Extension:NFC10A1' from pack STMicroelectronics.X-CUBE-NFC10.1.0.0: no header file found
2025-10-13 16:25:17,160 [WARN] ModelIntegratedComponent:60 - No mode defined for component null
2025-10-13 16:25:17,160 [WARN] ModelIntegratedComponent:60 - No mode defined for component null
2025-10-13 16:25:17,161 [WARN] ModelIntegratedComponent:60 - No mode defined for component null
2025-10-13 16:25:17,161 [WARN] ModelIntegratedComponent:60 - No mode defined for component null
2025-10-13 16:25:17,161 [WARN] ModelIntegratedComponent:60 - No mode defined for component null
2025-10-13 16:25:17,161 [WARN] ModelIntegratedComponent:60 - No mode defined for component null
2025-10-13 16:25:17,161 [WARN] ModelIntegratedComponent:60 - No mode defined for component null
2025-10-13 16:25:17,161 [WARN] ModelIntegratedComponent:60 - No mode defined for component null
2025-10-13 16:25:17,161 [WARN] ModelIntegratedComponent:60 - No mode defined for component null
2025-10-13 16:25:17,162 [WARN] ModelIntegratedComponent:60 - No mode defined for component null
2025-10-13 16:25:17,162 [WARN] ModelIntegratedComponent:60 - No mode defined for component null
2025-10-13 16:25:17,162 [WARN] ModelIntegratedComponent:60 - No mode defined for component null
2025-10-13 16:25:17,162 [WARN] ModelIntegratedComponent:60 - No mode defined for component null
2025-10-13 16:25:17,162 [WARN] ModelIntegratedComponent:60 - No mode defined for component null
2025-10-13 16:25:17,162 [WARN] ModelIntegratedComponent:60 - No mode defined for component null
2025-10-13 16:25:17,162 [WARN] ModelIntegratedComponent:60 - No mode defined for component null
2025-10-13 16:25:17,162 [WARN] ModelIntegratedComponent:60 - No mode defined for component null
2025-10-13 16:25:17,162 [WARN] ModelIntegratedComponent:60 - No mode defined for component null
2025-10-13 16:25:17,163 [WARN] ModelIntegratedComponent:60 - No mode defined for component null
2025-10-13 16:25:17,163 [WARN] ModelIntegratedComponent:60 - No mode defined for component null
2025-10-13 16:25:17,163 [WARN] ModelIntegratedComponent:60 - No mode defined for component null
2025-10-13 16:25:17,163 [WARN] ModelIntegratedComponent:60 - No mode defined for component null
2025-10-13 16:25:17,163 [WARN] ModelIntegratedComponent:60 - No mode defined for component null
2025-10-13 16:25:17,163 [WARN] ModelIntegratedComponent:60 - No mode defined for component null
2025-10-13 16:25:17,163 [WARN] ModelIntegratedComponent:60 - No mode defined for component null
2025-10-13 16:25:17,163 [WARN] ModelIntegratedComponent:60 - No mode defined for component null
2025-10-13 16:25:17,163 [WARN] ModelIntegratedComponent:60 - No mode defined for component null
2025-10-13 16:25:17,164 [WARN] ModelIntegratedComponent:60 - No mode defined for component null
2025-10-13 16:25:17,164 [WARN] ModelIntegratedComponent:60 - No mode defined for component null
2025-10-13 16:25:17,164 [WARN] ModelIntegratedComponent:60 - No mode defined for component null
2025-10-13 16:25:17,164 [WARN] ModelIntegratedComponent:60 - No mode defined for component null
2025-10-13 16:25:17,166 [WARN] ApiManager:304 - Cannot register API 'Board Extension:SAFEA1' from pack STMicroelectronics.X-CUBE-STSE01.1.0.0: no header file found
2025-10-13 16:25:17,167 [WARN] ApiManager:304 - Cannot register API 'Board Extension:ESE01A1' from pack STMicroelectronics.X-CUBE-STSE01.1.0.0: no header file found
2025-10-13 16:25:17,167 [WARN] ApiManager:304 - Cannot register API 'Board Part:STSAFEA110' from pack STMicroelectronics.X-CUBE-STSE01.1.0.0: no header file found
2025-10-13 16:25:17,167 [WARN] ApiManager:304 - Cannot register API 'Board Part:STSAFEA120' from pack STMicroelectronics.X-CUBE-STSE01.1.0.0: no header file found
2025-10-13 16:25:17,167 [WARN] ApiManager:304 - Cannot register API 'Security:STM32_Cryptographic' from pack STMicroelectronics.X-CUBE-STSE01.1.0.0: no header file found
2025-10-13 16:25:17,167 [WARN] ApiManager:304 - Cannot register API 'Security:STSELib' from pack STMicroelectronics.X-CUBE-STSE01.1.0.0: no header file found
2025-10-13 16:25:17,584 [WARN] ApiManager:304 - Cannot register API 'Board Extension:IKS01A3' from pack STMicroelectronics.X-CUBE-MEMS1.11.3.0: no header file found
2025-10-13 16:25:17,584 [WARN] ApiManager:304 - Cannot register API 'Board Extension:IKS02A1' from pack STMicroelectronics.X-CUBE-MEMS1.11.3.0: no header file found
2025-10-13 16:25:17,585 [WARN] ApiManager:304 - Cannot register API 'Board Extension:IKS4A1' from pack STMicroelectronics.X-CUBE-MEMS1.11.3.0: no header file found
2025-10-13 16:25:17,597 [WARN] ApiManager:304 - Cannot register API 'Board Extension:S2868A1' from pack STMicroelectronics.X-CUBE-SFXS2LP1.4.0.0: no header file found
2025-10-13 16:25:17,597 [WARN] ApiManager:304 - Cannot register API 'Board Extension:S2868A2' from pack STMicroelectronics.X-CUBE-SFXS2LP1.4.0.0: no header file found
2025-10-13 16:25:17,597 [WARN] ApiManager:304 - Cannot register API 'Board Extension:S2915A1' from pack STMicroelectronics.X-CUBE-SFXS2LP1.4.0.0: no header file found
2025-10-13 16:25:17,598 [WARN] ApiManager:304 - Cannot register API 'Wireless:BlueNRG-2' from pack STMicroelectronics.X-CUBE-BLE2.3.3.0: no header file found
2025-10-13 16:25:18,720 [INFO] UtilMem:74 - End LoadConfig() Used Memory: 584802024 Bytes (641728512)
2025-10-13 16:25:18,722 [INFO] DbMcusXml:100 - Load MCU database from /Applications/STM32CubeIDE.app/Contents/Eclipse/plugins/com.st.stm32cube.common.mx_6.3.0.202107141111//db//mcu/families.xml
2025-10-13 16:25:20,278 [INFO] DbMcusJson:93 - JSON generation date=Tue Nov 16 23:17:54 ICT 2021 (1637079474)
2025-10-13 16:25:21,390 [INFO] DbMcus:175 - Found 1951 MCUs (1903 are supported by CubeMX, 1914 are visible in CubeMX)
2025-10-13 16:25:21,392 [INFO] ApiDb:251 - Load user favorites file /Users/admin/.stm32cubeide/favorites.mcus.txt: 0 item(s)
2025-10-13 16:25:21,393 [INFO] ApiDb:255 - User favorites MCUs=[]
2025-10-13 16:25:21,393 [INFO] DbMcus:187 - Set 0 / 0 favorites MCUs
2025-10-13 16:25:21,396 [WARN] ThirdParty:779 - waiting for thirdparty lock release [change project]
2025-10-13 16:25:21,396 [INFO] ThirdParty:781 - entering critical section [change project]
2025-10-13 16:25:21,397 [INFO] ThirdParty:967 - CMSIS Pack Vendor :STMicroelectronics X-CUBE-PM33A1 1.0.0
2025-10-13 16:25:21,397 [INFO] ThirdParty:967 - CMSIS Pack Vendor :STMicroelectronics X-CUBE-NFC9 1.0.0
2025-10-13 16:25:21,397 [INFO] ThirdParty:967 - CMSIS Pack Vendor :STMicroelectronics USB_HOST 2.0.0
2025-10-13 16:25:21,397 [INFO] ThirdParty:967 - CMSIS Pack Vendor :STMicroelectronics X-CUBE-AZRTOS-F4 1.1.0
2025-10-13 16:25:21,397 [INFO] ThirdParty:967 - CMSIS Pack Vendor :STMicroelectronics FP-ATR-ASTRA1 2.0.2
2025-10-13 16:25:21,397 [INFO] ThirdParty:967 - CMSIS Pack Vendor :wolfSSL I-CUBE-wolfSSL 5.8.2
2025-10-13 16:25:21,397 [INFO] ThirdParty:967 - CMSIS Pack Vendor :STMicroelectronics X-CUBE-BLE1 7.1.0
2025-10-13 16:25:21,397 [INFO] ThirdParty:967 - CMSIS Pack Vendor :wolfSSL I-CUBE-wolfMQTT 1.19.2
2025-10-13 16:25:21,397 [INFO] ThirdParty:967 - CMSIS Pack Vendor :STMicroelectronics USB_DEVICE 3.0.0
2025-10-13 16:25:21,397 [INFO] ThirdParty:967 - CMSIS Pack Vendor :STMicroelectronics X-CUBE-ISPU 2.1.0
2025-10-13 16:25:21,398 [INFO] ThirdParty:967 - CMSIS Pack Vendor :STMicroelectronics X-CUBE-EEPRMA1 5.2.0
2025-10-13 16:25:21,398 [INFO] ThirdParty:967 - CMSIS Pack Vendor :STMicroelectronics X-CUBE-AZRTOS-WB 2.0.0
2025-10-13 16:25:21,398 [INFO] ThirdParty:967 - CMSIS Pack Vendor :STMicroelectronics X-CUBE-GNSS1 7.0.1
2025-10-13 16:25:21,398 [INFO] ThirdParty:967 - CMSIS Pack Vendor :STMicroelectronics X-CUBE-NFC12 1.0.0
2025-10-13 16:25:21,398 [INFO] ThirdParty:967 - CMSIS Pack Vendor :STMicroelectronics X-CUBE-AZRTOS-F7 1.1.0
2025-10-13 16:25:21,398 [INFO] ThirdParty:967 - CMSIS Pack Vendor :STMicroelectronics X-CUBE-AZRTOS-L5 2.0.0
2025-10-13 16:25:21,398 [INFO] ThirdParty:967 - CMSIS Pack Vendor :STMicroelectronics X-CUBE-TOUCHGFX 4.25.0
2025-10-13 16:25:21,398 [INFO] ThirdParty:967 - CMSIS Pack Vendor :STMicroelectronics USB_DEVICE 2.0.0
2025-10-13 16:25:21,398 [INFO] ThirdParty:967 - CMSIS Pack Vendor :STMicroelectronics X-CUBE-NFC6 3.1.0
2025-10-13 16:25:21,398 [INFO] ThirdParty:967 - CMSIS Pack Vendor :STMicroelectronics FreeRTOS 0.0.1
2025-10-13 16:25:21,399 [INFO] ThirdParty:967 - CMSIS Pack Vendor :STMicroelectronics X-CUBE-AZRTOS-G0 1.1.0
2025-10-13 16:25:21,399 [INFO] ThirdParty:967 - CMSIS Pack Vendor :STMicroelectronics X-CUBE-SAFEA1 1.2.2
2025-10-13 16:25:21,399 [INFO] ThirdParty:967 - CMSIS Pack Vendor :STMicroelectronics X-CUBE-NFC4 3.0.0
2025-10-13 16:25:21,399 [INFO] ThirdParty:967 - CMSIS Pack Vendor :STMicroelectronics X-CUBE-SUBG2 5.0.0
2025-10-13 16:25:21,399 [INFO] ThirdParty:967 - CMSIS Pack Vendor :STMicroelectronics X-CUBE-AZRTOS-H7RS 1.1.0
2025-10-13 16:25:21,399 [INFO] ThirdParty:967 - CMSIS Pack Vendor :STMicroelectronics lwIP 2.0.3
2025-10-13 16:25:21,399 [INFO] ThirdParty:967 - CMSIS Pack Vendor :STMicroelectronics USB_HOST 1.0.0
2025-10-13 16:25:21,399 [INFO] ThirdParty:967 - CMSIS Pack Vendor :STMicroelectronics X-CUBE-AZRTOS-G4 2.0.0
2025-10-13 16:25:21,399 [INFO] ThirdParty:967 - CMSIS Pack Vendor :STMicroelectronics X-CUBE-WB05N 2.0.0
2025-10-13 16:25:21,399 [INFO] ThirdParty:967 - CMSIS Pack Vendor :STMicroelectronics PDM2PCM 3.1.0
2025-10-13 16:25:21,399 [INFO] ThirdParty:967 - CMSIS Pack Vendor :STMicroelectronics PDM2PCM 3.3.0
2025-10-13 16:25:21,400 [INFO] ThirdParty:967 - CMSIS Pack Vendor :wolfSSL I-CUBE-wolfTPM 3.8.0
2025-10-13 16:25:21,400 [INFO] ThirdParty:967 - CMSIS Pack Vendor :STMicroelectronics X-CUBE-AZRTOS-H7 3.4.0
2025-10-13 16:25:21,400 [INFO] ThirdParty:967 - CMSIS Pack Vendor :wolfSSL I-CUBE-wolfSSH 1.4.20
2025-10-13 16:25:21,400 [INFO] ThirdParty:967 - CMSIS Pack Vendor :STMicroelectronics X-CUBE-NFC7 2.0.0
2025-10-13 16:25:21,400 [INFO] ThirdParty:967 - CMSIS Pack Vendor :STMicroelectronics FP-ATR-SIGFOX1 3.2.0
2025-10-13 16:25:21,400 [INFO] ThirdParty:967 - CMSIS Pack Vendor :STMicroelectronics X-CUBE-NFC10 1.0.0
2025-10-13 16:25:21,400 [INFO] ThirdParty:967 - CMSIS Pack Vendor :STMicroelectronics HAL Drivers 0.0.0
2025-10-13 16:25:21,400 [INFO] ThirdParty:967 - CMSIS Pack Vendor :STMicroelectronics MBEDTLS 2.16.2
2025-10-13 16:25:21,400 [INFO] ThirdParty:967 - CMSIS Pack Vendor :STMicroelectronics MBEDTLS 2.14.1
2025-10-13 16:25:21,400 [INFO] ThirdParty:967 - CMSIS Pack Vendor :STMicroelectronics X-CUBE-TOUCHGFX 4.26.0
2025-10-13 16:25:21,401 [INFO] ThirdParty:967 - CMSIS Pack Vendor :STMicroelectronics X-CUBE-STSE01 1.0.0
2025-10-13 16:25:21,401 [INFO] ThirdParty:967 - CMSIS Pack Vendor :STMicroelectronics X-CUBE-AI 10.2.0
2025-10-13 16:25:21,401 [INFO] ThirdParty:967 - CMSIS Pack Vendor :STMicroelectronics X-CUBE-AZRTOS-WL 2.0.0
2025-10-13 16:25:21,401 [INFO] ThirdParty:967 - CMSIS Pack Vendor :SEGGER I-CUBE-embOS 1.3.1
2025-10-13 16:25:21,401 [INFO] ThirdParty:967 - CMSIS Pack Vendor :STMicroelectronics X-CUBE-ALGOBUILD 1.4.0
2025-10-13 16:25:21,401 [INFO] ThirdParty:967 - CMSIS Pack Vendor :STMicroelectronics X-CUBE-MEMS1 11.3.0
2025-10-13 16:25:21,401 [INFO] ThirdParty:967 - CMSIS Pack Vendor :STMicroelectronics USB_DEVICE 1.0.0
2025-10-13 16:25:21,401 [INFO] ThirdParty:967 - CMSIS Pack Vendor :STMicroelectronics X-CUBE-AZRTOS-L4 2.0.0
2025-10-13 16:25:21,401 [INFO] ThirdParty:967 - CMSIS Pack Vendor :STMicroelectronics ThreadX 0.0.2
2025-10-13 16:25:21,401 [INFO] ThirdParty:967 - CMSIS Pack Vendor :STMicroelectronics lwIP 2.1.2
2025-10-13 16:25:21,401 [INFO] ThirdParty:967 - CMSIS Pack Vendor :STMicroelectronics X-CUBE-SFXS2LP1 4.0.0
2025-10-13 16:25:21,401 [INFO] ThirdParty:967 - CMSIS Pack Vendor :STMicroelectronics X-CUBE-BLE2 3.3.0
2025-10-13 16:25:21,402 [INFO] ThirdParty:967 - CMSIS Pack Vendor :STMicroelectronics PDM2PCM 3.2.0
2025-10-13 16:25:21,402 [INFO] ThirdParty:787 - exiting critical section [change project]
2025-10-13 16:25:21,817 [INFO] PinOutPanel:1463 - setPackage(No Configuration,No Configuration)
2025-10-13 16:25:21,818 [INFO] PinOutPanel:1463 - setPackage(STM32F103C6Ux,UFQFPN48)
2025-10-13 16:25:22,375 [INFO] UtilMem:74 - Before build in PCC Used Memory: 693678208 Bytes (890241024)
2025-10-13 16:25:23,115 [INFO] UtilMem:74 - After build in PCC Used Memory: 678869920 Bytes (890241024)
2025-10-13 16:25:23,136 [INFO] IPUIPlugin:74 - create IPUIPlugin
2025-10-13 16:25:23,136 [INFO] IPUIPlugin:74 - create IPUIPlugin
2025-10-13 16:25:23,136 [INFO] IPUIPlugin:74 - create IPUIPlugin
2025-10-13 16:25:23,137 [INFO] IPUIPlugin:74 - create IPUIPlugin
2025-10-13 16:25:23,137 [INFO] IPUIPlugin:74 - create IPUIPlugin
2025-10-13 16:25:23,137 [INFO] IPUIPlugin:74 - create IPUIPlugin
2025-10-13 16:25:23,137 [INFO] IPUIPlugin:74 - create IPUIPlugin
2025-10-13 16:25:23,137 [INFO] IPUIPlugin:74 - create IPUIPlugin
2025-10-13 16:25:23,138 [INFO] IPUIPlugin:74 - create IPUIPlugin
2025-10-13 16:25:23,138 [INFO] IPUIPlugin:74 - create IPUIPlugin
2025-10-13 16:25:23,138 [INFO] IPUIPlugin:74 - create IPUIPlugin
2025-10-13 16:25:23,139 [INFO] IPUIPlugin:74 - create IPUIPlugin
2025-10-13 16:25:23,139 [INFO] IPUIPlugin:74 - create IPUIPlugin
2025-10-13 16:25:23,139 [INFO] IPUIPlugin:74 - create IPUIPlugin
2025-10-13 16:25:23,139 [INFO] IPUIPlugin:74 - create IPUIPlugin
2025-10-13 16:25:23,139 [INFO] IPUIPlugin:74 - create IPUIPlugin
2025-10-13 16:25:23,140 [INFO] IPUIPlugin:74 - create IPUIPlugin
2025-10-13 16:25:23,140 [INFO] IPUIPlugin:74 - create IPUIPlugin
2025-10-13 16:25:23,140 [INFO] IPUIPlugin:74 - create IPUIPlugin
2025-10-13 16:25:23,140 [INFO] IPUIPlugin:74 - create IPUIPlugin
2025-10-13 16:25:23,141 [INFO] IPUIPlugin:74 - create IPUIPlugin
2025-10-13 16:25:23,141 [INFO] IPUIPlugin:74 - create IPUIPlugin
2025-10-13 16:25:23,141 [INFO] IPUIPlugin:74 - create IPUIPlugin
2025-10-13 16:25:23,279 [INFO] OpenFileManager:333 - Restore cursor
2025-10-13 16:26:43,322 [INFO] Gpio:254 - dependency for GPIO []
2025-10-13 16:32:28,097 [INFO] UtilMem:74 - End SaveConfig() Used Memory: 602841024 Bytes (890241024)
2025-10-13 16:32:29,664 [INFO] UtilMem:74 - End SaveConfig() Used Memory: 673126144 Bytes (890241024)
2025-10-13 16:32:34,021 [INFO] UtilMem:74 - End SaveConfig() Used Memory: 672863744 Bytes (890241024)
2025-10-13 16:32:34,819 [INFO] BlockDiagram:2740 - set Specific Code input for plugin: NVIC
2025-10-13 16:32:34,819 [INFO] BlockDiagram:2740 - set Specific Code input for plugin: SYS
2025-10-13 16:32:34,820 [INFO] BlockDiagram:2740 - set Specific Code input for plugin: GPIO
2025-10-13 16:32:34,820 [INFO] BlockDiagram:2740 - set Specific Code input for plugin: RCC
2025-10-13 16:32:34,821 [INFO] CodeGenerator:663 - code generatio: config db path: /Applications/STM32CubeIDE.app/Contents/Eclipse/plugins/com.st.stm32cube.common.mx_6.3.0.202107141111//db/
2025-10-13 16:32:35,490 [INFO] CodeEngine:239 - oldGeneratedFile, /Users/admin/Documents/BK-University/VXL/LAB/VXL-1652026-Lab-3/lab3/MXTmpFiles/license.tmp_save
2025-10-13 16:32:35,999 [INFO] CodeEngine:257 - Generated code: /Users/admin/Documents/BK-University/VXL/LAB/VXL-1652026-Lab-3/lab3/MXTmpFiles/license.tmp
2025-10-13 16:32:36,110 [INFO] CodeEngine:239 - oldGeneratedFile, /Users/admin/Documents/BK-University/VXL/LAB/VXL-1652026-Lab-3/lab3/MXTmpFiles/gpio.tmp_save
2025-10-13 16:32:36,256 [INFO] CodeEngine:257 - Generated code: /Users/admin/Documents/BK-University/VXL/LAB/VXL-1652026-Lab-3/lab3/MXTmpFiles/gpio.tmp
2025-10-13 16:32:36,288 [INFO] CodeEngine:239 - oldGeneratedFile, /Users/admin/Documents/BK-University/VXL/LAB/VXL-1652026-Lab-3/lab3/Core/Src/stm32f1xx_it.c_save
2025-10-13 16:32:36,557 [INFO] CodeEngine:257 - Generated code: /Users/admin/Documents/BK-University/VXL/LAB/VXL-1652026-Lab-3/lab3/Core/Src/stm32f1xx_it.c
2025-10-13 16:32:36,561 [INFO] CodeEngine:239 - oldGeneratedFile, /Users/admin/Documents/BK-University/VXL/LAB/VXL-1652026-Lab-3/lab3/Core/Inc/stm32f1xx_it.h_save
2025-10-13 16:32:36,679 [INFO] CodeEngine:257 - Generated code: /Users/admin/Documents/BK-University/VXL/LAB/VXL-1652026-Lab-3/lab3/Core/Inc/stm32f1xx_it.h
2025-10-13 16:32:36,691 [INFO] CodeEngine:239 - oldGeneratedFile, /Users/admin/Documents/BK-University/VXL/LAB/VXL-1652026-Lab-3/lab3/Core/Src/stm32f1xx_hal_msp.c_save
2025-10-13 16:32:36,854 [INFO] CodeEngine:257 - Generated code: /Users/admin/Documents/BK-University/VXL/LAB/VXL-1652026-Lab-3/lab3/Core/Src/stm32f1xx_hal_msp.c
2025-10-13 16:32:36,857 [INFO] CodeEngine:239 - oldGeneratedFile, /Users/admin/Documents/BK-University/VXL/LAB/VXL-1652026-Lab-3/lab3/MXTmpFiles/system.tmp_save
2025-10-13 16:32:36,965 [INFO] CodeEngine:257 - Generated code: /Users/admin/Documents/BK-University/VXL/LAB/VXL-1652026-Lab-3/lab3/MXTmpFiles/system.tmp
2025-10-13 16:32:36,972 [INFO] CodeEngine:239 - oldGeneratedFile, /Users/admin/Documents/BK-University/VXL/LAB/VXL-1652026-Lab-3/lab3/Core/Inc/stm32f1xx_hal_conf.h_save
2025-10-13 16:32:37,157 [INFO] CodeEngine:257 - Generated code: /Users/admin/Documents/BK-University/VXL/LAB/VXL-1652026-Lab-3/lab3/Core/Inc/stm32f1xx_hal_conf.h
2025-10-13 16:32:37,225 [INFO] CodeEngine:239 - oldGeneratedFile, /Users/admin/Documents/BK-University/VXL/LAB/VXL-1652026-Lab-3/lab3/Core/Inc/main.h_save
2025-10-13 16:32:37,360 [INFO] CodeEngine:257 - Generated code: /Users/admin/Documents/BK-University/VXL/LAB/VXL-1652026-Lab-3/lab3/Core/Inc/main.h
2025-10-13 16:32:37,363 [INFO] CodeEngine:239 - oldGeneratedFile, /Users/admin/Documents/BK-University/VXL/LAB/VXL-1652026-Lab-3/lab3/Core/Src/main.c_save
2025-10-13 16:32:37,542 [INFO] CodeEngine:257 - Generated code: /Users/admin/Documents/BK-University/VXL/LAB/VXL-1652026-Lab-3/lab3/Core/Src/main.c
2025-10-13 16:32:38,930 [INFO] ProjectBuilder:2578 - Time for Copy HAL[1] : 153mS.
2025-10-13 16:32:38,939 [INFO] ProjectBuilder:3622 - Project Generator version: 3.14.1
2025-10-13 16:32:39,853 [INFO] ConfigFileManager:1271 - The Die is : DIE412
2025-10-13 16:32:39,880 [INFO] ApiDbMcu:468 - Load IP Config File for FATFS
2025-10-13 16:32:39,940 [INFO] ApiDbMcu:468 - Load IP Config File for FREERTOS
2025-10-13 16:32:39,986 [INFO] ApiDbMcu:468 - Load IP Config File for USB_DEVICE
2025-10-13 16:32:42,821 [INFO] ProjectBuilder:3789 - Time for Generating toolchain IDE Files: 3882mS.
2025-10-13 16:32:42,822 [INFO] ProjectBuilder:2457 - Time for Copy CMSIS : 1mS.
2025-10-13 16:32:42,824 [INFO] ProjectBuilder:2457 - Time for Copy CMSIS : 0mS.
2025-10-14 12:10:21,644 [INFO] Activator:177 - 


2025-10-14 12:10:21,649 [INFO] Activator:178 - !SESSION log4j initialized
2025-10-14 12:10:32,628 [ERROR] LogOutputStream:74 - [STDERR_REDIRECT] 
2025-10-14 14:14:24,363 [INFO] Activator:177 - 


2025-10-14 14:14:24,367 [INFO] Activator:178 - !SESSION log4j initialized
2025-10-14 14:14:29,150 [ERROR] LogOutputStream:74 - [STDERR_REDIRECT] 
2025-10-14 14:15:06,704 [INFO] McuFinderGlobals:39 - Set McuFinder mode to 2 (CubeIDE integrated)
2025-10-14 14:15:06,873 [INFO] ApplicationProperties:181 - Using Application install path: /Applications/STM32CubeIDE.app/Contents/Eclipse/plugins/com.st.stm32cube.common.mx_6.3.0.202107141111
2025-10-14 14:15:06,890 [INFO] DbMcusXml:74 - Set database path to: /Applications/STM32CubeIDE.app/Contents/Eclipse/plugins/com.st.stm32cube.common.mx_6.3.0.202107141111//db//mcu/
2025-10-14 14:15:06,895 [INFO] DbBoardsPdsc:56 - Set plugin database path to: /Applications/STM32CubeIDE.app/Contents/Eclipse/plugins/com.st.stm32cube.common.mx_6.3.0.202107141111//db//plugins/boardmanager/
2025-10-14 14:15:06,896 [INFO] DbMcus:258 - Set plugin images path to: /Applications/STM32CubeIDE.app/Contents/Eclipse/plugins/com.st.stm32cube.common.mx_6.3.0.202107141111//db//plugins/mcufinder/images/
2025-10-14 14:15:06,896 [INFO] DbBoards:264 - Set plugin images path to: /Applications/STM32CubeIDE.app/Contents/Eclipse/plugins/com.st.stm32cube.common.mx_6.3.0.202107141111//db//plugins/mcufinder/images/
2025-10-14 14:15:06,900 [INFO] DbExamples:333 - Set plugin images path to: /Applications/STM32CubeIDE.app/Contents/Eclipse/plugins/com.st.stm32cube.common.mx_6.3.0.202107141111//db//plugins/mcufinder/images/
2025-10-14 14:15:06,910 [INFO] DbMcusAds:119 - Set database path to: /Users/admin/.stmcufinder/plugins/mcufinder//mcu/
2025-10-14 14:15:06,911 [INFO] DbMcusDocs:110 - Set database path to: /Users/admin/.stmcufinder/plugins/mcufinder//mcu/
2025-10-14 14:15:06,914 [INFO] DbMcusJson:64 - Set database path to: /Users/admin/.stmcufinder/plugins/mcufinder//mcu/
2025-10-14 14:15:06,916 [INFO] DbBoardsDocs:110 - Set database path to: /Users/admin/.stmcufinder/plugins/mcufinder//mcu/
2025-10-14 14:15:06,918 [INFO] DbBoardsJson:57 - Set database path to: /Users/admin/.stmcufinder/plugins/mcufinder//mcu/
2025-10-14 14:15:06,923 [INFO] CrossReferenceDbSqlite:196 - Set database path to: /Users/admin/.stmcufinder/plugins/mcufinder//mcu/cs/
2025-10-14 14:15:06,927 [INFO] DbExamplesSqlite:767 - Set database path to: /Users/admin/.stmcufinder/plugins/mcufinder//mcu/
2025-10-14 14:15:07,072 [INFO] RulesReader:57 - Compatibility file has been processed (242 Rules)
2025-10-14 14:15:07,165 [INFO] DbMcusXml:74 - Set database path to: /Applications/STM32CubeIDE.app/Contents/Eclipse/plugins/com.st.stm32cube.common.mx_6.3.0.202107141111//db//mcu/
2025-10-14 14:15:07,166 [INFO] DbBoardsPdsc:56 - Set plugin database path to: /Applications/STM32CubeIDE.app/Contents/Eclipse/plugins/com.st.stm32cube.common.mx_6.3.0.202107141111//db//plugins/boardmanager/
2025-10-14 14:15:07,167 [INFO] DbMcus:258 - Set plugin images path to: /Applications/STM32CubeIDE.app/Contents/Eclipse/plugins/com.st.stm32cube.common.mx_6.3.0.202107141111//db//plugins/mcufinder/images/
2025-10-14 14:15:07,167 [INFO] DbBoards:264 - Set plugin images path to: /Applications/STM32CubeIDE.app/Contents/Eclipse/plugins/com.st.stm32cube.common.mx_6.3.0.202107141111//db//plugins/mcufinder/images/
2025-10-14 14:15:07,167 [INFO] DbExamples:333 - Set plugin images path to: /Applications/STM32CubeIDE.app/Contents/Eclipse/plugins/com.st.stm32cube.common.mx_6.3.0.202107141111//db//plugins/mcufinder/images/
2025-10-14 14:15:07,167 [WARN] DbFile:35 - Overriding database path with different value: /Users/admin/.stmcufinder/plugins/mcufinder/ => /Users/admin/.stmcufinder/plugins/mcufinder
2025-10-14 14:15:07,167 [INFO] DbMcusAds:119 - Set database path to: /Users/admin/.stmcufinder/plugins/mcufinder//mcu/
2025-10-14 14:15:07,168 [WARN] DbFile:35 - Overriding database path with different value: /Users/admin/.stmcufinder/plugins/mcufinder/ => /Users/admin/.stmcufinder/plugins/mcufinder
2025-10-14 14:15:07,168 [INFO] DbMcusDocs:110 - Set database path to: /Users/admin/.stmcufinder/plugins/mcufinder//mcu/
2025-10-14 14:15:07,168 [WARN] DbFile:35 - Overriding database path with different value: /Users/admin/.stmcufinder/plugins/mcufinder/ => /Users/admin/.stmcufinder/plugins/mcufinder
2025-10-14 14:15:07,168 [INFO] DbMcusJson:64 - Set database path to: /Users/admin/.stmcufinder/plugins/mcufinder//mcu/
2025-10-14 14:15:07,168 [WARN] DbFile:35 - Overriding database path with different value: /Users/admin/.stmcufinder/plugins/mcufinder/ => /Users/admin/.stmcufinder/plugins/mcufinder
2025-10-14 14:15:07,169 [INFO] DbBoardsDocs:110 - Set database path to: /Users/admin/.stmcufinder/plugins/mcufinder//mcu/
2025-10-14 14:15:07,170 [WARN] DbFile:35 - Overriding database path with different value: /Users/admin/.stmcufinder/plugins/mcufinder/ => /Users/admin/.stmcufinder/plugins/mcufinder
2025-10-14 14:15:07,170 [INFO] DbBoardsJson:57 - Set database path to: /Users/admin/.stmcufinder/plugins/mcufinder//mcu/
2025-10-14 14:15:07,170 [WARN] DbFile:35 - Overriding database path with different value: /Users/admin/.stmcufinder/plugins/mcufinder/ => /Users/admin/.stmcufinder/plugins/mcufinder
2025-10-14 14:15:07,170 [WARN] DbFile:35 - Overriding database path with different value: /Users/admin/.stmcufinder/plugins/mcufinder/ => /Users/admin/.stmcufinder/plugins/mcufinder
2025-10-14 14:15:07,171 [INFO] CrossReferenceDbSqlite:196 - Set database path to: /Users/admin/.stmcufinder/plugins/mcufinder//mcu/cs/
2025-10-14 14:15:07,171 [WARN] DbFile:35 - Overriding database path with different value: /Users/admin/.stmcufinder/plugins/mcufinder/ => /Users/admin/.stmcufinder/plugins/mcufinder
2025-10-14 14:15:07,171 [INFO] DbExamplesSqlite:767 - Set database path to: /Users/admin/.stmcufinder/plugins/mcufinder//mcu/
2025-10-14 14:15:07,287 [INFO] MainPanel:214 - HeapMemory: 268435456
2025-10-14 14:15:07,444 [INFO] DbMcusXml:74 - Set database path to: /Applications/STM32CubeIDE.app/Contents/Eclipse/plugins/com.st.stm32cube.common.mx_6.3.0.202107141111//db//mcu/
2025-10-14 14:15:07,445 [INFO] DbBoardsPdsc:56 - Set plugin database path to: /Applications/STM32CubeIDE.app/Contents/Eclipse/plugins/com.st.stm32cube.common.mx_6.3.0.202107141111//db//plugins/boardmanager/
2025-10-14 14:15:07,445 [INFO] DbMcus:258 - Set plugin images path to: /Applications/STM32CubeIDE.app/Contents/Eclipse/plugins/com.st.stm32cube.common.mx_6.3.0.202107141111//db//plugins/mcufinder/images/
2025-10-14 14:15:07,445 [INFO] DbBoards:264 - Set plugin images path to: /Applications/STM32CubeIDE.app/Contents/Eclipse/plugins/com.st.stm32cube.common.mx_6.3.0.202107141111//db//plugins/mcufinder/images/
2025-10-14 14:15:07,445 [INFO] DbExamples:333 - Set plugin images path to: /Applications/STM32CubeIDE.app/Contents/Eclipse/plugins/com.st.stm32cube.common.mx_6.3.0.202107141111//db//plugins/mcufinder/images/
2025-10-14 14:15:07,446 [WARN] DbFile:35 - Overriding database path with different value: /Users/admin/.stmcufinder/plugins/mcufinder/ => /Users/admin/.stmcufinder/plugins/mcufinder
2025-10-14 14:15:07,446 [INFO] DbMcusAds:119 - Set database path to: /Users/admin/.stmcufinder/plugins/mcufinder//mcu/
2025-10-14 14:15:07,447 [WARN] DbFile:35 - Overriding database path with different value: /Users/admin/.stmcufinder/plugins/mcufinder/ => /Users/admin/.stmcufinder/plugins/mcufinder
2025-10-14 14:15:07,447 [INFO] DbMcusDocs:110 - Set database path to: /Users/admin/.stmcufinder/plugins/mcufinder//mcu/
2025-10-14 14:15:07,447 [WARN] DbFile:35 - Overriding database path with different value: /Users/admin/.stmcufinder/plugins/mcufinder/ => /Users/admin/.stmcufinder/plugins/mcufinder
2025-10-14 14:15:07,447 [INFO] DbMcusJson:64 - Set database path to: /Users/admin/.stmcufinder/plugins/mcufinder//mcu/
2025-10-14 14:15:07,447 [WARN] DbFile:35 - Overriding database path with different value: /Users/admin/.stmcufinder/plugins/mcufinder/ => /Users/admin/.stmcufinder/plugins/mcufinder
2025-10-14 14:15:07,448 [INFO] DbBoardsDocs:110 - Set database path to: /Users/admin/.stmcufinder/plugins/mcufinder//mcu/
2025-10-14 14:15:07,448 [WARN] DbFile:35 - Overriding database path with different value: /Users/admin/.stmcufinder/plugins/mcufinder/ => /Users/admin/.stmcufinder/plugins/mcufinder
2025-10-14 14:15:07,448 [INFO] DbBoardsJson:57 - Set database path to: /Users/admin/.stmcufinder/plugins/mcufinder//mcu/
2025-10-14 14:15:07,449 [WARN] DbFile:35 - Overriding database path with different value: /Users/admin/.stmcufinder/plugins/mcufinder/ => /Users/admin/.stmcufinder/plugins/mcufinder
2025-10-14 14:15:07,449 [WARN] DbFile:35 - Overriding database path with different value: /Users/admin/.stmcufinder/plugins/mcufinder/ => /Users/admin/.stmcufinder/plugins/mcufinder
2025-10-14 14:15:07,449 [INFO] CrossReferenceDbSqlite:196 - Set database path to: /Users/admin/.stmcufinder/plugins/mcufinder//mcu/cs/
2025-10-14 14:15:07,450 [WARN] DbFile:35 - Overriding database path with different value: /Users/admin/.stmcufinder/plugins/mcufinder/ => /Users/admin/.stmcufinder/plugins/mcufinder
2025-10-14 14:15:07,450 [INFO] DbExamplesSqlite:767 - Set database path to: /Users/admin/.stmcufinder/plugins/mcufinder//mcu/
2025-10-14 14:15:07,473 [INFO] ApplicationProperties:181 - Using Application install path: /Applications/STM32CubeIDE.app/Contents/Eclipse/plugins/com.st.stm32cube.common.mx_6.3.0.202107141111
2025-10-14 14:15:07,476 [INFO] PluginManage:188 - Search for loadable plugins [exclusion list=, ]
2025-10-14 14:15:07,478 [INFO] PluginManage:302 - Check plugin analytics
2025-10-14 14:15:07,684 [INFO] AnalyticsPlugin:257 - Accepted Software Licenses: 
2025-10-14 14:15:07,685 [INFO] AnalyticsPlugin:259 - Accepted CMSIS Pack Licenses: 
2025-10-14 14:15:07,685 [INFO] AnalyticsPlugin:261 - Accepted Firmware Licenses: 
2025-10-14 14:15:07,686 [INFO] PluginManage:352 - Loaded plugin analytics (category:tool,tabindex:-1)
2025-10-14 14:15:07,686 [INFO] PluginManage:302 - Check plugin clock
2025-10-14 14:15:07,701 [INFO] PluginManage:352 - Loaded plugin clock (category:base,tabindex:2)
2025-10-14 14:15:07,702 [INFO] PluginManage:302 - Check plugin ddr
2025-10-14 14:15:07,705 [INFO] PluginManage:352 - Loaded plugin ddr (category:tool,tabindex:6)
2025-10-14 14:15:07,705 [INFO] PluginManage:302 - Check plugin filemanager
2025-10-14 14:15:07,965 [INFO] PluginManage:352 - Loaded plugin filemanager (category:base,tabindex:10)
2025-10-14 14:15:07,965 [INFO] PluginManage:302 - Check plugin ipmanager
2025-10-14 14:15:07,975 [INFO] PluginManage:352 - Loaded plugin ipmanager (category:base,tabindex:5)
2025-10-14 14:15:07,976 [INFO] PluginManage:302 - Check plugin pinoutandconfiguration
2025-10-14 14:15:07,988 [INFO] PluginManage:352 - Loaded plugin pinoutandconfiguration (category:base,tabindex:1)
2025-10-14 14:15:07,988 [INFO] PluginManage:302 - Check plugin pinoutconfig
2025-10-14 14:15:08,023 [INFO] PluginManage:352 - Loaded plugin pinoutconfig (category:base,tabindex:0)
2025-10-14 14:15:08,024 [INFO] PluginManage:302 - Check plugin power
2025-10-14 14:15:08,038 [INFO] PluginManage:352 - Loaded plugin power (category:power,tabindex:4)
2025-10-14 14:15:08,039 [INFO] PluginManage:302 - Check plugin projectmanager
2025-10-14 14:15:08,058 [INFO] PluginManage:352 - Loaded plugin projectmanager (category:projectmanager,tabindex:3)
2025-10-14 14:15:08,058 [INFO] PluginManage:302 - Check plugin thirdparty
2025-10-14 14:15:08,210 [WARN] IntegrityCheckThread:78 - waiting for thirdparty lock release [integrity check]
2025-10-14 14:15:08,211 [INFO] IntegrityCheckThread:80 - entering critical section [integrity check]
2025-10-14 14:15:08,211 [INFO] PluginManage:352 - Loaded plugin thirdparty (category:base,tabindex:-1)
2025-10-14 14:15:08,211 [INFO] ThirdPartyUpdaterWithRetryManager:66 - Updater plugin not ready yet. [1/15]
2025-10-14 14:15:08,212 [INFO] PluginManage:302 - Check plugin tools
2025-10-14 14:15:08,215 [INFO] PluginManage:352 - Loaded plugin tools (category:base,tabindex:7)
2025-10-14 14:15:08,216 [INFO] PluginManage:302 - Check plugin tutovideos
2025-10-14 14:15:08,578 [INFO] PluginManage:352 - Loaded plugin tutovideos (category:base,tabindex:-1)
2025-10-14 14:15:08,578 [INFO] PluginManage:302 - Check plugin updater
2025-10-14 14:15:08,595 [INFO] PluginManage:352 - Loaded plugin updater (category:base,tabindex:12)
2025-10-14 14:15:08,595 [INFO] PluginManage:275 - PluginManage : Loaded plugins [13]
2025-10-14 14:15:09,679 [ERROR] LogOutputStream:74 - [STDERR_REDIRECT] Warning: the fonts "Times" and "Times" are not available for the Java logical font "Serif", which may have unexpected appearance or behavior. Re-enable the "Times" font to remove this warning.
2025-10-14 14:15:09,726 [INFO] PinOutPanel:1463 - setPackage(No Configuration,No Configuration)
2025-10-14 14:15:09,835 [INFO] IPUIPlugin:74 - create IPUIPlugin
2025-10-14 14:15:09,836 [INFO] PluginManager:213 - loadIPPluginJar : add mdma
2025-10-14 14:15:09,849 [INFO] IPUIPlugin:74 - create IPUIPlugin
2025-10-14 14:15:09,849 [INFO] PluginManager:213 - loadIPPluginJar : add freertos
2025-10-14 14:15:09,859 [INFO] IPUIPlugin:74 - create IPUIPlugin
2025-10-14 14:15:09,860 [INFO] PluginManager:213 - loadIPPluginJar : add gic
2025-10-14 14:15:09,874 [INFO] IPUIPlugin:74 - create IPUIPlugin
2025-10-14 14:15:09,874 [INFO] PluginManager:213 - loadIPPluginJar : add adc
2025-10-14 14:15:09,878 [INFO] IPUIPlugin:74 - create IPUIPlugin
2025-10-14 14:15:09,878 [INFO] PluginManager:213 - loadIPPluginJar : add gtzc
2025-10-14 14:15:09,880 [INFO] IPUIPlugin:74 - create IPUIPlugin
2025-10-14 14:15:09,881 [INFO] PluginManager:213 - loadIPPluginJar : add quadspi
2025-10-14 14:15:09,885 [INFO] IPUIPlugin:74 - create IPUIPlugin
2025-10-14 14:15:09,886 [INFO] PluginManager:213 - loadIPPluginJar : add aes
2025-10-14 14:15:09,892 [INFO] IPUIPlugin:74 - create IPUIPlugin
2025-10-14 14:15:09,893 [INFO] PluginManager:213 - loadIPPluginJar : add pdm2pcm
2025-10-14 14:15:09,896 [INFO] IPUIPlugin:74 - create IPUIPlugin
2025-10-14 14:15:09,896 [INFO] PluginManager:213 - loadIPPluginJar : add hash
2025-10-14 14:15:09,899 [INFO] IPUIPlugin:74 - create IPUIPlugin
2025-10-14 14:15:09,899 [INFO] PluginManager:213 - loadIPPluginJar : add tim
2025-10-14 14:15:09,901 [INFO] IPUIPlugin:74 - create IPUIPlugin
2025-10-14 14:15:09,902 [INFO] PluginManager:213 - loadIPPluginJar : add tsc
2025-10-14 14:15:09,904 [INFO] IPUIPlugin:74 - create IPUIPlugin
2025-10-14 14:15:09,905 [INFO] PluginManager:213 - loadIPPluginJar : add ts
2025-10-14 14:15:09,908 [INFO] IPUIPlugin:74 - create IPUIPlugin
2025-10-14 14:15:09,909 [INFO] PluginManager:213 - loadIPPluginJar : add can
2025-10-14 14:15:09,911 [INFO] IPUIPlugin:74 - create IPUIPlugin
2025-10-14 14:15:09,912 [INFO] PluginManager:213 - loadIPPluginJar : add dma3
2025-10-14 14:15:09,915 [INFO] IPUIPlugin:74 - create IPUIPlugin
2025-10-14 14:15:09,916 [INFO] PluginManager:213 - loadIPPluginJar : add dfsdm
2025-10-14 14:15:09,919 [INFO] IPUIPlugin:74 - create IPUIPlugin
2025-10-14 14:15:09,920 [INFO] PluginManager:213 - loadIPPluginJar : add spi
2025-10-14 14:15:09,923 [INFO] IPUIPlugin:74 - create IPUIPlugin
2025-10-14 14:15:09,924 [INFO] PluginManager:213 - loadIPPluginJar : add gfxmmu
2025-10-14 14:15:09,926 [INFO] IPUIPlugin:74 - create IPUIPlugin
2025-10-14 14:15:09,926 [INFO] PluginManager:213 - loadIPPluginJar : add genericplugin
2025-10-14 14:15:09,929 [INFO] IPUIPlugin:74 - create IPUIPlugin
2025-10-14 14:15:09,929 [INFO] PluginManager:213 - loadIPPluginJar : add cryp
2025-10-14 14:15:09,936 [INFO] IPUIPlugin:74 - create IPUIPlugin
2025-10-14 14:15:09,937 [INFO] PluginManager:213 - loadIPPluginJar : add gpio
2025-10-14 14:15:09,939 [INFO] IPUIPlugin:74 - create IPUIPlugin
2025-10-14 14:15:09,940 [INFO] PluginManager:213 - loadIPPluginJar : add comp
2025-10-14 14:15:09,942 [INFO] IPUIPlugin:74 - create IPUIPlugin
2025-10-14 14:15:09,943 [INFO] PluginManager:213 - loadIPPluginJar : add tracer_emb
2025-10-14 14:15:09,969 [INFO] IPUIPlugin:74 - create IPUIPlugin
2025-10-14 14:15:09,970 [INFO] PluginManager:213 - loadIPPluginJar : add openamp
2025-10-14 14:15:09,977 [INFO] IPUIPlugin:74 - create IPUIPlugin
2025-10-14 14:15:09,977 [INFO] PluginManager:213 - loadIPPluginJar : add stm32_wpan
2025-10-14 14:15:09,987 [INFO] IPUIPlugin:74 - create IPUIPlugin
2025-10-14 14:15:09,992 [INFO] PluginManager:213 - loadIPPluginJar : add plateformsettings
2025-10-14 14:15:09,997 [INFO] IPUIPlugin:74 - create IPUIPlugin
2025-10-14 14:15:09,997 [INFO] PluginManager:213 - loadIPPluginJar : add ipddr
2025-10-14 14:15:10,001 [INFO] IPUIPlugin:74 - create IPUIPlugin
2025-10-14 14:15:10,002 [INFO] PluginManager:213 - loadIPPluginJar : add usart
2025-10-14 14:15:10,004 [INFO] IPUIPlugin:74 - create IPUIPlugin
2025-10-14 14:15:10,004 [INFO] PluginManager:213 - loadIPPluginJar : add ltdc
2025-10-14 14:15:10,010 [INFO] IPUIPlugin:74 - create IPUIPlugin
2025-10-14 14:15:10,010 [INFO] PluginManager:213 - loadIPPluginJar : add nvic
2025-10-14 14:15:10,013 [INFO] IPUIPlugin:74 - create IPUIPlugin
2025-10-14 14:15:10,013 [INFO] PluginManager:213 - loadIPPluginJar : add fatfs
2025-10-14 14:15:10,026 [INFO] IPUIPlugin:74 - create IPUIPlugin
2025-10-14 14:15:10,026 [INFO] PluginManager:213 - loadIPPluginJar : add linkedlist
2025-10-14 14:15:10,035 [INFO] IPUIPlugin:74 - create IPUIPlugin
2025-10-14 14:15:10,035 [INFO] PluginManager:213 - loadIPPluginJar : add dma
2025-10-14 14:15:10,042 [INFO] IPUIPlugin:74 - create IPUIPlugin
2025-10-14 14:15:10,042 [INFO] PluginManager:213 - loadIPPluginJar : add fmc
2025-10-14 14:15:10,046 [INFO] IPUIPlugin:74 - create IPUIPlugin
2025-10-14 14:15:10,046 [INFO] PluginManager:213 - loadIPPluginJar : add i2s
2025-10-14 14:15:10,048 [INFO] IPUIPlugin:74 - create IPUIPlugin
2025-10-14 14:15:10,049 [INFO] PluginManager:213 - loadIPPluginJar : add ucpd
2025-10-14 14:15:10,052 [INFO] IPUIPlugin:74 - create IPUIPlugin
2025-10-14 14:15:10,052 [INFO] PluginManager:213 - loadIPPluginJar : add lorawan
2025-10-14 14:15:10,057 [INFO] IPUIPlugin:74 - create IPUIPlugin
2025-10-14 14:15:10,057 [INFO] PluginManager:213 - loadIPPluginJar : add opamp
2025-10-14 14:15:10,063 [INFO] IPUIPlugin:74 - create IPUIPlugin
2025-10-14 14:15:10,063 [INFO] PluginManager:213 - loadIPPluginJar : add touchsensing
2025-10-14 14:15:10,067 [INFO] IPUIPlugin:74 - create IPUIPlugin
2025-10-14 14:15:10,067 [INFO] PluginManager:213 - loadIPPluginJar : add i2c
2025-10-14 14:15:10,072 [INFO] IPUIPlugin:74 - create IPUIPlugin
2025-10-14 14:15:10,073 [INFO] PluginManager:213 - loadIPPluginJar : add resmgrutility
2025-10-14 14:15:10,077 [INFO] IPUIPlugin:74 - create IPUIPlugin
2025-10-14 14:15:10,078 [INFO] PluginManager:213 - loadIPPluginJar : add sai
2025-10-14 14:15:10,081 [INFO] IPUIPlugin:74 - create IPUIPlugin
2025-10-14 14:15:10,081 [INFO] PluginManager:213 - loadIPPluginJar : add usbx
2025-10-14 14:15:10,423 [FATAL] Updater:294 - Updater called before beeing initialized
2025-10-14 14:15:10,547 [FATAL] Updater:294 - Updater called before beeing initialized
2025-10-14 14:15:10,556 [INFO] DbMcusAds:47 - JSON generation date=Tue Jul 08 15:14:23 ICT 2025 (1751962463524)
2025-10-14 14:15:10,557 [FATAL] Updater:294 - Updater called before beeing initialized
2025-10-14 14:15:11,216 [INFO] ThirdPartyUpdaterWithRetryManager:66 - Updater plugin not ready yet. [2/15]
2025-10-14 14:15:11,612 [WARN] DetailPanel:314 - Failed to get advertising image, set to default
2025-10-14 14:15:11,808 [FATAL] Updater:294 - Updater called before beeing initialized
2025-10-14 14:15:11,811 [FATAL] Updater:294 - Updater called before beeing initialized
2025-10-14 14:15:11,811 [FATAL] Updater:294 - Updater called before beeing initialized
2025-10-14 14:15:11,812 [WARN] DetailPanel:314 - Failed to get advertising image, set to default
2025-10-14 14:15:11,813 [FATAL] Updater:294 - Updater called before beeing initialized
2025-10-14 14:15:11,858 [ERROR] Updater:1075 - MainUpdater not yet initialized. External WinMGr cannot be set.
2025-10-14 14:15:11,861 [INFO] Updater:1012 - Updater Version found : 6.3.0
2025-10-14 14:15:11,894 [INFO] ApplicationProperties:181 - Using Application install path: /Applications/STM32CubeIDE.app/Contents/Eclipse/plugins/com.st.stm32cube.common.mx_6.3.0.202107141111
2025-10-14 14:15:12,497 [INFO] MainUpdater:2671 - connection check result : 10
2025-10-14 14:15:12,498 [INFO] MainUpdater:265 - Updater Check For Update Now.
2025-10-14 14:15:12,498 [INFO] MicroXplorer:478 - Change Database Version : DB.6.0.30
2025-10-14 14:15:12,690 [INFO] CheckServerUpdateThread:112 - End of CheckServer Thread
2025-10-14 14:15:12,705 [INFO] MainUpdater:2671 - connection check result : 10
2025-10-14 14:15:12,707 [INFO] MainUpdater:2671 - connection check result : 10
2025-10-14 14:15:13,843 [INFO] MicroXplorer:448 - Change Database Path : 
2025-10-14 14:15:13,844 [INFO] MicroXplorer:478 - Change Database Version : DB.6.0.30
2025-10-14 14:15:13,845 [WARN] ThirdParty:813 - waiting for thirdparty lock release [close project]
2025-10-14 14:15:14,443 [ERROR] Engine:463 - /Users/admin/.stm32cubemx/thirdparties/pdsc/STMicroelectronics.FP-SNS-MOTENVWB1.1.4.0.pdsc: PDSC version is not supported
2025-10-14 14:15:14,491 [WARN] PackLoader:238 - Cannot read IP mode file for STMicroelectronics.FP-ATR-ASTRA1.2.0.2
2025-10-14 14:15:14,499 [ERROR] Engine:463 - /Users/admin/.stm32cubemx/thirdparties/pdsc/STMicroelectronics.X-CUBE-SMBUS.2.1.0.pdsc: PDSC version is not supported
2025-10-14 14:15:14,502 [ERROR] Engine:463 - /Users/admin/.stm32cubemx/thirdparties/pdsc/STMicroelectronics.X-CUBE-ST60.1.0.0.pdsc: PDSC version is not supported
2025-10-14 14:15:14,539 [WARN] PackLoader:238 - Cannot read IP mode file for STMicroelectronics.X-CUBE-AZRTOS-F7.1.1.0
2025-10-14 14:15:14,548 [ERROR] Engine:463 - /Users/admin/.stm32cubemx/thirdparties/pdsc/Cesanta.I-CUBE-Mongoose.7.19.0.pdsc: PDSC version is not supported
2025-10-14 14:15:14,552 [ERROR] Engine:463 - /Users/admin/.stm32cubemx/thirdparties/pdsc/WES.I-CUBE-Cesium.1.4.0.pdsc: PDSC version is not supported
2025-10-14 14:15:14,559 [ERROR] Engine:463 - /Users/admin/.stm32cubemx/thirdparties/pdsc/Infineon.AIROC-Wi-Fi-Bluetooth-STM32.1.7.1.pdsc: PDSC version is not supported
2025-10-14 14:15:14,587 [WARN] PackLoader:238 - Cannot read IP mode file for STMicroelectronics.X-CUBE-AZRTOS-H7.3.4.0
2025-10-14 14:15:14,597 [ERROR] Engine:463 - /Users/admin/.stm32cubemx/thirdparties/pdsc/STMicroelectronics.X-CUBE-DISPLAY.3.0.0.pdsc: PDSC version is not supported
2025-10-14 14:15:14,605 [WARN] PackLoader:238 - Cannot read IP mode file for STMicroelectronics.X-CUBE-NFC10.1.0.0
2025-10-14 14:15:14,612 [ERROR] Engine:463 - /Users/admin/.stm32cubemx/thirdparties/pdsc/emotas.I-CUBE-CANOPEN.1.3.0.pdsc: PDSC version is not supported
2025-10-14 14:15:14,616 [ERROR] Engine:463 - /Users/admin/.stm32cubemx/thirdparties/pdsc/STMicroelectronics.FP-SNS-STBOX1.2.1.0.pdsc: PDSC version is not supported
2025-10-14 14:15:14,619 [ERROR] Engine:463 - /Users/admin/.stm32cubemx/thirdparties/pdsc/STMicroelectronics.FP-SNS-SMARTAG2.1.2.0.pdsc: PDSC version is not supported
2025-10-14 14:15:14,620 [ERROR] Engine:463 - /Users/admin/.stm32cubemx/thirdparties/pdsc/STMicroelectronics.FP-SNS-FLIGHT1.5.1.0.pdsc: PDSC version is not supported
2025-10-14 14:15:14,629 [INFO] LogOutputStream:76 - [STDOUT_REDIRECT] 1 : Invalid condition id : UX_CORESTACK_Condition cause : null
2025-10-14 14:15:14,630 [INFO] LogOutputStream:76 - [STDOUT_REDIRECT] 1 : Invalid condition id : UX_CORESTACK_Condition cause : null
2025-10-14 14:15:14,631 [INFO] LogOutputStream:76 - [STDOUT_REDIRECT] 1 : Invalid condition id : UX_CORESTACK_Condition cause : null
2025-10-14 14:15:14,631 [INFO] LogOutputStream:76 - [STDOUT_REDIRECT] 1 : Invalid condition id : UX_CORESTACK_Condition cause : null
2025-10-14 14:15:14,631 [INFO] LogOutputStream:76 - [STDOUT_REDIRECT] 1 : Invalid condition id : UX_CORESTACK_Condition cause : null
2025-10-14 14:15:14,635 [WARN] PackLoader:238 - Cannot read IP mode file for STMicroelectronics.X-CUBE-AZRTOS-WL.2.0.0
2025-10-14 14:15:14,640 [ERROR] Engine:463 - /Users/admin/.stm32cubemx/thirdparties/pdsc/STMicroelectronics.FP-SNS-MOTENV1.5.0.0.pdsc: PDSC version is not supported
2025-10-14 14:15:14,644 [WARN] PackLoader:238 - Cannot read IP mode file for STMicroelectronics.X-CUBE-BLE2.3.3.0
2025-10-14 14:15:14,651 [WARN] PackLoader:238 - Cannot read IP mode file for STMicroelectronics.X-CUBE-NFC9.1.0.0
2025-10-14 14:15:14,658 [WARN] PackLoader:238 - Cannot read IP mode file for wolfSSL.I-CUBE-wolfSSL.5.8.2
2025-10-14 14:15:14,663 [WARN] PackLoader:238 - Cannot read IP mode file for STMicroelectronics.X-CUBE-BLE1.7.1.0
2025-10-14 14:15:14,666 [WARN] PackLoader:238 - Cannot read IP mode file for wolfSSL.I-CUBE-wolfMQTT.1.19.2
2025-10-14 14:15:14,672 [WARN] PackLoader:238 - Cannot read IP mode file for STMicroelectronics.X-CUBE-EEPRMA1.5.2.0
2025-10-14 14:15:14,700 [WARN] PackLoader:238 - Cannot read IP mode file for STMicroelectronics.X-CUBE-AZRTOS-G0.1.1.0
2025-10-14 14:15:14,709 [WARN] PackLoader:238 - Cannot read IP mode file for STMicroelectronics.X-CUBE-SAFEA1.1.2.2
2025-10-14 14:15:14,715 [WARN] PackLoader:238 - Cannot read IP mode file for STMicroelectronics.X-CUBE-NFC4.3.0.0
2025-10-14 14:15:14,720 [ERROR] Engine:463 - /Users/admin/.stm32cubemx/thirdparties/pdsc/EmbeddedOffice.I-CUBE-FS-RTOS.1.0.1.pdsc: PDSC version is not supported
2025-10-14 14:15:14,725 [WARN] PackLoader:238 - Cannot read IP mode file for STMicroelectronics.X-CUBE-WB05N.2.0.0
2025-10-14 14:15:14,728 [WARN] PackLoader:238 - Cannot read IP mode file for wolfSSL.I-CUBE-wolfTPM.3.8.0
2025-10-14 14:15:14,731 [ERROR] Engine:463 - /Users/admin/.stm32cubemx/thirdparties/pdsc/STMicroelectronics.X-CUBE-TCPP.4.2.0.pdsc: PDSC version is not supported
2025-10-14 14:15:14,733 [ERROR] Engine:463 - /Users/admin/.stm32cubemx/thirdparties/pdsc/RealThread.X-CUBE-RT-Thread_Nano.4.1.1.pdsc: PDSC version is not supported
2025-10-14 14:15:14,736 [WARN] PackLoader:238 - Cannot read IP mode file for STMicroelectronics.FP-ATR-SIGFOX1.3.2.0
2025-10-14 14:15:14,740 [ERROR] Engine:463 - /Users/admin/.stm32cubemx/thirdparties/pdsc/ITTIA_DB.I-CUBE-ITTIADB.8.9.0.pdsc: PDSC version is not supported
2025-10-14 14:15:14,742 [ERROR] Engine:463 - /Users/admin/.stm32cubemx/thirdparties/pdsc/STMicroelectronics.X-CUBE-ST67W61.1.0.0.pdsc: PDSC version is not supported
2025-10-14 14:15:14,745 [WARN] PackLoader:238 - Cannot read IP mode file for STMicroelectronics.X-CUBE-AI.10.2.0
2025-10-14 14:15:14,780 [WARN] PackLoader:238 - Cannot read IP mode file for SEGGER.I-CUBE-embOS.1.3.1
2025-10-14 14:15:14,845 [WARN] PackLoader:238 - Cannot read IP mode file for STMicroelectronics.X-CUBE-ALGOBUILD.1.4.0
2025-10-14 14:15:14,913 [WARN] PackLoader:238 - Cannot read IP mode file for STMicroelectronics.X-CUBE-MEMS1.11.3.0
2025-10-14 14:15:15,249 [WARN] PackLoader:238 - Cannot read IP mode file for STMicroelectronics.X-CUBE-PM33A1.1.0.0
2025-10-14 14:15:15,284 [WARN] PackLoader:238 - Cannot read IP mode file for STMicroelectronics.X-CUBE-AZRTOS-F4.1.1.0
2025-10-14 14:15:15,292 [WARN] PackLoader:238 - Cannot read IP mode file for STMicroelectronics.X-CUBE-ISPU.2.1.0
2025-10-14 14:15:15,300 [ERROR] Engine:463 - /Users/admin/.stm32cubemx/thirdparties/pdsc/STMicroelectronics.X-CUBE-IPS.3.2.0.pdsc: PDSC version is not supported
2025-10-14 14:15:15,306 [WARN] PackLoader:238 - Cannot read IP mode file for STMicroelectronics.X-CUBE-NFC12.1.0.0
2025-10-14 14:15:15,343 [WARN] PackLoader:238 - Cannot read IP mode file for STMicroelectronics.X-CUBE-AZRTOS-L5.2.0.0
2025-10-14 14:15:15,354 [WARN] PackLoader:238 - Cannot read IP mode file for STMicroelectronics.X-CUBE-NFC6.3.1.0
2025-10-14 14:15:15,360 [ERROR] Engine:463 - /Users/admin/.stm32cubemx/thirdparties/pdsc/STMicroelectronics.X-CUBE-FREERTOS.1.3.1.pdsc: PDSC version is not supported
2025-10-14 14:15:15,365 [WARN] PackLoader:238 - Cannot read IP mode file for STMicroelectronics.X-CUBE-TOUCHGFX.4.26.0
2025-10-14 14:15:15,368 [ERROR] Engine:463 - /Users/admin/.stm32cubemx/thirdparties/pdsc/STMicroelectronics.FP-SNS-STAIOTCFT.1.0.0.pdsc: PDSC version is not supported
2025-10-14 14:15:15,370 [ERROR] Engine:463 - /Users/admin/.stm32cubemx/thirdparties/pdsc/STMicroelectronics.X-CUBE-DPower.1.3.0.pdsc: PDSC version is not supported
2025-10-14 14:15:15,391 [WARN] ConditionMgr:437 - getConditionDescription Invalid condition id : LAN8742 Phy interface Condition cause : null
2025-10-14 14:15:15,404 [WARN] PackLoader:238 - Cannot read IP mode file for STMicroelectronics.X-CUBE-AZRTOS-L4.2.0.0
2025-10-14 14:15:15,406 [WARN] ConditionMgr:1038 - genDependencies : Invalid condition id : LAN8742 Phy interface Condition cause : null
2025-10-14 14:15:15,407 [WARN] ConditionMgr:1038 - genDependencies : Invalid condition id : LAN8742 Phy interface Condition cause : null
2025-10-14 14:15:15,408 [WARN] ConditionMgr:1038 - genDependencies : Invalid condition id : LAN8742 Phy interface Condition cause : null
2025-10-14 14:15:15,419 [WARN] PackLoader:238 - Cannot read IP mode file for STMicroelectronics.X-CUBE-SFXS2LP1.4.0.0
2025-10-14 14:15:15,429 [ERROR] Engine:463 - /Users/admin/.stm32cubemx/thirdparties/pdsc/STMicroelectronics.X-CUBE-BLEMGR.4.1.0.pdsc: PDSC version is not supported
2025-10-14 14:15:15,444 [WARN] ConditionMgr:437 - getConditionDescription Invalid condition id : UX DEVICE CLASS RTOS Condition cause : null
2025-10-14 14:15:15,445 [WARN] ConditionMgr:437 - getConditionDescription Invalid condition id : UX DEVICE CLASS RTOS Condition cause : null
2025-10-14 14:15:15,448 [WARN] PackLoader:238 - Cannot read IP mode file for STMicroelectronics.X-CUBE-AZRTOS-WB.2.0.0
2025-10-14 14:15:15,449 [WARN] ConditionMgr:1038 - genDependencies : Invalid condition id : UX DEVICE CLASS RTOS Condition cause : null
2025-10-14 14:15:15,449 [WARN] ConditionMgr:1038 - genDependencies : Invalid condition id : UX DEVICE CLASS RTOS Condition cause : null
2025-10-14 14:15:15,449 [WARN] ConditionMgr:1038 - genDependencies : Invalid condition id : UX DEVICE CLASS RTOS Condition cause : null
2025-10-14 14:15:15,450 [WARN] ConditionMgr:1038 - genDependencies : Invalid condition id : UX DEVICE CLASS RTOS Condition cause : null
2025-10-14 14:15:15,450 [WARN] ConditionMgr:1038 - genDependencies : Invalid condition id : UX DEVICE CLASS RTOS Condition cause : null
2025-10-14 14:15:15,462 [WARN] PackLoader:238 - Cannot read IP mode file for STMicroelectronics.X-CUBE-GNSS1.7.0.1
2025-10-14 14:15:15,467 [WARN] PackLoader:238 - Cannot read IP mode file for STMicroelectronics.X-CUBE-TOUCHGFX.4.25.0
2025-10-14 14:15:15,469 [ERROR] Engine:463 - /Users/admin/.stm32cubemx/thirdparties/pdsc/quantropi.X-CUBE-qispace-sdk-base.2.1.0.pdsc: PDSC version is not supported
2025-10-14 14:15:15,480 [WARN] PackLoader:238 - Cannot read IP mode file for STMicroelectronics.X-CUBE-SUBG2.5.0.0
2025-10-14 14:15:15,514 [WARN] PackLoader:238 - Cannot read IP mode file for STMicroelectronics.X-CUBE-AZRTOS-H7RS.1.1.0
2025-10-14 14:15:15,548 [WARN] PackLoader:238 - Cannot read IP mode file for STMicroelectronics.X-CUBE-AZRTOS-G4.2.0.0
2025-10-14 14:15:15,553 [WARN] PackLoader:238 - Cannot read IP mode file for wolfSSL.I-CUBE-wolfSSH.1.4.20
2025-10-14 14:15:15,558 [WARN] PackLoader:238 - Cannot read IP mode file for STMicroelectronics.X-CUBE-NFC7.2.0.0
2025-10-14 14:15:15,566 [ERROR] Engine:463 - /Users/admin/.stm32cubemx/thirdparties/pdsc/STMicroelectronics.X-CUBE-IPS.3.1.0.pdsc: PDSC version is not supported
2025-10-14 14:15:15,569 [ERROR] Engine:463 - /Users/admin/.stm32cubemx/thirdparties/pdsc/STMicroelectronics.X-CUBE-ALS.1.0.2.pdsc: PDSC version is not supported
2025-10-14 14:15:15,576 [WARN] PackLoader:238 - Cannot read IP mode file for STMicroelectronics.X-CUBE-STSE01.1.0.0
2025-10-14 14:15:15,588 [ERROR] Engine:463 - /Users/admin/.stm32cubemx/thirdparties/pdsc/STMicroelectronics.X-CUBE-TOF1.3.4.3.pdsc: PDSC version is not supported
2025-10-14 14:15:15,588 [INFO] ThirdParty:915 - Integrity check success = true
2025-10-14 14:15:15,589 [INFO] IntegrityCheckThread:94 - exiting critical section [integrity check]
2025-10-14 14:15:15,589 [INFO] IntegrityCheckThread:97 - End integrity checks thread
2025-10-14 14:15:15,589 [INFO] ThirdParty:815 - entering critical section [close project]
2025-10-14 14:15:15,590 [INFO] ThirdParty:825 - exiting critical section [close project]
2025-10-14 14:15:15,596 [INFO] PinOutPanel:1463 - setPackage(No Configuration,No Configuration)
2025-10-14 14:15:15,598 [INFO] UtilMem:74 - Begin LoadConfig() Used Memory: 208718432 Bytes (268435456)
2025-10-14 14:15:15,599 [INFO] MicroXplorer:448 - Change Database Path : 
2025-10-14 14:15:15,599 [INFO] MicroXplorer:478 - Change Database Version : DB.6.0.30
2025-10-14 14:15:15,599 [INFO] OpenFileManager:313 - Change cursor
2025-10-14 14:15:16,517 [INFO] Context:592 - Trying to add GPIOservice into a context  which must be forbidden
2025-10-14 14:15:16,897 [WARN] ApiManager:304 - Cannot register API 'Board Extension:PM33A1' from pack STMicroelectronics.X-CUBE-PM33A1.1.0.0: no header file found
2025-10-14 14:15:16,901 [WARN] ApiManager:304 - Cannot register API 'Board Extension:NFC09A1' from pack STMicroelectronics.X-CUBE-NFC9.1.0.0: no header file found
2025-10-14 14:15:16,907 [WARN] ApiManager:304 - Cannot register API 'Wireless:BlueNRG-MS' from pack STMicroelectronics.X-CUBE-BLE1.7.1.0: no header file found
2025-10-14 14:15:16,910 [WARN] ApiManager:304 - Cannot register API 'Board Extension:EEPRMA2' from pack STMicroelectronics.X-CUBE-EEPRMA1.5.2.0: no header file found
2025-10-14 14:15:16,910 [WARN] ApiManager:304 - Cannot register API 'Board Extension:PGEEZ1' from pack STMicroelectronics.X-CUBE-EEPRMA1.5.2.0: no header file found
2025-10-14 14:15:16,911 [WARN] ApiManager:304 - Cannot register API 'Board Extension:EEICA1' from pack STMicroelectronics.X-CUBE-EEPRMA1.5.2.0: no header file found
2025-10-14 14:15:16,911 [WARN] ApiManager:304 - Cannot register API 'Board Part:M24' from pack STMicroelectronics.X-CUBE-EEPRMA1.5.2.0: no header file found
2025-10-14 14:15:16,911 [WARN] ApiManager:304 - Cannot register API 'Board Part:M95' from pack STMicroelectronics.X-CUBE-EEPRMA1.5.2.0: no header file found
2025-10-14 14:15:16,911 [WARN] ApiManager:304 - Cannot register API 'Board Part:M95P32' from pack STMicroelectronics.X-CUBE-EEPRMA1.5.2.0: no header file found
2025-10-14 14:15:16,911 [WARN] ApiManager:304 - Cannot register API 'Board Part:M24256E-F' from pack STMicroelectronics.X-CUBE-EEPRMA1.5.2.0: no header file found
2025-10-14 14:15:16,911 [WARN] ApiManager:304 - Cannot register API 'Board Part:M24M01E-F' from pack STMicroelectronics.X-CUBE-EEPRMA1.5.2.0: no header file found
2025-10-14 14:15:16,912 [WARN] ApiManager:304 - Cannot register API 'PGEEZ1:SPI' from pack STMicroelectronics.X-CUBE-EEPRMA1.5.2.0: no header file found
2025-10-14 14:15:16,912 [WARN] ApiManager:304 - Cannot register API 'PGEEZ1:QDSPI' from pack STMicroelectronics.X-CUBE-EEPRMA1.5.2.0: no header file found
2025-10-14 14:15:16,915 [WARN] ApiManager:304 - Cannot register API 'Board Extension:GNSS1A1' from pack STMicroelectronics.X-CUBE-GNSS1.7.0.1: no header file found
2025-10-14 14:15:16,915 [WARN] ApiManager:304 - Cannot register API 'Board Support:Custom' from pack STMicroelectronics.X-CUBE-GNSS1.7.0.1: no header file found
2025-10-14 14:15:16,915 [WARN] ApiManager:304 - Cannot register API 'Data Exchange:lib_gnss' from pack STMicroelectronics.X-CUBE-GNSS1.7.0.1: no header file found
2025-10-14 14:15:16,917 [WARN] ApiManager:304 - Cannot register API 'Board Extension:NFC12A1' from pack STMicroelectronics.X-CUBE-NFC12.1.0.0: no header file found
2025-10-14 14:15:16,925 [WARN] ApiManager:304 - Cannot register API 'Board Extension:NFC06A1' from pack STMicroelectronics.X-CUBE-NFC6.3.1.0: no header file found
2025-10-14 14:15:16,925 [WARN] ApiManager:304 - Cannot register API 'Board Extension:NFC08A1' from pack STMicroelectronics.X-CUBE-NFC6.3.1.0: no header file found
2025-10-14 14:15:16,927 [INFO] RtosManager:484 - Registered RTOS mode: class=CMSIS, group=RTOS, mode=CMSIS_V1, owner=FREERTOS
2025-10-14 14:15:16,927 [INFO] RtosManager:484 - Registered RTOS mode: class=CMSIS, group=RTOS2, mode=CMSIS_V2, owner=FREERTOS
2025-10-14 14:15:16,928 [INFO] RtosManager:484 - Registered RTOS mode: class=RTOS, group=Core, mode=CMSIS_V1, owner=FREERTOS
2025-10-14 14:15:16,928 [INFO] RtosManager:484 - Registered RTOS mode: class=RTOS, group=Core, mode=CMSIS_V2, owner=FREERTOS
2025-10-14 14:15:16,928 [WARN] ModelIntegratedComponent:181 - Missing modes for component STMicroelectronics:FreeRTOS:0.0.1:STMicroelectronics:RTOS:FreeRTOS:Core:::10.2.0:
2025-10-14 14:15:16,930 [WARN] ApiManager:304 - Cannot register API 'Board Extension:STSAFEA1' from pack STMicroelectronics.X-CUBE-SAFEA1.1.2.2: no header file found
2025-10-14 14:15:16,930 [WARN] ApiManager:304 - Cannot register API 'Board Part:STSAFEA110' from pack STMicroelectronics.X-CUBE-SAFEA1.1.2.2: no header file found
2025-10-14 14:15:16,930 [WARN] ApiManager:304 - Cannot register API 'Security:ST_Cryptolib' from pack STMicroelectronics.X-CUBE-SAFEA1.1.2.2: no header file found
2025-10-14 14:15:16,930 [WARN] ApiManager:304 - Cannot register API 'Security:MbedTLS' from pack STMicroelectronics.X-CUBE-SAFEA1.1.2.2: no header file found
2025-10-14 14:15:16,931 [WARN] ApiManager:304 - Cannot register API 'Board Extension:NFC04A1' from pack STMicroelectronics.X-CUBE-NFC4.3.0.0: no header file found
2025-10-14 14:15:16,937 [WARN] ApiManager:304 - Cannot register API 'Board Extension:S2868A1' from pack STMicroelectronics.X-CUBE-SUBG2.5.0.0: no header file found
2025-10-14 14:15:16,937 [WARN] ApiManager:304 - Cannot register API 'Board Extension:S2868A2' from pack STMicroelectronics.X-CUBE-SUBG2.5.0.0: no header file found
2025-10-14 14:15:16,937 [WARN] ApiManager:304 - Cannot register API 'Board Extension:S2915A1' from pack STMicroelectronics.X-CUBE-SUBG2.5.0.0: no header file found
2025-10-14 14:15:16,941 [WARN] ApiManager:304 - Cannot register API 'Wireless:STM32WB05N' from pack STMicroelectronics.X-CUBE-WB05N.2.0.0: no header file found
2025-10-14 14:15:16,944 [WARN] ApiManager:304 - Cannot register API 'Board Extension:NFC07A1' from pack STMicroelectronics.X-CUBE-NFC7.2.0.0: no header file found
2025-10-14 14:15:16,945 [WARN] ApiManager:304 - Cannot register API 'Board Extension:NFC10A1' from pack STMicroelectronics.X-CUBE-NFC10.1.0.0: no header file found
2025-10-14 14:15:16,947 [WARN] ModelIntegratedComponent:60 - No mode defined for component null
2025-10-14 14:15:16,947 [WARN] ModelIntegratedComponent:60 - No mode defined for component null
2025-10-14 14:15:16,947 [WARN] ModelIntegratedComponent:60 - No mode defined for component null
2025-10-14 14:15:16,947 [WARN] ModelIntegratedComponent:60 - No mode defined for component null
2025-10-14 14:15:16,948 [WARN] ModelIntegratedComponent:60 - No mode defined for component null
2025-10-14 14:15:16,948 [WARN] ModelIntegratedComponent:60 - No mode defined for component null
2025-10-14 14:15:16,948 [WARN] ModelIntegratedComponent:60 - No mode defined for component null
2025-10-14 14:15:16,948 [WARN] ModelIntegratedComponent:60 - No mode defined for component null
2025-10-14 14:15:16,948 [WARN] ModelIntegratedComponent:60 - No mode defined for component null
2025-10-14 14:15:16,948 [WARN] ModelIntegratedComponent:60 - No mode defined for component null
2025-10-14 14:15:16,948 [WARN] ModelIntegratedComponent:60 - No mode defined for component null
2025-10-14 14:15:16,948 [WARN] ModelIntegratedComponent:60 - No mode defined for component null
2025-10-14 14:15:16,948 [WARN] ModelIntegratedComponent:60 - No mode defined for component null
2025-10-14 14:15:16,948 [WARN] ModelIntegratedComponent:60 - No mode defined for component null
2025-10-14 14:15:16,949 [WARN] ModelIntegratedComponent:60 - No mode defined for component null
2025-10-14 14:15:16,949 [WARN] ModelIntegratedComponent:60 - No mode defined for component null
2025-10-14 14:15:16,949 [WARN] ModelIntegratedComponent:60 - No mode defined for component null
2025-10-14 14:15:16,949 [WARN] ModelIntegratedComponent:60 - No mode defined for component null
2025-10-14 14:15:16,949 [WARN] ModelIntegratedComponent:60 - No mode defined for component null
2025-10-14 14:15:16,949 [WARN] ModelIntegratedComponent:60 - No mode defined for component null
2025-10-14 14:15:16,949 [WARN] ModelIntegratedComponent:60 - No mode defined for component null
2025-10-14 14:15:16,949 [WARN] ModelIntegratedComponent:60 - No mode defined for component null
2025-10-14 14:15:16,949 [WARN] ModelIntegratedComponent:60 - No mode defined for component null
2025-10-14 14:15:16,949 [WARN] ModelIntegratedComponent:60 - No mode defined for component null
2025-10-14 14:15:16,950 [WARN] ModelIntegratedComponent:60 - No mode defined for component null
2025-10-14 14:15:16,950 [WARN] ModelIntegratedComponent:60 - No mode defined for component null
2025-10-14 14:15:16,950 [WARN] ModelIntegratedComponent:60 - No mode defined for component null
2025-10-14 14:15:16,950 [WARN] ModelIntegratedComponent:60 - No mode defined for component null
2025-10-14 14:15:16,950 [WARN] ModelIntegratedComponent:60 - No mode defined for component null
2025-10-14 14:15:16,950 [WARN] ModelIntegratedComponent:60 - No mode defined for component null
2025-10-14 14:15:16,950 [WARN] ModelIntegratedComponent:60 - No mode defined for component null
2025-10-14 14:15:16,952 [WARN] ApiManager:304 - Cannot register API 'Board Extension:SAFEA1' from pack STMicroelectronics.X-CUBE-STSE01.1.0.0: no header file found
2025-10-14 14:15:16,952 [WARN] ApiManager:304 - Cannot register API 'Board Extension:ESE01A1' from pack STMicroelectronics.X-CUBE-STSE01.1.0.0: no header file found
2025-10-14 14:15:16,952 [WARN] ApiManager:304 - Cannot register API 'Board Part:STSAFEA110' from pack STMicroelectronics.X-CUBE-STSE01.1.0.0: no header file found
2025-10-14 14:15:16,953 [WARN] ApiManager:304 - Cannot register API 'Board Part:STSAFEA120' from pack STMicroelectronics.X-CUBE-STSE01.1.0.0: no header file found
2025-10-14 14:15:16,953 [WARN] ApiManager:304 - Cannot register API 'Security:STM32_Cryptographic' from pack STMicroelectronics.X-CUBE-STSE01.1.0.0: no header file found
2025-10-14 14:15:16,953 [WARN] ApiManager:304 - Cannot register API 'Security:STSELib' from pack STMicroelectronics.X-CUBE-STSE01.1.0.0: no header file found
2025-10-14 14:15:17,233 [WARN] ApiManager:304 - Cannot register API 'Board Extension:IKS01A3' from pack STMicroelectronics.X-CUBE-MEMS1.11.3.0: no header file found
2025-10-14 14:15:17,234 [WARN] ApiManager:304 - Cannot register API 'Board Extension:IKS02A1' from pack STMicroelectronics.X-CUBE-MEMS1.11.3.0: no header file found
2025-10-14 14:15:17,234 [WARN] ApiManager:304 - Cannot register API 'Board Extension:IKS4A1' from pack STMicroelectronics.X-CUBE-MEMS1.11.3.0: no header file found
2025-10-14 14:15:17,250 [WARN] ApiManager:304 - Cannot register API 'Board Extension:S2868A1' from pack STMicroelectronics.X-CUBE-SFXS2LP1.4.0.0: no header file found
2025-10-14 14:15:17,251 [WARN] ApiManager:304 - Cannot register API 'Board Extension:S2868A2' from pack STMicroelectronics.X-CUBE-SFXS2LP1.4.0.0: no header file found
2025-10-14 14:15:17,251 [WARN] ApiManager:304 - Cannot register API 'Board Extension:S2915A1' from pack STMicroelectronics.X-CUBE-SFXS2LP1.4.0.0: no header file found
2025-10-14 14:15:17,252 [WARN] ApiManager:304 - Cannot register API 'Wireless:BlueNRG-2' from pack STMicroelectronics.X-CUBE-BLE2.3.3.0: no header file found
2025-10-14 14:15:18,610 [INFO] UtilMem:74 - End LoadConfig() Used Memory: 241708432 Bytes (377487360)
2025-10-14 14:15:18,613 [INFO] DbMcusXml:100 - Load MCU database from /Applications/STM32CubeIDE.app/Contents/Eclipse/plugins/com.st.stm32cube.common.mx_6.3.0.202107141111//db//mcu/families.xml
2025-10-14 14:15:20,016 [INFO] DbMcusJson:93 - JSON generation date=Tue Nov 16 23:17:54 ICT 2021 (1637079474)
2025-10-14 14:15:21,317 [INFO] DbMcus:175 - Found 1951 MCUs (1903 are supported by CubeMX, 1914 are visible in CubeMX)
2025-10-14 14:15:21,318 [INFO] ApiDb:251 - Load user favorites file /Users/admin/.stm32cubeide/favorites.mcus.txt: 0 item(s)
2025-10-14 14:15:21,318 [INFO] ApiDb:255 - User favorites MCUs=[]
2025-10-14 14:15:21,318 [INFO] DbMcus:187 - Set 0 / 0 favorites MCUs
2025-10-14 14:15:21,321 [WARN] ThirdParty:779 - waiting for thirdparty lock release [change project]
2025-10-14 14:15:21,321 [INFO] ThirdParty:781 - entering critical section [change project]
2025-10-14 14:15:21,322 [INFO] ThirdParty:967 - CMSIS Pack Vendor :STMicroelectronics X-CUBE-PM33A1 1.0.0
2025-10-14 14:15:21,322 [INFO] ThirdParty:967 - CMSIS Pack Vendor :STMicroelectronics X-CUBE-NFC9 1.0.0
2025-10-14 14:15:21,322 [INFO] ThirdParty:967 - CMSIS Pack Vendor :STMicroelectronics USB_HOST 2.0.0
2025-10-14 14:15:21,322 [INFO] ThirdParty:967 - CMSIS Pack Vendor :STMicroelectronics X-CUBE-AZRTOS-F4 1.1.0
2025-10-14 14:15:21,322 [INFO] ThirdParty:967 - CMSIS Pack Vendor :STMicroelectronics FP-ATR-ASTRA1 2.0.2
2025-10-14 14:15:21,322 [INFO] ThirdParty:967 - CMSIS Pack Vendor :wolfSSL I-CUBE-wolfSSL 5.8.2
2025-10-14 14:15:21,322 [INFO] ThirdParty:967 - CMSIS Pack Vendor :STMicroelectronics X-CUBE-BLE1 7.1.0
2025-10-14 14:15:21,323 [INFO] ThirdParty:967 - CMSIS Pack Vendor :wolfSSL I-CUBE-wolfMQTT 1.19.2
2025-10-14 14:15:21,323 [INFO] ThirdParty:967 - CMSIS Pack Vendor :STMicroelectronics USB_DEVICE 3.0.0
2025-10-14 14:15:21,323 [INFO] ThirdParty:967 - CMSIS Pack Vendor :STMicroelectronics X-CUBE-ISPU 2.1.0
2025-10-14 14:15:21,323 [INFO] ThirdParty:967 - CMSIS Pack Vendor :STMicroelectronics X-CUBE-EEPRMA1 5.2.0
2025-10-14 14:15:21,323 [INFO] ThirdParty:967 - CMSIS Pack Vendor :STMicroelectronics X-CUBE-AZRTOS-WB 2.0.0
2025-10-14 14:15:21,323 [INFO] ThirdParty:967 - CMSIS Pack Vendor :STMicroelectronics X-CUBE-GNSS1 7.0.1
2025-10-14 14:15:21,323 [INFO] ThirdParty:967 - CMSIS Pack Vendor :STMicroelectronics X-CUBE-NFC12 1.0.0
2025-10-14 14:15:21,323 [INFO] ThirdParty:967 - CMSIS Pack Vendor :STMicroelectronics X-CUBE-AZRTOS-F7 1.1.0
2025-10-14 14:15:21,323 [INFO] ThirdParty:967 - CMSIS Pack Vendor :STMicroelectronics X-CUBE-AZRTOS-L5 2.0.0
2025-10-14 14:15:21,323 [INFO] ThirdParty:967 - CMSIS Pack Vendor :STMicroelectronics X-CUBE-TOUCHGFX 4.25.0
2025-10-14 14:15:21,323 [INFO] ThirdParty:967 - CMSIS Pack Vendor :STMicroelectronics USB_DEVICE 2.0.0
2025-10-14 14:15:21,324 [INFO] ThirdParty:967 - CMSIS Pack Vendor :STMicroelectronics X-CUBE-NFC6 3.1.0
2025-10-14 14:15:21,324 [INFO] ThirdParty:967 - CMSIS Pack Vendor :STMicroelectronics FreeRTOS 0.0.1
2025-10-14 14:15:21,324 [INFO] ThirdParty:967 - CMSIS Pack Vendor :STMicroelectronics X-CUBE-AZRTOS-G0 1.1.0
2025-10-14 14:15:21,324 [INFO] ThirdParty:967 - CMSIS Pack Vendor :STMicroelectronics X-CUBE-SAFEA1 1.2.2
2025-10-14 14:15:21,324 [INFO] ThirdParty:967 - CMSIS Pack Vendor :STMicroelectronics X-CUBE-NFC4 3.0.0
2025-10-14 14:15:21,324 [INFO] ThirdParty:967 - CMSIS Pack Vendor :STMicroelectronics X-CUBE-SUBG2 5.0.0
2025-10-14 14:15:21,324 [INFO] ThirdParty:967 - CMSIS Pack Vendor :STMicroelectronics X-CUBE-AZRTOS-H7RS 1.1.0
2025-10-14 14:15:21,324 [INFO] ThirdParty:967 - CMSIS Pack Vendor :STMicroelectronics lwIP 2.0.3
2025-10-14 14:15:21,325 [INFO] ThirdParty:967 - CMSIS Pack Vendor :STMicroelectronics USB_HOST 1.0.0
2025-10-14 14:15:21,325 [INFO] ThirdParty:967 - CMSIS Pack Vendor :STMicroelectronics X-CUBE-AZRTOS-G4 2.0.0
2025-10-14 14:15:21,325 [INFO] ThirdParty:967 - CMSIS Pack Vendor :STMicroelectronics X-CUBE-WB05N 2.0.0
2025-10-14 14:15:21,325 [INFO] ThirdParty:967 - CMSIS Pack Vendor :STMicroelectronics PDM2PCM 3.1.0
2025-10-14 14:15:21,325 [INFO] ThirdParty:967 - CMSIS Pack Vendor :STMicroelectronics PDM2PCM 3.3.0
2025-10-14 14:15:21,325 [INFO] ThirdParty:967 - CMSIS Pack Vendor :wolfSSL I-CUBE-wolfTPM 3.8.0
2025-10-14 14:15:21,325 [INFO] ThirdParty:967 - CMSIS Pack Vendor :STMicroelectronics X-CUBE-AZRTOS-H7 3.4.0
2025-10-14 14:15:21,325 [INFO] ThirdParty:967 - CMSIS Pack Vendor :wolfSSL I-CUBE-wolfSSH 1.4.20
2025-10-14 14:15:21,325 [INFO] ThirdParty:967 - CMSIS Pack Vendor :STMicroelectronics X-CUBE-NFC7 2.0.0
2025-10-14 14:15:21,326 [INFO] ThirdParty:967 - CMSIS Pack Vendor :STMicroelectronics FP-ATR-SIGFOX1 3.2.0
2025-10-14 14:15:21,326 [INFO] ThirdParty:967 - CMSIS Pack Vendor :STMicroelectronics X-CUBE-NFC10 1.0.0
2025-10-14 14:15:21,326 [INFO] ThirdParty:967 - CMSIS Pack Vendor :STMicroelectronics HAL Drivers 0.0.0
2025-10-14 14:15:21,326 [INFO] ThirdParty:967 - CMSIS Pack Vendor :STMicroelectronics MBEDTLS 2.16.2
2025-10-14 14:15:21,326 [INFO] ThirdParty:967 - CMSIS Pack Vendor :STMicroelectronics MBEDTLS 2.14.1
2025-10-14 14:15:21,326 [INFO] ThirdParty:967 - CMSIS Pack Vendor :STMicroelectronics X-CUBE-TOUCHGFX 4.26.0
2025-10-14 14:15:21,326 [INFO] ThirdParty:967 - CMSIS Pack Vendor :STMicroelectronics X-CUBE-STSE01 1.0.0
2025-10-14 14:15:21,326 [INFO] ThirdParty:967 - CMSIS Pack Vendor :STMicroelectronics X-CUBE-AI 10.2.0
2025-10-14 14:15:21,326 [INFO] ThirdParty:967 - CMSIS Pack Vendor :STMicroelectronics X-CUBE-AZRTOS-WL 2.0.0
2025-10-14 14:15:21,326 [INFO] ThirdParty:967 - CMSIS Pack Vendor :SEGGER I-CUBE-embOS 1.3.1
2025-10-14 14:15:21,326 [INFO] ThirdParty:967 - CMSIS Pack Vendor :STMicroelectronics X-CUBE-ALGOBUILD 1.4.0
2025-10-14 14:15:21,326 [INFO] ThirdParty:967 - CMSIS Pack Vendor :STMicroelectronics X-CUBE-MEMS1 11.3.0
2025-10-14 14:15:21,326 [INFO] ThirdParty:967 - CMSIS Pack Vendor :STMicroelectronics USB_DEVICE 1.0.0
2025-10-14 14:15:21,327 [INFO] ThirdParty:967 - CMSIS Pack Vendor :STMicroelectronics X-CUBE-AZRTOS-L4 2.0.0
2025-10-14 14:15:21,327 [INFO] ThirdParty:967 - CMSIS Pack Vendor :STMicroelectronics ThreadX 0.0.2
2025-10-14 14:15:21,327 [INFO] ThirdParty:967 - CMSIS Pack Vendor :STMicroelectronics lwIP 2.1.2
2025-10-14 14:15:21,327 [INFO] ThirdParty:967 - CMSIS Pack Vendor :STMicroelectronics X-CUBE-SFXS2LP1 4.0.0
2025-10-14 14:15:21,327 [INFO] ThirdParty:967 - CMSIS Pack Vendor :STMicroelectronics X-CUBE-BLE2 3.3.0
2025-10-14 14:15:21,327 [INFO] ThirdParty:967 - CMSIS Pack Vendor :STMicroelectronics PDM2PCM 3.2.0
2025-10-14 14:15:21,327 [INFO] ThirdParty:787 - exiting critical section [change project]
2025-10-14 14:15:21,818 [INFO] PinOutPanel:1463 - setPackage(No Configuration,No Configuration)
2025-10-14 14:15:21,819 [INFO] PinOutPanel:1463 - setPackage(STM32F103C6Ux,UFQFPN48)
2025-10-14 14:15:22,331 [INFO] UtilMem:74 - Before build in PCC Used Memory: 324962240 Bytes (526385152)
2025-10-14 14:15:23,299 [INFO] UtilMem:74 - After build in PCC Used Memory: 339848064 Bytes (526385152)
2025-10-14 14:15:23,326 [INFO] IPUIPlugin:74 - create IPUIPlugin
2025-10-14 14:15:23,326 [INFO] IPUIPlugin:74 - create IPUIPlugin
2025-10-14 14:15:23,326 [INFO] IPUIPlugin:74 - create IPUIPlugin
2025-10-14 14:15:23,326 [INFO] IPUIPlugin:74 - create IPUIPlugin
2025-10-14 14:15:23,327 [INFO] IPUIPlugin:74 - create IPUIPlugin
2025-10-14 14:15:23,327 [INFO] IPUIPlugin:74 - create IPUIPlugin
2025-10-14 14:15:23,327 [INFO] IPUIPlugin:74 - create IPUIPlugin
2025-10-14 14:15:23,327 [INFO] IPUIPlugin:74 - create IPUIPlugin
2025-10-14 14:15:23,327 [INFO] IPUIPlugin:74 - create IPUIPlugin
2025-10-14 14:15:23,328 [INFO] IPUIPlugin:74 - create IPUIPlugin
2025-10-14 14:15:23,328 [INFO] IPUIPlugin:74 - create IPUIPlugin
2025-10-14 14:15:23,328 [INFO] IPUIPlugin:74 - create IPUIPlugin
2025-10-14 14:15:23,328 [INFO] IPUIPlugin:74 - create IPUIPlugin
2025-10-14 14:15:23,329 [INFO] IPUIPlugin:74 - create IPUIPlugin
2025-10-14 14:15:23,329 [INFO] IPUIPlugin:74 - create IPUIPlugin
2025-10-14 14:15:23,329 [INFO] IPUIPlugin:74 - create IPUIPlugin
2025-10-14 14:15:23,329 [INFO] IPUIPlugin:74 - create IPUIPlugin
2025-10-14 14:15:23,329 [INFO] IPUIPlugin:74 - create IPUIPlugin
2025-10-14 14:15:23,330 [INFO] IPUIPlugin:74 - create IPUIPlugin
2025-10-14 14:15:23,330 [INFO] IPUIPlugin:74 - create IPUIPlugin
2025-10-14 14:15:23,330 [INFO] IPUIPlugin:74 - create IPUIPlugin
2025-10-14 14:15:23,331 [INFO] IPUIPlugin:74 - create IPUIPlugin
2025-10-14 14:15:23,331 [INFO] IPUIPlugin:74 - create IPUIPlugin
2025-10-14 14:15:23,520 [INFO] OpenFileManager:333 - Restore cursor
2025-10-14 14:15:31,930 [INFO] Gpio:254 - dependency for GPIO []
2025-10-14 14:15:39,541 [INFO] Gpio:254 - dependency for GPIO []
2025-10-14 15:17:39,533 [INFO] Gpio:254 - dependency for GPIO []
2025-10-14 15:17:41,507 [INFO] Gpio:254 - dependency for GPIO []
2025-10-14 15:17:44,360 [INFO] Gpio:254 - dependency for GPIO []
2025-10-14 15:17:46,272 [INFO] Gpio:254 - dependency for GPIO []
2025-10-14 15:17:51,042 [ERROR] LogOutputStream:74 - [STDERR_REDIRECT] Exception in thread "AWT-EventQueue-0" java.lang.NullPointerException
2025-10-14 15:17:51,043 [ERROR] LogOutputStream:74 - [STDERR_REDIRECT] 	at com.st.microxplorer.plugins.ip.gpio.model.IPTab.checkGPIOMode(IPTab.java:270)
2025-10-14 15:17:51,043 [ERROR] LogOutputStream:74 - [STDERR_REDIRECT] 	at com.st.microxplorer.plugins.ip.gpio.model.IPTab.checkCommonPossibleValues(IPTab.java:252)
2025-10-14 15:17:51,043 [ERROR] LogOutputStream:74 - [STDERR_REDIRECT] 	at com.st.microxplorer.plugins.ip.gpio.gui.GpioTablePanel.propertyChange(GpioTablePanel.java:484)
2025-10-14 15:17:51,044 [ERROR] LogOutputStream:74 - [STDERR_REDIRECT] 	at java.desktop/java.beans.PropertyChangeSupport.fire(PropertyChangeSupport.java:341)
2025-10-14 15:17:51,044 [ERROR] LogOutputStream:74 - [STDERR_REDIRECT] 	at java.desktop/java.beans.PropertyChangeSupport.firePropertyChange(PropertyChangeSupport.java:333)
2025-10-14 15:17:51,044 [ERROR] LogOutputStream:74 - [STDERR_REDIRECT] 	at com.st.microxplorer.mxsystem.MxSystem.propertyChange(MxSystem.java:446)
2025-10-14 15:17:51,044 [ERROR] LogOutputStream:74 - [STDERR_REDIRECT] 	at java.desktop/java.beans.PropertyChangeSupport.fire(PropertyChangeSupport.java:341)
2025-10-14 15:17:51,045 [ERROR] LogOutputStream:74 - [STDERR_REDIRECT] 	at java.desktop/java.beans.PropertyChangeSupport.firePropertyChange(PropertyChangeSupport.java:333)
2025-10-14 15:17:51,045 [ERROR] LogOutputStream:74 - [STDERR_REDIRECT] 	at java.desktop/java.beans.PropertyChangeSupport.firePropertyChange(PropertyChangeSupport.java:266)
2025-10-14 15:17:51,046 [ERROR] LogOutputStream:74 - [STDERR_REDIRECT] 	at com.st.microxplorer.util.MXPropertyChangeSupport.firePropertyChange(MXPropertyChangeSupport.java:50)
2025-10-14 15:17:51,046 [ERROR] LogOutputStream:74 - [STDERR_REDIRECT] 	at com.st.microxplorer.mcu.Mcu.propertyChange(Mcu.java:1660)
2025-10-14 15:17:51,047 [ERROR] LogOutputStream:74 - [STDERR_REDIRECT] 	at java.desktop/java.beans.PropertyChangeSupport.fire(PropertyChangeSupport.java:341)
2025-10-14 15:17:51,047 [ERROR] LogOutputStream:74 - [STDERR_REDIRECT] 	at java.desktop/java.beans.PropertyChangeSupport.firePropertyChange(PropertyChangeSupport.java:333)
2025-10-14 15:17:51,047 [ERROR] LogOutputStream:74 - [STDERR_REDIRECT] 	at java.desktop/java.beans.PropertyChangeSupport.firePropertyChange(PropertyChangeSupport.java:266)
2025-10-14 15:17:51,047 [ERROR] LogOutputStream:74 - [STDERR_REDIRECT] 	at com.st.microxplorer.util.MXPropertyChangeSupport.firePropertyChange(MXPropertyChangeSupport.java:50)
2025-10-14 15:17:51,047 [ERROR] LogOutputStream:74 - [STDERR_REDIRECT] 	at com.st.microxplorer.mcu.Pin.setPinLabel(Pin.java:2078)
2025-10-14 15:17:51,048 [ERROR] LogOutputStream:74 - [STDERR_REDIRECT] 	at com.st.microxplorer.plugins.pinoutconfig.gui.PinOutPanel$InputLabel$2.focusLost(PinOutPanel.java:2151)
2025-10-14 15:17:51,048 [ERROR] LogOutputStream:74 - [STDERR_REDIRECT] 	at java.desktop/java.awt.AWTEventMulticaster.focusLost(AWTEventMulticaster.java:238)
2025-10-14 15:17:51,048 [ERROR] LogOutputStream:74 - [STDERR_REDIRECT] 	at java.desktop/java.awt.AWTEventMulticaster.focusLost(AWTEventMulticaster.java:237)
2025-10-14 15:17:51,048 [ERROR] LogOutputStream:74 - [STDERR_REDIRECT] 	at java.desktop/java.awt.AWTEventMulticaster.focusLost(AWTEventMulticaster.java:237)
2025-10-14 15:17:51,049 [ERROR] LogOutputStream:74 - [STDERR_REDIRECT] 	at java.desktop/java.awt.Component.processFocusEvent(Component.java:6527)
2025-10-14 15:17:51,049 [ERROR] LogOutputStream:74 - [STDERR_REDIRECT] 	at java.desktop/java.awt.Component.processEvent(Component.java:6391)
2025-10-14 15:17:51,049 [ERROR] LogOutputStream:74 - [STDERR_REDIRECT] 	at java.desktop/java.awt.Container.processEvent(Container.java:2263)
2025-10-14 15:17:51,049 [ERROR] LogOutputStream:74 - [STDERR_REDIRECT] 	at java.desktop/java.awt.Component.dispatchEventImpl(Component.java:5011)
2025-10-14 15:17:51,049 [ERROR] LogOutputStream:74 - [STDERR_REDIRECT] 	at java.desktop/java.awt.Container.dispatchEventImpl(Container.java:2321)
2025-10-14 15:17:51,050 [ERROR] LogOutputStream:74 - [STDERR_REDIRECT] 	at java.desktop/java.awt.Component.dispatchEvent(Component.java:4843)
2025-10-14 15:17:51,050 [ERROR] LogOutputStream:74 - [STDERR_REDIRECT] 	at java.desktop/java.awt.KeyboardFocusManager.redispatchEvent(KeyboardFocusManager.java:1950)
2025-10-14 15:17:51,050 [ERROR] LogOutputStream:74 - [STDERR_REDIRECT] 	at java.desktop/java.awt.DefaultKeyboardFocusManager.typeAheadAssertions(DefaultKeyboardFocusManager.java:1059)
2025-10-14 15:17:51,050 [ERROR] LogOutputStream:74 - [STDERR_REDIRECT] 	at java.desktop/java.awt.DefaultKeyboardFocusManager.dispatchEvent(DefaultKeyboardFocusManager.java:725)
2025-10-14 15:17:51,050 [ERROR] LogOutputStream:74 - [STDERR_REDIRECT] 	at java.desktop/java.awt.Component.dispatchEventImpl(Component.java:4892)
2025-10-14 15:17:51,051 [ERROR] LogOutputStream:74 - [STDERR_REDIRECT] 	at java.desktop/java.awt.Container.dispatchEventImpl(Container.java:2321)
2025-10-14 15:17:51,051 [ERROR] LogOutputStream:74 - [STDERR_REDIRECT] 	at java.desktop/java.awt.Component.dispatchEvent(Component.java:4843)
2025-10-14 15:17:51,051 [ERROR] LogOutputStream:74 - [STDERR_REDIRECT] 	at java.desktop/java.awt.EventQueue.dispatchEventImpl(EventQueue.java:772)
2025-10-14 15:17:51,051 [ERROR] LogOutputStream:74 - [STDERR_REDIRECT] 	at java.desktop/java.awt.EventQueue$4.run(EventQueue.java:721)
2025-10-14 15:17:51,052 [ERROR] LogOutputStream:74 - [STDERR_REDIRECT] 	at java.desktop/java.awt.EventQueue$4.run(EventQueue.java:715)
2025-10-14 15:17:51,052 [ERROR] LogOutputStream:74 - [STDERR_REDIRECT] 	at java.base/java.security.AccessController.doPrivileged(Native Method)
2025-10-14 15:17:51,052 [ERROR] LogOutputStream:74 - [STDERR_REDIRECT] 	at java.base/java.security.ProtectionDomain$JavaSecurityAccessImpl.doIntersectionPrivilege(ProtectionDomain.java:85)
2025-10-14 15:17:51,053 [ERROR] LogOutputStream:74 - [STDERR_REDIRECT] 	at java.base/java.security.ProtectionDomain$JavaSecurityAccessImpl.doIntersectionPrivilege(ProtectionDomain.java:95)
2025-10-14 15:17:51,053 [ERROR] LogOutputStream:74 - [STDERR_REDIRECT] 	at java.desktop/java.awt.EventQueue$5.run(EventQueue.java:745)
2025-10-14 15:17:51,053 [ERROR] LogOutputStream:74 - [STDERR_REDIRECT] 	at java.desktop/java.awt.EventQueue$5.run(EventQueue.java:743)
2025-10-14 15:17:51,053 [ERROR] LogOutputStream:74 - [STDERR_REDIRECT] 	at java.base/java.security.AccessController.doPrivileged(Native Method)
2025-10-14 15:17:51,053 [ERROR] LogOutputStream:74 - [STDERR_REDIRECT] 	at java.base/java.security.ProtectionDomain$JavaSecurityAccessImpl.doIntersectionPrivilege(ProtectionDomain.java:85)
2025-10-14 15:17:51,054 [ERROR] LogOutputStream:74 - [STDERR_REDIRECT] 	at java.desktop/java.awt.EventQueue.dispatchEvent(EventQueue.java:742)
2025-10-14 15:17:51,054 [ERROR] LogOutputStream:74 - [STDERR_REDIRECT] 	at java.desktop/java.awt.EventDispatchThread.pumpOneEventForFilters(EventDispatchThread.java:203)
2025-10-14 15:17:51,054 [ERROR] LogOutputStream:74 - [STDERR_REDIRECT] 	at java.desktop/java.awt.EventDispatchThread.pumpEventsForFilter(EventDispatchThread.java:124)
2025-10-14 15:17:51,054 [ERROR] LogOutputStream:74 - [STDERR_REDIRECT] 	at java.desktop/java.awt.EventDispatchThread.pumpEventsForHierarchy(EventDispatchThread.java:113)
2025-10-14 15:17:51,054 [ERROR] LogOutputStream:74 - [STDERR_REDIRECT] 	at java.desktop/java.awt.EventDispatchThread.pumpEvents(EventDispatchThread.java:109)
2025-10-14 15:17:51,055 [ERROR] LogOutputStream:74 - [STDERR_REDIRECT] 	at java.desktop/java.awt.EventDispatchThread.pumpEvents(EventDispatchThread.java:101)
2025-10-14 15:17:51,055 [ERROR] LogOutputStream:74 - [STDERR_REDIRECT] 	at java.desktop/java.awt.EventDispatchThread.run(EventDispatchThread.java:90)
2025-10-14 15:17:58,147 [ERROR] LogOutputStream:74 - [STDERR_REDIRECT] Exception in thread "AWT-EventQueue-0" java.lang.NullPointerException
2025-10-14 15:17:58,147 [ERROR] LogOutputStream:74 - [STDERR_REDIRECT] 	at com.st.microxplorer.plugins.ip.gpio.model.IPTab.checkGPIOMode(IPTab.java:270)
2025-10-14 15:17:58,147 [ERROR] LogOutputStream:74 - [STDERR_REDIRECT] 	at com.st.microxplorer.plugins.ip.gpio.model.IPTab.checkCommonPossibleValues(IPTab.java:252)
2025-10-14 15:17:58,147 [ERROR] LogOutputStream:74 - [STDERR_REDIRECT] 	at com.st.microxplorer.plugins.ip.gpio.gui.GpioTablePanel.propertyChange(GpioTablePanel.java:484)
2025-10-14 15:17:58,148 [ERROR] LogOutputStream:74 - [STDERR_REDIRECT] 	at java.desktop/java.beans.PropertyChangeSupport.fire(PropertyChangeSupport.java:341)
2025-10-14 15:17:58,148 [ERROR] LogOutputStream:74 - [STDERR_REDIRECT] 	at java.desktop/java.beans.PropertyChangeSupport.firePropertyChange(PropertyChangeSupport.java:333)
2025-10-14 15:17:58,148 [ERROR] LogOutputStream:74 - [STDERR_REDIRECT] 	at com.st.microxplorer.mxsystem.MxSystem.propertyChange(MxSystem.java:446)
2025-10-14 15:17:58,148 [ERROR] LogOutputStream:74 - [STDERR_REDIRECT] 	at java.desktop/java.beans.PropertyChangeSupport.fire(PropertyChangeSupport.java:341)
2025-10-14 15:17:58,148 [ERROR] LogOutputStream:74 - [STDERR_REDIRECT] 	at java.desktop/java.beans.PropertyChangeSupport.firePropertyChange(PropertyChangeSupport.java:333)
2025-10-14 15:17:58,149 [ERROR] LogOutputStream:74 - [STDERR_REDIRECT] 	at java.desktop/java.beans.PropertyChangeSupport.firePropertyChange(PropertyChangeSupport.java:266)
2025-10-14 15:17:58,149 [ERROR] LogOutputStream:74 - [STDERR_REDIRECT] 	at com.st.microxplorer.util.MXPropertyChangeSupport.firePropertyChange(MXPropertyChangeSupport.java:50)
2025-10-14 15:17:58,150 [ERROR] LogOutputStream:74 - [STDERR_REDIRECT] 	at com.st.microxplorer.mcu.Mcu.propertyChange(Mcu.java:1660)
2025-10-14 15:17:58,150 [ERROR] LogOutputStream:74 - [STDERR_REDIRECT] 	at java.desktop/java.beans.PropertyChangeSupport.fire(PropertyChangeSupport.java:341)
2025-10-14 15:17:58,150 [ERROR] LogOutputStream:74 - [STDERR_REDIRECT] 	at java.desktop/java.beans.PropertyChangeSupport.firePropertyChange(PropertyChangeSupport.java:333)
2025-10-14 15:17:58,150 [ERROR] LogOutputStream:74 - [STDERR_REDIRECT] 	at java.desktop/java.beans.PropertyChangeSupport.firePropertyChange(PropertyChangeSupport.java:266)
2025-10-14 15:17:58,151 [ERROR] LogOutputStream:74 - [STDERR_REDIRECT] 	at com.st.microxplorer.util.MXPropertyChangeSupport.firePropertyChange(MXPropertyChangeSupport.java:50)
2025-10-14 15:17:58,151 [ERROR] LogOutputStream:74 - [STDERR_REDIRECT] 	at com.st.microxplorer.mcu.Pin.setPinLabel(Pin.java:2078)
2025-10-14 15:17:58,151 [ERROR] LogOutputStream:74 - [STDERR_REDIRECT] 	at com.st.microxplorer.plugins.pinoutconfig.gui.PinOutPanel$InputLabel$2.focusLost(PinOutPanel.java:2151)
2025-10-14 15:17:58,151 [ERROR] LogOutputStream:74 - [STDERR_REDIRECT] 	at java.desktop/java.awt.AWTEventMulticaster.focusLost(AWTEventMulticaster.java:238)
2025-10-14 15:17:58,152 [ERROR] LogOutputStream:74 - [STDERR_REDIRECT] 	at java.desktop/java.awt.AWTEventMulticaster.focusLost(AWTEventMulticaster.java:237)
2025-10-14 15:17:58,152 [ERROR] LogOutputStream:74 - [STDERR_REDIRECT] 	at java.desktop/java.awt.AWTEventMulticaster.focusLost(AWTEventMulticaster.java:237)
2025-10-14 15:17:58,152 [ERROR] LogOutputStream:74 - [STDERR_REDIRECT] 	at java.desktop/java.awt.Component.processFocusEvent(Component.java:6527)
2025-10-14 15:17:58,152 [ERROR] LogOutputStream:74 - [STDERR_REDIRECT] 	at java.desktop/java.awt.Component.processEvent(Component.java:6391)
2025-10-14 15:17:58,152 [ERROR] LogOutputStream:74 - [STDERR_REDIRECT] 	at java.desktop/java.awt.Container.processEvent(Container.java:2263)
2025-10-14 15:17:58,153 [ERROR] LogOutputStream:74 - [STDERR_REDIRECT] 	at java.desktop/java.awt.Component.dispatchEventImpl(Component.java:5011)
2025-10-14 15:17:58,153 [ERROR] LogOutputStream:74 - [STDERR_REDIRECT] 	at java.desktop/java.awt.Container.dispatchEventImpl(Container.java:2321)
2025-10-14 15:17:58,153 [ERROR] LogOutputStream:74 - [STDERR_REDIRECT] 	at java.desktop/java.awt.Component.dispatchEvent(Component.java:4843)
2025-10-14 15:17:58,153 [ERROR] LogOutputStream:74 - [STDERR_REDIRECT] 	at java.desktop/java.awt.KeyboardFocusManager.redispatchEvent(KeyboardFocusManager.java:1950)
2025-10-14 15:17:58,153 [ERROR] LogOutputStream:74 - [STDERR_REDIRECT] 	at java.desktop/java.awt.DefaultKeyboardFocusManager.typeAheadAssertions(DefaultKeyboardFocusManager.java:1059)
2025-10-14 15:17:58,153 [ERROR] LogOutputStream:74 - [STDERR_REDIRECT] 	at java.desktop/java.awt.DefaultKeyboardFocusManager.dispatchEvent(DefaultKeyboardFocusManager.java:725)
2025-10-14 15:17:58,154 [ERROR] LogOutputStream:74 - [STDERR_REDIRECT] 	at java.desktop/java.awt.Component.dispatchEventImpl(Component.java:4892)
2025-10-14 15:17:58,154 [ERROR] LogOutputStream:74 - [STDERR_REDIRECT] 	at java.desktop/java.awt.Container.dispatchEventImpl(Container.java:2321)
2025-10-14 15:17:58,154 [ERROR] LogOutputStream:74 - [STDERR_REDIRECT] 	at java.desktop/java.awt.Component.dispatchEvent(Component.java:4843)
2025-10-14 15:17:58,154 [ERROR] LogOutputStream:74 - [STDERR_REDIRECT] 	at java.desktop/java.awt.EventQueue.dispatchEventImpl(EventQueue.java:772)
2025-10-14 15:17:58,154 [ERROR] LogOutputStream:74 - [STDERR_REDIRECT] 	at java.desktop/java.awt.EventQueue$4.run(EventQueue.java:721)
2025-10-14 15:17:58,154 [ERROR] LogOutputStream:74 - [STDERR_REDIRECT] 	at java.desktop/java.awt.EventQueue$4.run(EventQueue.java:715)
2025-10-14 15:17:58,155 [ERROR] LogOutputStream:74 - [STDERR_REDIRECT] 	at java.base/java.security.AccessController.doPrivileged(Native Method)
2025-10-14 15:17:58,155 [ERROR] LogOutputStream:74 - [STDERR_REDIRECT] 	at java.base/java.security.ProtectionDomain$JavaSecurityAccessImpl.doIntersectionPrivilege(ProtectionDomain.java:85)
2025-10-14 15:17:58,155 [ERROR] LogOutputStream:74 - [STDERR_REDIRECT] 	at java.base/java.security.ProtectionDomain$JavaSecurityAccessImpl.doIntersectionPrivilege(ProtectionDomain.java:95)
2025-10-14 15:17:58,155 [ERROR] LogOutputStream:74 - [STDERR_REDIRECT] 	at java.desktop/java.awt.EventQueue$5.run(EventQueue.java:745)
2025-10-14 15:17:58,155 [ERROR] LogOutputStream:74 - [STDERR_REDIRECT] 	at java.desktop/java.awt.EventQueue$5.run(EventQueue.java:743)
2025-10-14 15:17:58,155 [ERROR] LogOutputStream:74 - [STDERR_REDIRECT] 	at java.base/java.security.AccessController.doPrivileged(Native Method)
2025-10-14 15:17:58,156 [ERROR] LogOutputStream:74 - [STDERR_REDIRECT] 	at java.base/java.security.ProtectionDomain$JavaSecurityAccessImpl.doIntersectionPrivilege(ProtectionDomain.java:85)
2025-10-14 15:17:58,156 [ERROR] LogOutputStream:74 - [STDERR_REDIRECT] 	at java.desktop/java.awt.EventQueue.dispatchEvent(EventQueue.java:742)
2025-10-14 15:17:58,156 [ERROR] LogOutputStream:74 - [STDERR_REDIRECT] 	at java.desktop/java.awt.EventDispatchThread.pumpOneEventForFilters(EventDispatchThread.java:203)
2025-10-14 15:17:58,156 [ERROR] LogOutputStream:74 - [STDERR_REDIRECT] 	at java.desktop/java.awt.EventDispatchThread.pumpEventsForFilter(EventDispatchThread.java:124)
2025-10-14 15:17:58,156 [ERROR] LogOutputStream:74 - [STDERR_REDIRECT] 	at java.desktop/java.awt.EventDispatchThread.pumpEventsForHierarchy(EventDispatchThread.java:113)
2025-10-14 15:17:58,157 [ERROR] LogOutputStream:74 - [STDERR_REDIRECT] 	at java.desktop/java.awt.EventDispatchThread.pumpEvents(EventDispatchThread.java:109)
2025-10-14 15:17:58,157 [ERROR] LogOutputStream:74 - [STDERR_REDIRECT] 	at java.desktop/java.awt.EventDispatchThread.pumpEvents(EventDispatchThread.java:101)
2025-10-14 15:17:58,157 [ERROR] LogOutputStream:74 - [STDERR_REDIRECT] 	at java.desktop/java.awt.EventDispatchThread.run(EventDispatchThread.java:90)
2025-10-14 15:19:00,934 [ERROR] LogOutputStream:74 - [STDERR_REDIRECT] Exception in thread "AWT-EventQueue-0" java.lang.NullPointerException
2025-10-14 15:19:00,941 [ERROR] LogOutputStream:74 - [STDERR_REDIRECT] 	at com.st.microxplorer.plugins.ip.gpio.model.IPTab.checkGPIOMode(IPTab.java:270)
2025-10-14 15:19:00,941 [ERROR] LogOutputStream:74 - [STDERR_REDIRECT] 	at com.st.microxplorer.plugins.ip.gpio.model.IPTab.checkCommonPossibleValues(IPTab.java:252)
2025-10-14 15:19:00,941 [ERROR] LogOutputStream:74 - [STDERR_REDIRECT] 	at com.st.microxplorer.plugins.ip.gpio.gui.GpioTablePanel.propertyChange(GpioTablePanel.java:484)
2025-10-14 15:19:00,941 [ERROR] LogOutputStream:74 - [STDERR_REDIRECT] 	at java.desktop/java.beans.PropertyChangeSupport.fire(PropertyChangeSupport.java:341)
2025-10-14 15:19:00,942 [ERROR] LogOutputStream:74 - [STDERR_REDIRECT] 	at java.desktop/java.beans.PropertyChangeSupport.firePropertyChange(PropertyChangeSupport.java:333)
2025-10-14 15:19:00,942 [ERROR] LogOutputStream:74 - [STDERR_REDIRECT] 	at com.st.microxplorer.mxsystem.MxSystem.propertyChange(MxSystem.java:446)
2025-10-14 15:19:00,942 [ERROR] LogOutputStream:74 - [STDERR_REDIRECT] 	at java.desktop/java.beans.PropertyChangeSupport.fire(PropertyChangeSupport.java:341)
2025-10-14 15:19:00,942 [ERROR] LogOutputStream:74 - [STDERR_REDIRECT] 	at java.desktop/java.beans.PropertyChangeSupport.firePropertyChange(PropertyChangeSupport.java:333)
2025-10-14 15:19:00,942 [ERROR] LogOutputStream:74 - [STDERR_REDIRECT] 	at java.desktop/java.beans.PropertyChangeSupport.firePropertyChange(PropertyChangeSupport.java:266)
2025-10-14 15:19:00,943 [ERROR] LogOutputStream:74 - [STDERR_REDIRECT] 	at com.st.microxplorer.util.MXPropertyChangeSupport.firePropertyChange(MXPropertyChangeSupport.java:50)
2025-10-14 15:19:00,943 [ERROR] LogOutputStream:74 - [STDERR_REDIRECT] 	at com.st.microxplorer.mcu.Mcu.propertyChange(Mcu.java:1660)
2025-10-14 15:19:00,943 [ERROR] LogOutputStream:74 - [STDERR_REDIRECT] 	at java.desktop/java.beans.PropertyChangeSupport.fire(PropertyChangeSupport.java:341)
2025-10-14 15:19:00,943 [ERROR] LogOutputStream:74 - [STDERR_REDIRECT] 	at java.desktop/java.beans.PropertyChangeSupport.firePropertyChange(PropertyChangeSupport.java:333)
2025-10-14 15:19:00,943 [ERROR] LogOutputStream:74 - [STDERR_REDIRECT] 	at java.desktop/java.beans.PropertyChangeSupport.firePropertyChange(PropertyChangeSupport.java:266)
2025-10-14 15:19:00,944 [ERROR] LogOutputStream:74 - [STDERR_REDIRECT] 	at com.st.microxplorer.util.MXPropertyChangeSupport.firePropertyChange(MXPropertyChangeSupport.java:50)
2025-10-14 15:19:00,944 [ERROR] LogOutputStream:74 - [STDERR_REDIRECT] 	at com.st.microxplorer.mcu.Pin.setPinLabel(Pin.java:2078)
2025-10-14 15:19:00,944 [ERROR] LogOutputStream:74 - [STDERR_REDIRECT] 	at com.st.microxplorer.plugins.pinoutconfig.gui.PinOutPanel$InputLabel$2.focusLost(PinOutPanel.java:2151)
2025-10-14 15:19:00,944 [ERROR] LogOutputStream:74 - [STDERR_REDIRECT] 	at java.desktop/java.awt.AWTEventMulticaster.focusLost(AWTEventMulticaster.java:238)
2025-10-14 15:19:00,944 [ERROR] LogOutputStream:74 - [STDERR_REDIRECT] 	at java.desktop/java.awt.AWTEventMulticaster.focusLost(AWTEventMulticaster.java:237)
2025-10-14 15:19:00,944 [ERROR] LogOutputStream:74 - [STDERR_REDIRECT] 	at java.desktop/java.awt.AWTEventMulticaster.focusLost(AWTEventMulticaster.java:237)
2025-10-14 15:19:00,945 [ERROR] LogOutputStream:74 - [STDERR_REDIRECT] 	at java.desktop/java.awt.Component.processFocusEvent(Component.java:6527)
2025-10-14 15:19:00,945 [ERROR] LogOutputStream:74 - [STDERR_REDIRECT] 	at java.desktop/java.awt.Component.processEvent(Component.java:6391)
2025-10-14 15:19:00,945 [ERROR] LogOutputStream:74 - [STDERR_REDIRECT] 	at java.desktop/java.awt.Container.processEvent(Container.java:2263)
2025-10-14 15:19:00,945 [ERROR] LogOutputStream:74 - [STDERR_REDIRECT] 	at java.desktop/java.awt.Component.dispatchEventImpl(Component.java:5011)
2025-10-14 15:19:00,945 [ERROR] LogOutputStream:74 - [STDERR_REDIRECT] 	at java.desktop/java.awt.Container.dispatchEventImpl(Container.java:2321)
2025-10-14 15:19:00,945 [ERROR] LogOutputStream:74 - [STDERR_REDIRECT] 	at java.desktop/java.awt.Component.dispatchEvent(Component.java:4843)
2025-10-14 15:19:00,946 [ERROR] LogOutputStream:74 - [STDERR_REDIRECT] 	at java.desktop/java.awt.KeyboardFocusManager.redispatchEvent(KeyboardFocusManager.java:1950)
2025-10-14 15:19:00,946 [ERROR] LogOutputStream:74 - [STDERR_REDIRECT] 	at java.desktop/java.awt.DefaultKeyboardFocusManager.typeAheadAssertions(DefaultKeyboardFocusManager.java:1059)
2025-10-14 15:19:00,946 [ERROR] LogOutputStream:74 - [STDERR_REDIRECT] 	at java.desktop/java.awt.DefaultKeyboardFocusManager.dispatchEvent(DefaultKeyboardFocusManager.java:725)
2025-10-14 15:19:00,946 [ERROR] LogOutputStream:74 - [STDERR_REDIRECT] 	at java.desktop/java.awt.Component.dispatchEventImpl(Component.java:4892)
2025-10-14 15:19:00,946 [ERROR] LogOutputStream:74 - [STDERR_REDIRECT] 	at java.desktop/java.awt.Container.dispatchEventImpl(Container.java:2321)
2025-10-14 15:19:00,947 [ERROR] LogOutputStream:74 - [STDERR_REDIRECT] 	at java.desktop/java.awt.Component.dispatchEvent(Component.java:4843)
2025-10-14 15:19:00,947 [ERROR] LogOutputStream:74 - [STDERR_REDIRECT] 	at java.desktop/java.awt.EventQueue.dispatchEventImpl(EventQueue.java:772)
2025-10-14 15:19:00,947 [ERROR] LogOutputStream:74 - [STDERR_REDIRECT] 	at java.desktop/java.awt.EventQueue$4.run(EventQueue.java:721)
2025-10-14 15:19:00,947 [ERROR] LogOutputStream:74 - [STDERR_REDIRECT] 	at java.desktop/java.awt.EventQueue$4.run(EventQueue.java:715)
2025-10-14 15:19:00,947 [ERROR] LogOutputStream:74 - [STDERR_REDIRECT] 	at java.base/java.security.AccessController.doPrivileged(Native Method)
2025-10-14 15:19:00,947 [ERROR] LogOutputStream:74 - [STDERR_REDIRECT] 	at java.base/java.security.ProtectionDomain$JavaSecurityAccessImpl.doIntersectionPrivilege(ProtectionDomain.java:85)
2025-10-14 15:19:00,948 [ERROR] LogOutputStream:74 - [STDERR_REDIRECT] 	at java.base/java.security.ProtectionDomain$JavaSecurityAccessImpl.doIntersectionPrivilege(ProtectionDomain.java:95)
2025-10-14 15:19:00,948 [ERROR] LogOutputStream:74 - [STDERR_REDIRECT] 	at java.desktop/java.awt.EventQueue$5.run(EventQueue.java:745)
2025-10-14 15:19:00,948 [ERROR] LogOutputStream:74 - [STDERR_REDIRECT] 	at java.desktop/java.awt.EventQueue$5.run(EventQueue.java:743)
2025-10-14 15:19:00,948 [ERROR] LogOutputStream:74 - [STDERR_REDIRECT] 	at java.base/java.security.AccessController.doPrivileged(Native Method)
2025-10-14 15:19:00,948 [ERROR] LogOutputStream:74 - [STDERR_REDIRECT] 	at java.base/java.security.ProtectionDomain$JavaSecurityAccessImpl.doIntersectionPrivilege(ProtectionDomain.java:85)
2025-10-14 15:19:00,949 [ERROR] LogOutputStream:74 - [STDERR_REDIRECT] 	at java.desktop/java.awt.EventQueue.dispatchEvent(EventQueue.java:742)
2025-10-14 15:19:00,949 [ERROR] LogOutputStream:74 - [STDERR_REDIRECT] 	at java.desktop/java.awt.EventDispatchThread.pumpOneEventForFilters(EventDispatchThread.java:203)
2025-10-14 15:19:00,949 [ERROR] LogOutputStream:74 - [STDERR_REDIRECT] 	at java.desktop/java.awt.EventDispatchThread.pumpEventsForFilter(EventDispatchThread.java:124)
2025-10-14 15:19:00,949 [ERROR] LogOutputStream:74 - [STDERR_REDIRECT] 	at java.desktop/java.awt.EventDispatchThread.pumpEventsForHierarchy(EventDispatchThread.java:113)
2025-10-14 15:19:00,949 [ERROR] LogOutputStream:74 - [STDERR_REDIRECT] 	at java.desktop/java.awt.EventDispatchThread.pumpEvents(EventDispatchThread.java:109)
2025-10-14 15:19:00,949 [ERROR] LogOutputStream:74 - [STDERR_REDIRECT] 	at java.desktop/java.awt.EventDispatchThread.pumpEvents(EventDispatchThread.java:101)
2025-10-14 15:19:00,950 [ERROR] LogOutputStream:74 - [STDERR_REDIRECT] 	at java.desktop/java.awt.EventDispatchThread.run(EventDispatchThread.java:90)
2025-10-14 15:19:06,818 [ERROR] LogOutputStream:74 - [STDERR_REDIRECT] Exception in thread "AWT-EventQueue-0" java.lang.NullPointerException
2025-10-14 15:19:06,818 [ERROR] LogOutputStream:74 - [STDERR_REDIRECT] 	at com.st.microxplorer.plugins.ip.gpio.model.IPTab.checkGPIOMode(IPTab.java:270)
2025-10-14 15:19:06,818 [ERROR] LogOutputStream:74 - [STDERR_REDIRECT] 	at com.st.microxplorer.plugins.ip.gpio.model.IPTab.checkCommonPossibleValues(IPTab.java:252)
2025-10-14 15:19:06,818 [ERROR] LogOutputStream:74 - [STDERR_REDIRECT] 	at com.st.microxplorer.plugins.ip.gpio.gui.GpioTablePanel.propertyChange(GpioTablePanel.java:484)
2025-10-14 15:19:06,819 [ERROR] LogOutputStream:74 - [STDERR_REDIRECT] 	at java.desktop/java.beans.PropertyChangeSupport.fire(PropertyChangeSupport.java:341)
2025-10-14 15:19:06,819 [ERROR] LogOutputStream:74 - [STDERR_REDIRECT] 	at java.desktop/java.beans.PropertyChangeSupport.firePropertyChange(PropertyChangeSupport.java:333)
2025-10-14 15:19:06,819 [ERROR] LogOutputStream:74 - [STDERR_REDIRECT] 	at com.st.microxplorer.mxsystem.MxSystem.propertyChange(MxSystem.java:446)
2025-10-14 15:19:06,819 [ERROR] LogOutputStream:74 - [STDERR_REDIRECT] 	at java.desktop/java.beans.PropertyChangeSupport.fire(PropertyChangeSupport.java:341)
2025-10-14 15:19:06,819 [ERROR] LogOutputStream:74 - [STDERR_REDIRECT] 	at java.desktop/java.beans.PropertyChangeSupport.firePropertyChange(PropertyChangeSupport.java:333)
2025-10-14 15:19:06,819 [ERROR] LogOutputStream:74 - [STDERR_REDIRECT] 	at java.desktop/java.beans.PropertyChangeSupport.firePropertyChange(PropertyChangeSupport.java:266)
2025-10-14 15:19:06,820 [ERROR] LogOutputStream:74 - [STDERR_REDIRECT] 	at com.st.microxplorer.util.MXPropertyChangeSupport.firePropertyChange(MXPropertyChangeSupport.java:50)
2025-10-14 15:19:06,820 [ERROR] LogOutputStream:74 - [STDERR_REDIRECT] 	at com.st.microxplorer.mcu.Mcu.propertyChange(Mcu.java:1660)
2025-10-14 15:19:06,820 [ERROR] LogOutputStream:74 - [STDERR_REDIRECT] 	at java.desktop/java.beans.PropertyChangeSupport.fire(PropertyChangeSupport.java:341)
2025-10-14 15:19:06,820 [ERROR] LogOutputStream:74 - [STDERR_REDIRECT] 	at java.desktop/java.beans.PropertyChangeSupport.firePropertyChange(PropertyChangeSupport.java:333)
2025-10-14 15:19:06,820 [ERROR] LogOutputStream:74 - [STDERR_REDIRECT] 	at java.desktop/java.beans.PropertyChangeSupport.firePropertyChange(PropertyChangeSupport.java:266)
2025-10-14 15:19:06,820 [ERROR] LogOutputStream:74 - [STDERR_REDIRECT] 	at com.st.microxplorer.util.MXPropertyChangeSupport.firePropertyChange(MXPropertyChangeSupport.java:50)
2025-10-14 15:19:06,820 [ERROR] LogOutputStream:74 - [STDERR_REDIRECT] 	at com.st.microxplorer.mcu.Pin.setPinLabel(Pin.java:2078)
2025-10-14 15:19:06,821 [ERROR] LogOutputStream:74 - [STDERR_REDIRECT] 	at com.st.microxplorer.plugins.pinoutconfig.gui.PinOutPanel$InputLabel$2.focusLost(PinOutPanel.java:2151)
2025-10-14 15:19:06,821 [ERROR] LogOutputStream:74 - [STDERR_REDIRECT] 	at java.desktop/java.awt.AWTEventMulticaster.focusLost(AWTEventMulticaster.java:238)
2025-10-14 15:19:06,821 [ERROR] LogOutputStream:74 - [STDERR_REDIRECT] 	at java.desktop/java.awt.AWTEventMulticaster.focusLost(AWTEventMulticaster.java:237)
2025-10-14 15:19:06,821 [ERROR] LogOutputStream:74 - [STDERR_REDIRECT] 	at java.desktop/java.awt.AWTEventMulticaster.focusLost(AWTEventMulticaster.java:237)
2025-10-14 15:19:06,821 [ERROR] LogOutputStream:74 - [STDERR_REDIRECT] 	at java.desktop/java.awt.Component.processFocusEvent(Component.java:6527)
2025-10-14 15:19:06,821 [ERROR] LogOutputStream:74 - [STDERR_REDIRECT] 	at java.desktop/java.awt.Component.processEvent(Component.java:6391)
2025-10-14 15:19:06,822 [ERROR] LogOutputStream:74 - [STDERR_REDIRECT] 	at java.desktop/java.awt.Container.processEvent(Container.java:2263)
2025-10-14 15:19:06,822 [ERROR] LogOutputStream:74 - [STDERR_REDIRECT] 	at java.desktop/java.awt.Component.dispatchEventImpl(Component.java:5011)
2025-10-14 15:19:06,822 [ERROR] LogOutputStream:74 - [STDERR_REDIRECT] 	at java.desktop/java.awt.Container.dispatchEventImpl(Container.java:2321)
2025-10-14 15:19:06,822 [ERROR] LogOutputStream:74 - [STDERR_REDIRECT] 	at java.desktop/java.awt.Component.dispatchEvent(Component.java:4843)
2025-10-14 15:19:06,822 [ERROR] LogOutputStream:74 - [STDERR_REDIRECT] 	at java.desktop/java.awt.KeyboardFocusManager.redispatchEvent(KeyboardFocusManager.java:1950)
2025-10-14 15:19:06,822 [ERROR] LogOutputStream:74 - [STDERR_REDIRECT] 	at java.desktop/java.awt.DefaultKeyboardFocusManager.typeAheadAssertions(DefaultKeyboardFocusManager.java:1059)
2025-10-14 15:19:06,823 [ERROR] LogOutputStream:74 - [STDERR_REDIRECT] 	at java.desktop/java.awt.DefaultKeyboardFocusManager.dispatchEvent(DefaultKeyboardFocusManager.java:725)
2025-10-14 15:19:06,823 [ERROR] LogOutputStream:74 - [STDERR_REDIRECT] 	at java.desktop/java.awt.Component.dispatchEventImpl(Component.java:4892)
2025-10-14 15:19:06,823 [ERROR] LogOutputStream:74 - [STDERR_REDIRECT] 	at java.desktop/java.awt.Container.dispatchEventImpl(Container.java:2321)
2025-10-14 15:19:06,823 [ERROR] LogOutputStream:74 - [STDERR_REDIRECT] 	at java.desktop/java.awt.Component.dispatchEvent(Component.java:4843)
2025-10-14 15:19:06,823 [ERROR] LogOutputStream:74 - [STDERR_REDIRECT] 	at java.desktop/java.awt.EventQueue.dispatchEventImpl(EventQueue.java:772)
2025-10-14 15:19:06,823 [ERROR] LogOutputStream:74 - [STDERR_REDIRECT] 	at java.desktop/java.awt.EventQueue$4.run(EventQueue.java:721)
2025-10-14 15:19:06,823 [ERROR] LogOutputStream:74 - [STDERR_REDIRECT] 	at java.desktop/java.awt.EventQueue$4.run(EventQueue.java:715)
2025-10-14 15:19:06,824 [ERROR] LogOutputStream:74 - [STDERR_REDIRECT] 	at java.base/java.security.AccessController.doPrivileged(Native Method)
2025-10-14 15:19:06,824 [ERROR] LogOutputStream:74 - [STDERR_REDIRECT] 	at java.base/java.security.ProtectionDomain$JavaSecurityAccessImpl.doIntersectionPrivilege(ProtectionDomain.java:85)
2025-10-14 15:19:06,824 [ERROR] LogOutputStream:74 - [STDERR_REDIRECT] 	at java.base/java.security.ProtectionDomain$JavaSecurityAccessImpl.doIntersectionPrivilege(ProtectionDomain.java:95)
2025-10-14 15:19:06,824 [ERROR] LogOutputStream:74 - [STDERR_REDIRECT] 	at java.desktop/java.awt.EventQueue$5.run(EventQueue.java:745)
2025-10-14 15:19:06,824 [ERROR] LogOutputStream:74 - [STDERR_REDIRECT] 	at java.desktop/java.awt.EventQueue$5.run(EventQueue.java:743)
2025-10-14 15:19:06,824 [ERROR] LogOutputStream:74 - [STDERR_REDIRECT] 	at java.base/java.security.AccessController.doPrivileged(Native Method)
2025-10-14 15:19:06,824 [ERROR] LogOutputStream:74 - [STDERR_REDIRECT] 	at java.base/java.security.ProtectionDomain$JavaSecurityAccessImpl.doIntersectionPrivilege(ProtectionDomain.java:85)
2025-10-14 15:19:06,825 [ERROR] LogOutputStream:74 - [STDERR_REDIRECT] 	at java.desktop/java.awt.EventQueue.dispatchEvent(EventQueue.java:742)
2025-10-14 15:19:06,825 [ERROR] LogOutputStream:74 - [STDERR_REDIRECT] 	at java.desktop/java.awt.EventDispatchThread.pumpOneEventForFilters(EventDispatchThread.java:203)
2025-10-14 15:19:06,825 [ERROR] LogOutputStream:74 - [STDERR_REDIRECT] 	at java.desktop/java.awt.EventDispatchThread.pumpEventsForFilter(EventDispatchThread.java:124)
2025-10-14 15:19:06,825 [ERROR] LogOutputStream:74 - [STDERR_REDIRECT] 	at java.desktop/java.awt.EventDispatchThread.pumpEventsForHierarchy(EventDispatchThread.java:113)
2025-10-14 15:19:06,825 [ERROR] LogOutputStream:74 - [STDERR_REDIRECT] 	at java.desktop/java.awt.EventDispatchThread.pumpEvents(EventDispatchThread.java:109)
2025-10-14 15:19:06,825 [ERROR] LogOutputStream:74 - [STDERR_REDIRECT] 	at java.desktop/java.awt.EventDispatchThread.pumpEvents(EventDispatchThread.java:101)
2025-10-14 15:19:06,826 [ERROR] LogOutputStream:74 - [STDERR_REDIRECT] 	at java.desktop/java.awt.EventDispatchThread.run(EventDispatchThread.java:90)
2025-10-14 15:19:10,444 [ERROR] LogOutputStream:74 - [STDERR_REDIRECT] Exception in thread "AWT-EventQueue-0" java.lang.NullPointerException
2025-10-14 15:19:10,445 [ERROR] LogOutputStream:74 - [STDERR_REDIRECT] 	at com.st.microxplorer.plugins.ip.gpio.model.IPTab.checkGPIOMode(IPTab.java:270)
2025-10-14 15:19:10,445 [ERROR] LogOutputStream:74 - [STDERR_REDIRECT] 	at com.st.microxplorer.plugins.ip.gpio.model.IPTab.checkCommonPossibleValues(IPTab.java:252)
2025-10-14 15:19:10,445 [ERROR] LogOutputStream:74 - [STDERR_REDIRECT] 	at com.st.microxplorer.plugins.ip.gpio.gui.GpioTablePanel.propertyChange(GpioTablePanel.java:484)
2025-10-14 15:19:10,445 [ERROR] LogOutputStream:74 - [STDERR_REDIRECT] 	at java.desktop/java.beans.PropertyChangeSupport.fire(PropertyChangeSupport.java:341)
2025-10-14 15:19:10,445 [ERROR] LogOutputStream:74 - [STDERR_REDIRECT] 	at java.desktop/java.beans.PropertyChangeSupport.firePropertyChange(PropertyChangeSupport.java:333)
2025-10-14 15:19:10,445 [ERROR] LogOutputStream:74 - [STDERR_REDIRECT] 	at com.st.microxplorer.mxsystem.MxSystem.propertyChange(MxSystem.java:446)
2025-10-14 15:19:10,446 [ERROR] LogOutputStream:74 - [STDERR_REDIRECT] 	at java.desktop/java.beans.PropertyChangeSupport.fire(PropertyChangeSupport.java:341)
2025-10-14 15:19:10,446 [ERROR] LogOutputStream:74 - [STDERR_REDIRECT] 	at java.desktop/java.beans.PropertyChangeSupport.firePropertyChange(PropertyChangeSupport.java:333)
2025-10-14 15:19:10,446 [ERROR] LogOutputStream:74 - [STDERR_REDIRECT] 	at java.desktop/java.beans.PropertyChangeSupport.firePropertyChange(PropertyChangeSupport.java:266)
2025-10-14 15:19:10,446 [ERROR] LogOutputStream:74 - [STDERR_REDIRECT] 	at com.st.microxplorer.util.MXPropertyChangeSupport.firePropertyChange(MXPropertyChangeSupport.java:50)
2025-10-14 15:19:10,446 [ERROR] LogOutputStream:74 - [STDERR_REDIRECT] 	at com.st.microxplorer.mcu.Mcu.propertyChange(Mcu.java:1660)
2025-10-14 15:19:10,446 [ERROR] LogOutputStream:74 - [STDERR_REDIRECT] 	at java.desktop/java.beans.PropertyChangeSupport.fire(PropertyChangeSupport.java:341)
2025-10-14 15:19:10,446 [ERROR] LogOutputStream:74 - [STDERR_REDIRECT] 	at java.desktop/java.beans.PropertyChangeSupport.firePropertyChange(PropertyChangeSupport.java:333)
2025-10-14 15:19:10,447 [ERROR] LogOutputStream:74 - [STDERR_REDIRECT] 	at java.desktop/java.beans.PropertyChangeSupport.firePropertyChange(PropertyChangeSupport.java:266)
2025-10-14 15:19:10,447 [ERROR] LogOutputStream:74 - [STDERR_REDIRECT] 	at com.st.microxplorer.util.MXPropertyChangeSupport.firePropertyChange(MXPropertyChangeSupport.java:50)
2025-10-14 15:19:10,447 [ERROR] LogOutputStream:74 - [STDERR_REDIRECT] 	at com.st.microxplorer.mcu.Pin.setPinLabel(Pin.java:2078)
2025-10-14 15:19:10,447 [ERROR] LogOutputStream:74 - [STDERR_REDIRECT] 	at com.st.microxplorer.plugins.pinoutconfig.gui.PinOutPanel$InputLabel$2.focusLost(PinOutPanel.java:2151)
2025-10-14 15:19:10,447 [ERROR] LogOutputStream:74 - [STDERR_REDIRECT] 	at java.desktop/java.awt.AWTEventMulticaster.focusLost(AWTEventMulticaster.java:238)
2025-10-14 15:19:10,447 [ERROR] LogOutputStream:74 - [STDERR_REDIRECT] 	at java.desktop/java.awt.AWTEventMulticaster.focusLost(AWTEventMulticaster.java:237)
2025-10-14 15:19:10,447 [ERROR] LogOutputStream:74 - [STDERR_REDIRECT] 	at java.desktop/java.awt.AWTEventMulticaster.focusLost(AWTEventMulticaster.java:237)
2025-10-14 15:19:10,447 [ERROR] LogOutputStream:74 - [STDERR_REDIRECT] 	at java.desktop/java.awt.Component.processFocusEvent(Component.java:6527)
2025-10-14 15:19:10,448 [ERROR] LogOutputStream:74 - [STDERR_REDIRECT] 	at java.desktop/java.awt.Component.processEvent(Component.java:6391)
2025-10-14 15:19:10,448 [ERROR] LogOutputStream:74 - [STDERR_REDIRECT] 	at java.desktop/java.awt.Container.processEvent(Container.java:2263)
2025-10-14 15:19:10,448 [ERROR] LogOutputStream:74 - [STDERR_REDIRECT] 	at java.desktop/java.awt.Component.dispatchEventImpl(Component.java:5011)
2025-10-14 15:19:10,448 [ERROR] LogOutputStream:74 - [STDERR_REDIRECT] 	at java.desktop/java.awt.Container.dispatchEventImpl(Container.java:2321)
2025-10-14 15:19:10,448 [ERROR] LogOutputStream:74 - [STDERR_REDIRECT] 	at java.desktop/java.awt.Component.dispatchEvent(Component.java:4843)
2025-10-14 15:19:10,449 [ERROR] LogOutputStream:74 - [STDERR_REDIRECT] 	at java.desktop/java.awt.KeyboardFocusManager.redispatchEvent(KeyboardFocusManager.java:1950)
2025-10-14 15:19:10,449 [ERROR] LogOutputStream:74 - [STDERR_REDIRECT] 	at java.desktop/java.awt.DefaultKeyboardFocusManager.typeAheadAssertions(DefaultKeyboardFocusManager.java:1059)
2025-10-14 15:19:10,449 [ERROR] LogOutputStream:74 - [STDERR_REDIRECT] 	at java.desktop/java.awt.DefaultKeyboardFocusManager.dispatchEvent(DefaultKeyboardFocusManager.java:725)
2025-10-14 15:19:10,449 [ERROR] LogOutputStream:74 - [STDERR_REDIRECT] 	at java.desktop/java.awt.Component.dispatchEventImpl(Component.java:4892)
2025-10-14 15:19:10,449 [ERROR] LogOutputStream:74 - [STDERR_REDIRECT] 	at java.desktop/java.awt.Container.dispatchEventImpl(Container.java:2321)
2025-10-14 15:19:10,449 [ERROR] LogOutputStream:74 - [STDERR_REDIRECT] 	at java.desktop/java.awt.Component.dispatchEvent(Component.java:4843)
2025-10-14 15:19:10,449 [ERROR] LogOutputStream:74 - [STDERR_REDIRECT] 	at java.desktop/java.awt.EventQueue.dispatchEventImpl(EventQueue.java:772)
2025-10-14 15:19:10,449 [ERROR] LogOutputStream:74 - [STDERR_REDIRECT] 	at java.desktop/java.awt.EventQueue$4.run(EventQueue.java:721)
2025-10-14 15:19:10,450 [ERROR] LogOutputStream:74 - [STDERR_REDIRECT] 	at java.desktop/java.awt.EventQueue$4.run(EventQueue.java:715)
2025-10-14 15:19:10,450 [ERROR] LogOutputStream:74 - [STDERR_REDIRECT] 	at java.base/java.security.AccessController.doPrivileged(Native Method)
2025-10-14 15:19:10,450 [ERROR] LogOutputStream:74 - [STDERR_REDIRECT] 	at java.base/java.security.ProtectionDomain$JavaSecurityAccessImpl.doIntersectionPrivilege(ProtectionDomain.java:85)
2025-10-14 15:19:10,450 [ERROR] LogOutputStream:74 - [STDERR_REDIRECT] 	at java.base/java.security.ProtectionDomain$JavaSecurityAccessImpl.doIntersectionPrivilege(ProtectionDomain.java:95)
2025-10-14 15:19:10,450 [ERROR] LogOutputStream:74 - [STDERR_REDIRECT] 	at java.desktop/java.awt.EventQueue$5.run(EventQueue.java:745)
2025-10-14 15:19:10,450 [ERROR] LogOutputStream:74 - [STDERR_REDIRECT] 	at java.desktop/java.awt.EventQueue$5.run(EventQueue.java:743)
2025-10-14 15:19:10,451 [ERROR] LogOutputStream:74 - [STDERR_REDIRECT] 	at java.base/java.security.AccessController.doPrivileged(Native Method)
2025-10-14 15:19:10,451 [ERROR] LogOutputStream:74 - [STDERR_REDIRECT] 	at java.base/java.security.ProtectionDomain$JavaSecurityAccessImpl.doIntersectionPrivilege(ProtectionDomain.java:85)
2025-10-14 15:19:10,451 [ERROR] LogOutputStream:74 - [STDERR_REDIRECT] 	at java.desktop/java.awt.EventQueue.dispatchEvent(EventQueue.java:742)
2025-10-14 15:19:10,451 [ERROR] LogOutputStream:74 - [STDERR_REDIRECT] 	at java.desktop/java.awt.EventDispatchThread.pumpOneEventForFilters(EventDispatchThread.java:203)
2025-10-14 15:19:10,451 [ERROR] LogOutputStream:74 - [STDERR_REDIRECT] 	at java.desktop/java.awt.EventDispatchThread.pumpEventsForFilter(EventDispatchThread.java:124)
2025-10-14 15:19:10,452 [ERROR] LogOutputStream:74 - [STDERR_REDIRECT] 	at java.desktop/java.awt.EventDispatchThread.pumpEventsForHierarchy(EventDispatchThread.java:113)
2025-10-14 15:19:10,452 [ERROR] LogOutputStream:74 - [STDERR_REDIRECT] 	at java.desktop/java.awt.EventDispatchThread.pumpEvents(EventDispatchThread.java:109)
2025-10-14 15:19:10,452 [ERROR] LogOutputStream:74 - [STDERR_REDIRECT] 	at java.desktop/java.awt.EventDispatchThread.pumpEvents(EventDispatchThread.java:101)
2025-10-14 15:19:10,452 [ERROR] LogOutputStream:74 - [STDERR_REDIRECT] 	at java.desktop/java.awt.EventDispatchThread.run(EventDispatchThread.java:90)
2025-10-14 15:19:17,676 [ERROR] LogOutputStream:74 - [STDERR_REDIRECT] Exception in thread "AWT-EventQueue-0" java.lang.NullPointerException
2025-10-14 15:19:17,676 [ERROR] LogOutputStream:74 - [STDERR_REDIRECT] 	at com.st.microxplorer.plugins.ip.gpio.model.IPTab.checkGPIOMode(IPTab.java:270)
2025-10-14 15:19:17,677 [ERROR] LogOutputStream:74 - [STDERR_REDIRECT] 	at com.st.microxplorer.plugins.ip.gpio.model.IPTab.checkCommonPossibleValues(IPTab.java:252)
2025-10-14 15:19:17,677 [ERROR] LogOutputStream:74 - [STDERR_REDIRECT] 	at com.st.microxplorer.plugins.ip.gpio.gui.GpioTablePanel.propertyChange(GpioTablePanel.java:484)
2025-10-14 15:19:17,677 [ERROR] LogOutputStream:74 - [STDERR_REDIRECT] 	at java.desktop/java.beans.PropertyChangeSupport.fire(PropertyChangeSupport.java:341)
2025-10-14 15:19:17,677 [ERROR] LogOutputStream:74 - [STDERR_REDIRECT] 	at java.desktop/java.beans.PropertyChangeSupport.firePropertyChange(PropertyChangeSupport.java:333)
2025-10-14 15:19:17,677 [ERROR] LogOutputStream:74 - [STDERR_REDIRECT] 	at com.st.microxplorer.mxsystem.MxSystem.propertyChange(MxSystem.java:446)
2025-10-14 15:19:17,677 [ERROR] LogOutputStream:74 - [STDERR_REDIRECT] 	at java.desktop/java.beans.PropertyChangeSupport.fire(PropertyChangeSupport.java:341)
2025-10-14 15:19:17,677 [ERROR] LogOutputStream:74 - [STDERR_REDIRECT] 	at java.desktop/java.beans.PropertyChangeSupport.firePropertyChange(PropertyChangeSupport.java:333)
2025-10-14 15:19:17,678 [ERROR] LogOutputStream:74 - [STDERR_REDIRECT] 	at java.desktop/java.beans.PropertyChangeSupport.firePropertyChange(PropertyChangeSupport.java:266)
2025-10-14 15:19:17,678 [ERROR] LogOutputStream:74 - [STDERR_REDIRECT] 	at com.st.microxplorer.util.MXPropertyChangeSupport.firePropertyChange(MXPropertyChangeSupport.java:50)
2025-10-14 15:19:17,678 [ERROR] LogOutputStream:74 - [STDERR_REDIRECT] 	at com.st.microxplorer.mcu.Mcu.propertyChange(Mcu.java:1660)
2025-10-14 15:19:17,678 [ERROR] LogOutputStream:74 - [STDERR_REDIRECT] 	at java.desktop/java.beans.PropertyChangeSupport.fire(PropertyChangeSupport.java:341)
2025-10-14 15:19:17,678 [ERROR] LogOutputStream:74 - [STDERR_REDIRECT] 	at java.desktop/java.beans.PropertyChangeSupport.firePropertyChange(PropertyChangeSupport.java:333)
2025-10-14 15:19:17,678 [ERROR] LogOutputStream:74 - [STDERR_REDIRECT] 	at java.desktop/java.beans.PropertyChangeSupport.firePropertyChange(PropertyChangeSupport.java:266)
2025-10-14 15:19:17,678 [ERROR] LogOutputStream:74 - [STDERR_REDIRECT] 	at com.st.microxplorer.util.MXPropertyChangeSupport.firePropertyChange(MXPropertyChangeSupport.java:50)
2025-10-14 15:19:17,679 [ERROR] LogOutputStream:74 - [STDERR_REDIRECT] 	at com.st.microxplorer.mcu.Pin.setPinLabel(Pin.java:2078)
2025-10-14 15:19:17,679 [ERROR] LogOutputStream:74 - [STDERR_REDIRECT] 	at com.st.microxplorer.plugins.pinoutconfig.gui.PinOutPanel$InputLabel$2.focusLost(PinOutPanel.java:2151)
2025-10-14 15:19:17,679 [ERROR] LogOutputStream:74 - [STDERR_REDIRECT] 	at java.desktop/java.awt.AWTEventMulticaster.focusLost(AWTEventMulticaster.java:238)
2025-10-14 15:19:17,679 [ERROR] LogOutputStream:74 - [STDERR_REDIRECT] 	at java.desktop/java.awt.AWTEventMulticaster.focusLost(AWTEventMulticaster.java:237)
2025-10-14 15:19:17,679 [ERROR] LogOutputStream:74 - [STDERR_REDIRECT] 	at java.desktop/java.awt.AWTEventMulticaster.focusLost(AWTEventMulticaster.java:237)
2025-10-14 15:19:17,679 [ERROR] LogOutputStream:74 - [STDERR_REDIRECT] 	at java.desktop/java.awt.Component.processFocusEvent(Component.java:6527)
2025-10-14 15:19:17,679 [ERROR] LogOutputStream:74 - [STDERR_REDIRECT] 	at java.desktop/java.awt.Component.processEvent(Component.java:6391)
2025-10-14 15:19:17,679 [ERROR] LogOutputStream:74 - [STDERR_REDIRECT] 	at java.desktop/java.awt.Container.processEvent(Container.java:2263)
2025-10-14 15:19:17,680 [ERROR] LogOutputStream:74 - [STDERR_REDIRECT] 	at java.desktop/java.awt.Component.dispatchEventImpl(Component.java:5011)
2025-10-14 15:19:17,680 [ERROR] LogOutputStream:74 - [STDERR_REDIRECT] 	at java.desktop/java.awt.Container.dispatchEventImpl(Container.java:2321)
2025-10-14 15:19:17,680 [ERROR] LogOutputStream:74 - [STDERR_REDIRECT] 	at java.desktop/java.awt.Component.dispatchEvent(Component.java:4843)
2025-10-14 15:19:17,680 [ERROR] LogOutputStream:74 - [STDERR_REDIRECT] 	at java.desktop/java.awt.KeyboardFocusManager.redispatchEvent(KeyboardFocusManager.java:1950)
2025-10-14 15:19:17,680 [ERROR] LogOutputStream:74 - [STDERR_REDIRECT] 	at java.desktop/java.awt.DefaultKeyboardFocusManager.typeAheadAssertions(DefaultKeyboardFocusManager.java:1059)
2025-10-14 15:19:17,681 [ERROR] LogOutputStream:74 - [STDERR_REDIRECT] 	at java.desktop/java.awt.DefaultKeyboardFocusManager.dispatchEvent(DefaultKeyboardFocusManager.java:725)
2025-10-14 15:19:17,681 [ERROR] LogOutputStream:74 - [STDERR_REDIRECT] 	at java.desktop/java.awt.Component.dispatchEventImpl(Component.java:4892)
2025-10-14 15:19:17,681 [ERROR] LogOutputStream:74 - [STDERR_REDIRECT] 	at java.desktop/java.awt.Container.dispatchEventImpl(Container.java:2321)
2025-10-14 15:19:17,681 [ERROR] LogOutputStream:74 - [STDERR_REDIRECT] 	at java.desktop/java.awt.Component.dispatchEvent(Component.java:4843)
2025-10-14 15:19:17,681 [ERROR] LogOutputStream:74 - [STDERR_REDIRECT] 	at java.desktop/java.awt.EventQueue.dispatchEventImpl(EventQueue.java:772)
2025-10-14 15:19:17,681 [ERROR] LogOutputStream:74 - [STDERR_REDIRECT] 	at java.desktop/java.awt.EventQueue$4.run(EventQueue.java:721)
2025-10-14 15:19:17,681 [ERROR] LogOutputStream:74 - [STDERR_REDIRECT] 	at java.desktop/java.awt.EventQueue$4.run(EventQueue.java:715)
2025-10-14 15:19:17,682 [ERROR] LogOutputStream:74 - [STDERR_REDIRECT] 	at java.base/java.security.AccessController.doPrivileged(Native Method)
2025-10-14 15:19:17,682 [ERROR] LogOutputStream:74 - [STDERR_REDIRECT] 	at java.base/java.security.ProtectionDomain$JavaSecurityAccessImpl.doIntersectionPrivilege(ProtectionDomain.java:85)
2025-10-14 15:19:17,682 [ERROR] LogOutputStream:74 - [STDERR_REDIRECT] 	at java.base/java.security.ProtectionDomain$JavaSecurityAccessImpl.doIntersectionPrivilege(ProtectionDomain.java:95)
2025-10-14 15:19:17,682 [ERROR] LogOutputStream:74 - [STDERR_REDIRECT] 	at java.desktop/java.awt.EventQueue$5.run(EventQueue.java:745)
2025-10-14 15:19:17,682 [ERROR] LogOutputStream:74 - [STDERR_REDIRECT] 	at java.desktop/java.awt.EventQueue$5.run(EventQueue.java:743)
2025-10-14 15:19:17,682 [ERROR] LogOutputStream:74 - [STDERR_REDIRECT] 	at java.base/java.security.AccessController.doPrivileged(Native Method)
2025-10-14 15:19:17,682 [ERROR] LogOutputStream:74 - [STDERR_REDIRECT] 	at java.base/java.security.ProtectionDomain$JavaSecurityAccessImpl.doIntersectionPrivilege(ProtectionDomain.java:85)
2025-10-14 15:19:17,682 [ERROR] LogOutputStream:74 - [STDERR_REDIRECT] 	at java.desktop/java.awt.EventQueue.dispatchEvent(EventQueue.java:742)
2025-10-14 15:19:17,683 [ERROR] LogOutputStream:74 - [STDERR_REDIRECT] 	at java.desktop/java.awt.EventDispatchThread.pumpOneEventForFilters(EventDispatchThread.java:203)
2025-10-14 15:19:17,683 [ERROR] LogOutputStream:74 - [STDERR_REDIRECT] 	at java.desktop/java.awt.EventDispatchThread.pumpEventsForFilter(EventDispatchThread.java:124)
2025-10-14 15:19:17,683 [ERROR] LogOutputStream:74 - [STDERR_REDIRECT] 	at java.desktop/java.awt.EventDispatchThread.pumpEventsForHierarchy(EventDispatchThread.java:113)
2025-10-14 15:19:17,683 [ERROR] LogOutputStream:74 - [STDERR_REDIRECT] 	at java.desktop/java.awt.EventDispatchThread.pumpEvents(EventDispatchThread.java:109)
2025-10-14 15:19:17,683 [ERROR] LogOutputStream:74 - [STDERR_REDIRECT] 	at java.desktop/java.awt.EventDispatchThread.pumpEvents(EventDispatchThread.java:101)
2025-10-14 15:19:17,683 [ERROR] LogOutputStream:74 - [STDERR_REDIRECT] 	at java.desktop/java.awt.EventDispatchThread.run(EventDispatchThread.java:90)
2025-10-14 15:19:22,807 [ERROR] LogOutputStream:74 - [STDERR_REDIRECT] Exception in thread "AWT-EventQueue-0" java.lang.NullPointerException
2025-10-14 15:19:22,808 [ERROR] LogOutputStream:74 - [STDERR_REDIRECT] 	at com.st.microxplorer.plugins.ip.gpio.model.IPTab.checkGPIOMode(IPTab.java:270)
2025-10-14 15:19:22,808 [ERROR] LogOutputStream:74 - [STDERR_REDIRECT] 	at com.st.microxplorer.plugins.ip.gpio.model.IPTab.checkCommonPossibleValues(IPTab.java:252)
2025-10-14 15:19:22,808 [ERROR] LogOutputStream:74 - [STDERR_REDIRECT] 	at com.st.microxplorer.plugins.ip.gpio.gui.GpioTablePanel.propertyChange(GpioTablePanel.java:484)
2025-10-14 15:19:22,808 [ERROR] LogOutputStream:74 - [STDERR_REDIRECT] 	at java.desktop/java.beans.PropertyChangeSupport.fire(PropertyChangeSupport.java:341)
2025-10-14 15:19:22,809 [ERROR] LogOutputStream:74 - [STDERR_REDIRECT] 	at java.desktop/java.beans.PropertyChangeSupport.firePropertyChange(PropertyChangeSupport.java:333)
2025-10-14 15:19:22,809 [ERROR] LogOutputStream:74 - [STDERR_REDIRECT] 	at com.st.microxplorer.mxsystem.MxSystem.propertyChange(MxSystem.java:446)
2025-10-14 15:19:22,809 [ERROR] LogOutputStream:74 - [STDERR_REDIRECT] 	at java.desktop/java.beans.PropertyChangeSupport.fire(PropertyChangeSupport.java:341)
2025-10-14 15:19:22,809 [ERROR] LogOutputStream:74 - [STDERR_REDIRECT] 	at java.desktop/java.beans.PropertyChangeSupport.firePropertyChange(PropertyChangeSupport.java:333)
2025-10-14 15:19:22,809 [ERROR] LogOutputStream:74 - [STDERR_REDIRECT] 	at java.desktop/java.beans.PropertyChangeSupport.firePropertyChange(PropertyChangeSupport.java:266)
2025-10-14 15:19:22,809 [ERROR] LogOutputStream:74 - [STDERR_REDIRECT] 	at com.st.microxplorer.util.MXPropertyChangeSupport.firePropertyChange(MXPropertyChangeSupport.java:50)
2025-10-14 15:19:22,809 [ERROR] LogOutputStream:74 - [STDERR_REDIRECT] 	at com.st.microxplorer.mcu.Mcu.propertyChange(Mcu.java:1660)
2025-10-14 15:19:22,809 [ERROR] LogOutputStream:74 - [STDERR_REDIRECT] 	at java.desktop/java.beans.PropertyChangeSupport.fire(PropertyChangeSupport.java:341)
2025-10-14 15:19:22,810 [ERROR] LogOutputStream:74 - [STDERR_REDIRECT] 	at java.desktop/java.beans.PropertyChangeSupport.firePropertyChange(PropertyChangeSupport.java:333)
2025-10-14 15:19:22,810 [ERROR] LogOutputStream:74 - [STDERR_REDIRECT] 	at java.desktop/java.beans.PropertyChangeSupport.firePropertyChange(PropertyChangeSupport.java:266)
2025-10-14 15:19:22,810 [ERROR] LogOutputStream:74 - [STDERR_REDIRECT] 	at com.st.microxplorer.util.MXPropertyChangeSupport.firePropertyChange(MXPropertyChangeSupport.java:50)
2025-10-14 15:19:22,810 [ERROR] LogOutputStream:74 - [STDERR_REDIRECT] 	at com.st.microxplorer.mcu.Pin.setPinLabel(Pin.java:2078)
2025-10-14 15:19:22,810 [ERROR] LogOutputStream:74 - [STDERR_REDIRECT] 	at com.st.microxplorer.plugins.pinoutconfig.gui.PinOutPanel$InputLabel$2.focusLost(PinOutPanel.java:2151)
2025-10-14 15:19:22,810 [ERROR] LogOutputStream:74 - [STDERR_REDIRECT] 	at java.desktop/java.awt.AWTEventMulticaster.focusLost(AWTEventMulticaster.java:238)
2025-10-14 15:19:22,810 [ERROR] LogOutputStream:74 - [STDERR_REDIRECT] 	at java.desktop/java.awt.AWTEventMulticaster.focusLost(AWTEventMulticaster.java:237)
2025-10-14 15:19:22,810 [ERROR] LogOutputStream:74 - [STDERR_REDIRECT] 	at java.desktop/java.awt.AWTEventMulticaster.focusLost(AWTEventMulticaster.java:237)
2025-10-14 15:19:22,810 [ERROR] LogOutputStream:74 - [STDERR_REDIRECT] 	at java.desktop/java.awt.Component.processFocusEvent(Component.java:6527)
2025-10-14 15:19:22,811 [ERROR] LogOutputStream:74 - [STDERR_REDIRECT] 	at java.desktop/java.awt.Component.processEvent(Component.java:6391)
2025-10-14 15:19:22,811 [ERROR] LogOutputStream:74 - [STDERR_REDIRECT] 	at java.desktop/java.awt.Container.processEvent(Container.java:2263)
2025-10-14 15:19:22,811 [ERROR] LogOutputStream:74 - [STDERR_REDIRECT] 	at java.desktop/java.awt.Component.dispatchEventImpl(Component.java:5011)
2025-10-14 15:19:22,811 [ERROR] LogOutputStream:74 - [STDERR_REDIRECT] 	at java.desktop/java.awt.Container.dispatchEventImpl(Container.java:2321)
2025-10-14 15:19:22,811 [ERROR] LogOutputStream:74 - [STDERR_REDIRECT] 	at java.desktop/java.awt.Component.dispatchEvent(Component.java:4843)
2025-10-14 15:19:22,811 [ERROR] LogOutputStream:74 - [STDERR_REDIRECT] 	at java.desktop/java.awt.KeyboardFocusManager.redispatchEvent(KeyboardFocusManager.java:1950)
2025-10-14 15:19:22,811 [ERROR] LogOutputStream:74 - [STDERR_REDIRECT] 	at java.desktop/java.awt.DefaultKeyboardFocusManager.typeAheadAssertions(DefaultKeyboardFocusManager.java:1059)
2025-10-14 15:19:22,811 [ERROR] LogOutputStream:74 - [STDERR_REDIRECT] 	at java.desktop/java.awt.DefaultKeyboardFocusManager.dispatchEvent(DefaultKeyboardFocusManager.java:725)
2025-10-14 15:19:22,811 [ERROR] LogOutputStream:74 - [STDERR_REDIRECT] 	at java.desktop/java.awt.Component.dispatchEventImpl(Component.java:4892)
2025-10-14 15:19:22,812 [ERROR] LogOutputStream:74 - [STDERR_REDIRECT] 	at java.desktop/java.awt.Container.dispatchEventImpl(Container.java:2321)
2025-10-14 15:19:22,812 [ERROR] LogOutputStream:74 - [STDERR_REDIRECT] 	at java.desktop/java.awt.Component.dispatchEvent(Component.java:4843)
2025-10-14 15:19:22,812 [ERROR] LogOutputStream:74 - [STDERR_REDIRECT] 	at java.desktop/java.awt.EventQueue.dispatchEventImpl(EventQueue.java:772)
2025-10-14 15:19:22,812 [ERROR] LogOutputStream:74 - [STDERR_REDIRECT] 	at java.desktop/java.awt.EventQueue$4.run(EventQueue.java:721)
2025-10-14 15:19:22,812 [ERROR] LogOutputStream:74 - [STDERR_REDIRECT] 	at java.desktop/java.awt.EventQueue$4.run(EventQueue.java:715)
2025-10-14 15:19:22,812 [ERROR] LogOutputStream:74 - [STDERR_REDIRECT] 	at java.base/java.security.AccessController.doPrivileged(Native Method)
2025-10-14 15:19:22,812 [ERROR] LogOutputStream:74 - [STDERR_REDIRECT] 	at java.base/java.security.ProtectionDomain$JavaSecurityAccessImpl.doIntersectionPrivilege(ProtectionDomain.java:85)
2025-10-14 15:19:22,813 [ERROR] LogOutputStream:74 - [STDERR_REDIRECT] 	at java.base/java.security.ProtectionDomain$JavaSecurityAccessImpl.doIntersectionPrivilege(ProtectionDomain.java:95)
2025-10-14 15:19:22,813 [ERROR] LogOutputStream:74 - [STDERR_REDIRECT] 	at java.desktop/java.awt.EventQueue$5.run(EventQueue.java:745)
2025-10-14 15:19:22,813 [ERROR] LogOutputStream:74 - [STDERR_REDIRECT] 	at java.desktop/java.awt.EventQueue$5.run(EventQueue.java:743)
2025-10-14 15:19:22,813 [ERROR] LogOutputStream:74 - [STDERR_REDIRECT] 	at java.base/java.security.AccessController.doPrivileged(Native Method)
2025-10-14 15:19:22,813 [ERROR] LogOutputStream:74 - [STDERR_REDIRECT] 	at java.base/java.security.ProtectionDomain$JavaSecurityAccessImpl.doIntersectionPrivilege(ProtectionDomain.java:85)
2025-10-14 15:19:22,813 [ERROR] LogOutputStream:74 - [STDERR_REDIRECT] 	at java.desktop/java.awt.EventQueue.dispatchEvent(EventQueue.java:742)
2025-10-14 15:19:22,813 [ERROR] LogOutputStream:74 - [STDERR_REDIRECT] 	at java.desktop/java.awt.EventDispatchThread.pumpOneEventForFilters(EventDispatchThread.java:203)
2025-10-14 15:19:22,813 [ERROR] LogOutputStream:74 - [STDERR_REDIRECT] 	at java.desktop/java.awt.EventDispatchThread.pumpEventsForFilter(EventDispatchThread.java:124)
2025-10-14 15:19:22,813 [ERROR] LogOutputStream:74 - [STDERR_REDIRECT] 	at java.desktop/java.awt.EventDispatchThread.pumpEventsForHierarchy(EventDispatchThread.java:113)
2025-10-14 15:19:22,814 [ERROR] LogOutputStream:74 - [STDERR_REDIRECT] 	at java.desktop/java.awt.EventDispatchThread.pumpEvents(EventDispatchThread.java:109)
2025-10-14 15:19:22,814 [ERROR] LogOutputStream:74 - [STDERR_REDIRECT] 	at java.desktop/java.awt.EventDispatchThread.pumpEvents(EventDispatchThread.java:101)
2025-10-14 15:19:22,814 [ERROR] LogOutputStream:74 - [STDERR_REDIRECT] 	at java.desktop/java.awt.EventDispatchThread.run(EventDispatchThread.java:90)
2025-10-14 15:19:45,430 [INFO] Gpio:254 - dependency for GPIO []
2025-10-14 15:19:48,013 [INFO] Gpio:254 - dependency for GPIO []
2025-10-14 15:19:49,576 [INFO] Gpio:254 - dependency for GPIO []
2025-10-14 15:19:51,188 [INFO] Gpio:254 - dependency for GPIO []
2025-10-14 15:19:57,478 [INFO] Gpio:254 - dependency for GPIO []
2025-10-14 15:19:59,336 [INFO] Gpio:254 - dependency for GPIO []
2025-10-14 15:20:09,187 [INFO] Gpio:254 - dependency for GPIO []
2025-10-14 15:20:11,281 [INFO] Gpio:254 - dependency for GPIO []
2025-10-14 15:20:13,754 [INFO] Gpio:254 - dependency for GPIO []
2025-10-14 15:20:15,836 [INFO] Gpio:254 - dependency for GPIO []
2025-10-14 15:20:31,723 [ERROR] LogOutputStream:74 - [STDERR_REDIRECT] Exception in thread "AWT-EventQueue-0" java.lang.NullPointerException
2025-10-14 15:20:31,723 [ERROR] LogOutputStream:74 - [STDERR_REDIRECT] 	at com.st.microxplorer.plugins.ip.gpio.model.IPTab.checkGPIOMode(IPTab.java:270)
2025-10-14 15:20:31,723 [ERROR] LogOutputStream:74 - [STDERR_REDIRECT] 	at com.st.microxplorer.plugins.ip.gpio.model.IPTab.checkCommonPossibleValues(IPTab.java:252)
2025-10-14 15:20:31,724 [ERROR] LogOutputStream:74 - [STDERR_REDIRECT] 	at com.st.microxplorer.plugins.ip.gpio.gui.GpioTablePanel.propertyChange(GpioTablePanel.java:484)
2025-10-14 15:20:31,724 [ERROR] LogOutputStream:74 - [STDERR_REDIRECT] 	at java.desktop/java.beans.PropertyChangeSupport.fire(PropertyChangeSupport.java:341)
2025-10-14 15:20:31,724 [ERROR] LogOutputStream:74 - [STDERR_REDIRECT] 	at java.desktop/java.beans.PropertyChangeSupport.firePropertyChange(PropertyChangeSupport.java:333)
2025-10-14 15:20:31,724 [ERROR] LogOutputStream:74 - [STDERR_REDIRECT] 	at com.st.microxplorer.mxsystem.MxSystem.propertyChange(MxSystem.java:446)
2025-10-14 15:20:31,724 [ERROR] LogOutputStream:74 - [STDERR_REDIRECT] 	at java.desktop/java.beans.PropertyChangeSupport.fire(PropertyChangeSupport.java:341)
2025-10-14 15:20:31,724 [ERROR] LogOutputStream:74 - [STDERR_REDIRECT] 	at java.desktop/java.beans.PropertyChangeSupport.firePropertyChange(PropertyChangeSupport.java:333)
2025-10-14 15:20:31,724 [ERROR] LogOutputStream:74 - [STDERR_REDIRECT] 	at java.desktop/java.beans.PropertyChangeSupport.firePropertyChange(PropertyChangeSupport.java:266)
2025-10-14 15:20:31,725 [ERROR] LogOutputStream:74 - [STDERR_REDIRECT] 	at com.st.microxplorer.util.MXPropertyChangeSupport.firePropertyChange(MXPropertyChangeSupport.java:50)
2025-10-14 15:20:31,725 [ERROR] LogOutputStream:74 - [STDERR_REDIRECT] 	at com.st.microxplorer.mcu.Mcu.propertyChange(Mcu.java:1660)
2025-10-14 15:20:31,725 [ERROR] LogOutputStream:74 - [STDERR_REDIRECT] 	at java.desktop/java.beans.PropertyChangeSupport.fire(PropertyChangeSupport.java:341)
2025-10-14 15:20:31,725 [ERROR] LogOutputStream:74 - [STDERR_REDIRECT] 	at java.desktop/java.beans.PropertyChangeSupport.firePropertyChange(PropertyChangeSupport.java:333)
2025-10-14 15:20:31,725 [ERROR] LogOutputStream:74 - [STDERR_REDIRECT] 	at java.desktop/java.beans.PropertyChangeSupport.firePropertyChange(PropertyChangeSupport.java:266)
2025-10-14 15:20:31,725 [ERROR] LogOutputStream:74 - [STDERR_REDIRECT] 	at com.st.microxplorer.util.MXPropertyChangeSupport.firePropertyChange(MXPropertyChangeSupport.java:50)
2025-10-14 15:20:31,726 [ERROR] LogOutputStream:74 - [STDERR_REDIRECT] 	at com.st.microxplorer.mcu.Pin.setPinLabel(Pin.java:2078)
2025-10-14 15:20:31,726 [ERROR] LogOutputStream:74 - [STDERR_REDIRECT] 	at com.st.microxplorer.plugins.pinoutconfig.gui.PinOutPanel$InputLabel$2.focusLost(PinOutPanel.java:2151)
2025-10-14 15:20:31,726 [ERROR] LogOutputStream:74 - [STDERR_REDIRECT] 	at java.desktop/java.awt.AWTEventMulticaster.focusLost(AWTEventMulticaster.java:238)
2025-10-14 15:20:31,726 [ERROR] LogOutputStream:74 - [STDERR_REDIRECT] 	at java.desktop/java.awt.AWTEventMulticaster.focusLost(AWTEventMulticaster.java:237)
2025-10-14 15:20:31,726 [ERROR] LogOutputStream:74 - [STDERR_REDIRECT] 	at java.desktop/java.awt.AWTEventMulticaster.focusLost(AWTEventMulticaster.java:237)
2025-10-14 15:20:31,727 [ERROR] LogOutputStream:74 - [STDERR_REDIRECT] 	at java.desktop/java.awt.Component.processFocusEvent(Component.java:6527)
2025-10-14 15:20:31,727 [ERROR] LogOutputStream:74 - [STDERR_REDIRECT] 	at java.desktop/java.awt.Component.processEvent(Component.java:6391)
2025-10-14 15:20:31,727 [ERROR] LogOutputStream:74 - [STDERR_REDIRECT] 	at java.desktop/java.awt.Container.processEvent(Container.java:2263)
2025-10-14 15:20:31,727 [ERROR] LogOutputStream:74 - [STDERR_REDIRECT] 	at java.desktop/java.awt.Component.dispatchEventImpl(Component.java:5011)
2025-10-14 15:20:31,727 [ERROR] LogOutputStream:74 - [STDERR_REDIRECT] 	at java.desktop/java.awt.Container.dispatchEventImpl(Container.java:2321)
2025-10-14 15:20:31,728 [ERROR] LogOutputStream:74 - [STDERR_REDIRECT] 	at java.desktop/java.awt.Component.dispatchEvent(Component.java:4843)
2025-10-14 15:20:31,728 [ERROR] LogOutputStream:74 - [STDERR_REDIRECT] 	at java.desktop/java.awt.KeyboardFocusManager.redispatchEvent(KeyboardFocusManager.java:1950)
2025-10-14 15:20:31,728 [ERROR] LogOutputStream:74 - [STDERR_REDIRECT] 	at java.desktop/java.awt.DefaultKeyboardFocusManager.typeAheadAssertions(DefaultKeyboardFocusManager.java:1059)
2025-10-14 15:20:31,728 [ERROR] LogOutputStream:74 - [STDERR_REDIRECT] 	at java.desktop/java.awt.DefaultKeyboardFocusManager.dispatchEvent(DefaultKeyboardFocusManager.java:725)
2025-10-14 15:20:31,728 [ERROR] LogOutputStream:74 - [STDERR_REDIRECT] 	at java.desktop/java.awt.Component.dispatchEventImpl(Component.java:4892)
2025-10-14 15:20:31,728 [ERROR] LogOutputStream:74 - [STDERR_REDIRECT] 	at java.desktop/java.awt.Container.dispatchEventImpl(Container.java:2321)
2025-10-14 15:20:31,728 [ERROR] LogOutputStream:74 - [STDERR_REDIRECT] 	at java.desktop/java.awt.Component.dispatchEvent(Component.java:4843)
2025-10-14 15:20:31,729 [ERROR] LogOutputStream:74 - [STDERR_REDIRECT] 	at java.desktop/java.awt.EventQueue.dispatchEventImpl(EventQueue.java:772)
2025-10-14 15:20:31,729 [ERROR] LogOutputStream:74 - [STDERR_REDIRECT] 	at java.desktop/java.awt.EventQueue$4.run(EventQueue.java:721)
2025-10-14 15:20:31,729 [ERROR] LogOutputStream:74 - [STDERR_REDIRECT] 	at java.desktop/java.awt.EventQueue$4.run(EventQueue.java:715)
2025-10-14 15:20:31,729 [ERROR] LogOutputStream:74 - [STDERR_REDIRECT] 	at java.base/java.security.AccessController.doPrivileged(Native Method)
2025-10-14 15:20:31,729 [ERROR] LogOutputStream:74 - [STDERR_REDIRECT] 	at java.base/java.security.ProtectionDomain$JavaSecurityAccessImpl.doIntersectionPrivilege(ProtectionDomain.java:85)
2025-10-14 15:20:31,729 [ERROR] LogOutputStream:74 - [STDERR_REDIRECT] 	at java.base/java.security.ProtectionDomain$JavaSecurityAccessImpl.doIntersectionPrivilege(ProtectionDomain.java:95)
2025-10-14 15:20:31,729 [ERROR] LogOutputStream:74 - [STDERR_REDIRECT] 	at java.desktop/java.awt.EventQueue$5.run(EventQueue.java:745)
2025-10-14 15:20:31,729 [ERROR] LogOutputStream:74 - [STDERR_REDIRECT] 	at java.desktop/java.awt.EventQueue$5.run(EventQueue.java:743)
2025-10-14 15:20:31,730 [ERROR] LogOutputStream:74 - [STDERR_REDIRECT] 	at java.base/java.security.AccessController.doPrivileged(Native Method)
2025-10-14 15:20:31,730 [ERROR] LogOutputStream:74 - [STDERR_REDIRECT] 	at java.base/java.security.ProtectionDomain$JavaSecurityAccessImpl.doIntersectionPrivilege(ProtectionDomain.java:85)
2025-10-14 15:20:31,730 [ERROR] LogOutputStream:74 - [STDERR_REDIRECT] 	at java.desktop/java.awt.EventQueue.dispatchEvent(EventQueue.java:742)
2025-10-14 15:20:31,730 [ERROR] LogOutputStream:74 - [STDERR_REDIRECT] 	at java.desktop/java.awt.EventDispatchThread.pumpOneEventForFilters(EventDispatchThread.java:203)
2025-10-14 15:20:31,730 [ERROR] LogOutputStream:74 - [STDERR_REDIRECT] 	at java.desktop/java.awt.EventDispatchThread.pumpEventsForFilter(EventDispatchThread.java:124)
2025-10-14 15:20:31,730 [ERROR] LogOutputStream:74 - [STDERR_REDIRECT] 	at java.desktop/java.awt.EventDispatchThread.pumpEventsForHierarchy(EventDispatchThread.java:113)
2025-10-14 15:20:31,730 [ERROR] LogOutputStream:74 - [STDERR_REDIRECT] 	at java.desktop/java.awt.EventDispatchThread.pumpEvents(EventDispatchThread.java:109)
2025-10-14 15:20:31,730 [ERROR] LogOutputStream:74 - [STDERR_REDIRECT] 	at java.desktop/java.awt.EventDispatchThread.pumpEvents(EventDispatchThread.java:101)
2025-10-14 15:20:31,731 [ERROR] LogOutputStream:74 - [STDERR_REDIRECT] 	at java.desktop/java.awt.EventDispatchThread.run(EventDispatchThread.java:90)
2025-10-14 15:20:40,870 [ERROR] LogOutputStream:74 - [STDERR_REDIRECT] Exception in thread "AWT-EventQueue-0" java.lang.NullPointerException
2025-10-14 15:20:40,870 [ERROR] LogOutputStream:74 - [STDERR_REDIRECT] 	at com.st.microxplorer.plugins.ip.gpio.model.IPTab.checkGPIOMode(IPTab.java:270)
2025-10-14 15:20:40,871 [ERROR] LogOutputStream:74 - [STDERR_REDIRECT] 	at com.st.microxplorer.plugins.ip.gpio.model.IPTab.checkCommonPossibleValues(IPTab.java:252)
2025-10-14 15:20:40,871 [ERROR] LogOutputStream:74 - [STDERR_REDIRECT] 	at com.st.microxplorer.plugins.ip.gpio.gui.GpioTablePanel.propertyChange(GpioTablePanel.java:484)
2025-10-14 15:20:40,871 [ERROR] LogOutputStream:74 - [STDERR_REDIRECT] 	at java.desktop/java.beans.PropertyChangeSupport.fire(PropertyChangeSupport.java:341)
2025-10-14 15:20:40,871 [ERROR] LogOutputStream:74 - [STDERR_REDIRECT] 	at java.desktop/java.beans.PropertyChangeSupport.firePropertyChange(PropertyChangeSupport.java:333)
2025-10-14 15:20:40,871 [ERROR] LogOutputStream:74 - [STDERR_REDIRECT] 	at com.st.microxplorer.mxsystem.MxSystem.propertyChange(MxSystem.java:446)
2025-10-14 15:20:40,871 [ERROR] LogOutputStream:74 - [STDERR_REDIRECT] 	at java.desktop/java.beans.PropertyChangeSupport.fire(PropertyChangeSupport.java:341)
2025-10-14 15:20:40,871 [ERROR] LogOutputStream:74 - [STDERR_REDIRECT] 	at java.desktop/java.beans.PropertyChangeSupport.firePropertyChange(PropertyChangeSupport.java:333)
2025-10-14 15:20:40,871 [ERROR] LogOutputStream:74 - [STDERR_REDIRECT] 	at java.desktop/java.beans.PropertyChangeSupport.firePropertyChange(PropertyChangeSupport.java:266)
2025-10-14 15:20:40,872 [ERROR] LogOutputStream:74 - [STDERR_REDIRECT] 	at com.st.microxplorer.util.MXPropertyChangeSupport.firePropertyChange(MXPropertyChangeSupport.java:50)
2025-10-14 15:20:40,872 [ERROR] LogOutputStream:74 - [STDERR_REDIRECT] 	at com.st.microxplorer.mcu.Mcu.propertyChange(Mcu.java:1660)
2025-10-14 15:20:40,872 [ERROR] LogOutputStream:74 - [STDERR_REDIRECT] 	at java.desktop/java.beans.PropertyChangeSupport.fire(PropertyChangeSupport.java:341)
2025-10-14 15:20:40,872 [ERROR] LogOutputStream:74 - [STDERR_REDIRECT] 	at java.desktop/java.beans.PropertyChangeSupport.firePropertyChange(PropertyChangeSupport.java:333)
2025-10-14 15:20:40,872 [ERROR] LogOutputStream:74 - [STDERR_REDIRECT] 	at java.desktop/java.beans.PropertyChangeSupport.firePropertyChange(PropertyChangeSupport.java:266)
2025-10-14 15:20:40,872 [ERROR] LogOutputStream:74 - [STDERR_REDIRECT] 	at com.st.microxplorer.util.MXPropertyChangeSupport.firePropertyChange(MXPropertyChangeSupport.java:50)
2025-10-14 15:20:40,872 [ERROR] LogOutputStream:74 - [STDERR_REDIRECT] 	at com.st.microxplorer.mcu.Pin.setPinLabel(Pin.java:2078)
2025-10-14 15:20:40,872 [ERROR] LogOutputStream:74 - [STDERR_REDIRECT] 	at com.st.microxplorer.plugins.pinoutconfig.gui.PinOutPanel$InputLabel$2.focusLost(PinOutPanel.java:2151)
2025-10-14 15:20:40,872 [ERROR] LogOutputStream:74 - [STDERR_REDIRECT] 	at java.desktop/java.awt.AWTEventMulticaster.focusLost(AWTEventMulticaster.java:238)
2025-10-14 15:20:40,873 [ERROR] LogOutputStream:74 - [STDERR_REDIRECT] 	at java.desktop/java.awt.AWTEventMulticaster.focusLost(AWTEventMulticaster.java:237)
2025-10-14 15:20:40,873 [ERROR] LogOutputStream:74 - [STDERR_REDIRECT] 	at java.desktop/java.awt.AWTEventMulticaster.focusLost(AWTEventMulticaster.java:237)
2025-10-14 15:20:40,873 [ERROR] LogOutputStream:74 - [STDERR_REDIRECT] 	at java.desktop/java.awt.Component.processFocusEvent(Component.java:6527)
2025-10-14 15:20:40,873 [ERROR] LogOutputStream:74 - [STDERR_REDIRECT] 	at java.desktop/java.awt.Component.processEvent(Component.java:6391)
2025-10-14 15:20:40,873 [ERROR] LogOutputStream:74 - [STDERR_REDIRECT] 	at java.desktop/java.awt.Container.processEvent(Container.java:2263)
2025-10-14 15:20:40,873 [ERROR] LogOutputStream:74 - [STDERR_REDIRECT] 	at java.desktop/java.awt.Component.dispatchEventImpl(Component.java:5011)
2025-10-14 15:20:40,873 [ERROR] LogOutputStream:74 - [STDERR_REDIRECT] 	at java.desktop/java.awt.Container.dispatchEventImpl(Container.java:2321)
2025-10-14 15:20:40,873 [ERROR] LogOutputStream:74 - [STDERR_REDIRECT] 	at java.desktop/java.awt.Component.dispatchEvent(Component.java:4843)
2025-10-14 15:20:40,873 [ERROR] LogOutputStream:74 - [STDERR_REDIRECT] 	at java.desktop/java.awt.KeyboardFocusManager.redispatchEvent(KeyboardFocusManager.java:1950)
2025-10-14 15:20:40,874 [ERROR] LogOutputStream:74 - [STDERR_REDIRECT] 	at java.desktop/java.awt.DefaultKeyboardFocusManager.typeAheadAssertions(DefaultKeyboardFocusManager.java:1059)
2025-10-14 15:20:40,874 [ERROR] LogOutputStream:74 - [STDERR_REDIRECT] 	at java.desktop/java.awt.DefaultKeyboardFocusManager.dispatchEvent(DefaultKeyboardFocusManager.java:725)
2025-10-14 15:20:40,874 [ERROR] LogOutputStream:74 - [STDERR_REDIRECT] 	at java.desktop/java.awt.Component.dispatchEventImpl(Component.java:4892)
2025-10-14 15:20:40,874 [ERROR] LogOutputStream:74 - [STDERR_REDIRECT] 	at java.desktop/java.awt.Container.dispatchEventImpl(Container.java:2321)
2025-10-14 15:20:40,874 [ERROR] LogOutputStream:74 - [STDERR_REDIRECT] 	at java.desktop/java.awt.Component.dispatchEvent(Component.java:4843)
2025-10-14 15:20:40,874 [ERROR] LogOutputStream:74 - [STDERR_REDIRECT] 	at java.desktop/java.awt.EventQueue.dispatchEventImpl(EventQueue.java:772)
2025-10-14 15:20:40,874 [ERROR] LogOutputStream:74 - [STDERR_REDIRECT] 	at java.desktop/java.awt.EventQueue$4.run(EventQueue.java:721)
2025-10-14 15:20:40,875 [ERROR] LogOutputStream:74 - [STDERR_REDIRECT] 	at java.desktop/java.awt.EventQueue$4.run(EventQueue.java:715)
2025-10-14 15:20:40,875 [ERROR] LogOutputStream:74 - [STDERR_REDIRECT] 	at java.base/java.security.AccessController.doPrivileged(Native Method)
2025-10-14 15:20:40,875 [ERROR] LogOutputStream:74 - [STDERR_REDIRECT] 	at java.base/java.security.ProtectionDomain$JavaSecurityAccessImpl.doIntersectionPrivilege(ProtectionDomain.java:85)
2025-10-14 15:20:40,875 [ERROR] LogOutputStream:74 - [STDERR_REDIRECT] 	at java.base/java.security.ProtectionDomain$JavaSecurityAccessImpl.doIntersectionPrivilege(ProtectionDomain.java:95)
2025-10-14 15:20:40,875 [ERROR] LogOutputStream:74 - [STDERR_REDIRECT] 	at java.desktop/java.awt.EventQueue$5.run(EventQueue.java:745)
2025-10-14 15:20:40,875 [ERROR] LogOutputStream:74 - [STDERR_REDIRECT] 	at java.desktop/java.awt.EventQueue$5.run(EventQueue.java:743)
2025-10-14 15:20:40,875 [ERROR] LogOutputStream:74 - [STDERR_REDIRECT] 	at java.base/java.security.AccessController.doPrivileged(Native Method)
2025-10-14 15:20:40,875 [ERROR] LogOutputStream:74 - [STDERR_REDIRECT] 	at java.base/java.security.ProtectionDomain$JavaSecurityAccessImpl.doIntersectionPrivilege(ProtectionDomain.java:85)
2025-10-14 15:20:40,876 [ERROR] LogOutputStream:74 - [STDERR_REDIRECT] 	at java.desktop/java.awt.EventQueue.dispatchEvent(EventQueue.java:742)
2025-10-14 15:20:40,876 [ERROR] LogOutputStream:74 - [STDERR_REDIRECT] 	at java.desktop/java.awt.EventDispatchThread.pumpOneEventForFilters(EventDispatchThread.java:203)
2025-10-14 15:20:40,876 [ERROR] LogOutputStream:74 - [STDERR_REDIRECT] 	at java.desktop/java.awt.EventDispatchThread.pumpEventsForFilter(EventDispatchThread.java:124)
2025-10-14 15:20:40,876 [ERROR] LogOutputStream:74 - [STDERR_REDIRECT] 	at java.desktop/java.awt.EventDispatchThread.pumpEventsForHierarchy(EventDispatchThread.java:113)
2025-10-14 15:20:40,876 [ERROR] LogOutputStream:74 - [STDERR_REDIRECT] 	at java.desktop/java.awt.EventDispatchThread.pumpEvents(EventDispatchThread.java:109)
2025-10-14 15:20:40,876 [ERROR] LogOutputStream:74 - [STDERR_REDIRECT] 	at java.desktop/java.awt.EventDispatchThread.pumpEvents(EventDispatchThread.java:101)
2025-10-14 15:20:40,876 [ERROR] LogOutputStream:74 - [STDERR_REDIRECT] 	at java.desktop/java.awt.EventDispatchThread.run(EventDispatchThread.java:90)
2025-10-14 15:20:46,242 [ERROR] LogOutputStream:74 - [STDERR_REDIRECT] Exception in thread "AWT-EventQueue-0" java.lang.NullPointerException
2025-10-14 15:20:46,242 [ERROR] LogOutputStream:74 - [STDERR_REDIRECT] 	at com.st.microxplorer.plugins.ip.gpio.model.IPTab.checkGPIOMode(IPTab.java:270)
2025-10-14 15:20:46,242 [ERROR] LogOutputStream:74 - [STDERR_REDIRECT] 	at com.st.microxplorer.plugins.ip.gpio.model.IPTab.checkCommonPossibleValues(IPTab.java:252)
2025-10-14 15:20:46,242 [ERROR] LogOutputStream:74 - [STDERR_REDIRECT] 	at com.st.microxplorer.plugins.ip.gpio.gui.GpioTablePanel.propertyChange(GpioTablePanel.java:484)
2025-10-14 15:20:46,242 [ERROR] LogOutputStream:74 - [STDERR_REDIRECT] 	at java.desktop/java.beans.PropertyChangeSupport.fire(PropertyChangeSupport.java:341)
2025-10-14 15:20:46,243 [ERROR] LogOutputStream:74 - [STDERR_REDIRECT] 	at java.desktop/java.beans.PropertyChangeSupport.firePropertyChange(PropertyChangeSupport.java:333)
2025-10-14 15:20:46,243 [ERROR] LogOutputStream:74 - [STDERR_REDIRECT] 	at com.st.microxplorer.mxsystem.MxSystem.propertyChange(MxSystem.java:446)
2025-10-14 15:20:46,243 [ERROR] LogOutputStream:74 - [STDERR_REDIRECT] 	at java.desktop/java.beans.PropertyChangeSupport.fire(PropertyChangeSupport.java:341)
2025-10-14 15:20:46,243 [ERROR] LogOutputStream:74 - [STDERR_REDIRECT] 	at java.desktop/java.beans.PropertyChangeSupport.firePropertyChange(PropertyChangeSupport.java:333)
2025-10-14 15:20:46,243 [ERROR] LogOutputStream:74 - [STDERR_REDIRECT] 	at java.desktop/java.beans.PropertyChangeSupport.firePropertyChange(PropertyChangeSupport.java:266)
2025-10-14 15:20:46,243 [ERROR] LogOutputStream:74 - [STDERR_REDIRECT] 	at com.st.microxplorer.util.MXPropertyChangeSupport.firePropertyChange(MXPropertyChangeSupport.java:50)
2025-10-14 15:20:46,243 [ERROR] LogOutputStream:74 - [STDERR_REDIRECT] 	at com.st.microxplorer.mcu.Mcu.propertyChange(Mcu.java:1660)
2025-10-14 15:20:46,243 [ERROR] LogOutputStream:74 - [STDERR_REDIRECT] 	at java.desktop/java.beans.PropertyChangeSupport.fire(PropertyChangeSupport.java:341)
2025-10-14 15:20:46,244 [ERROR] LogOutputStream:74 - [STDERR_REDIRECT] 	at java.desktop/java.beans.PropertyChangeSupport.firePropertyChange(PropertyChangeSupport.java:333)
2025-10-14 15:20:46,244 [ERROR] LogOutputStream:74 - [STDERR_REDIRECT] 	at java.desktop/java.beans.PropertyChangeSupport.firePropertyChange(PropertyChangeSupport.java:266)
2025-10-14 15:20:46,244 [ERROR] LogOutputStream:74 - [STDERR_REDIRECT] 	at com.st.microxplorer.util.MXPropertyChangeSupport.firePropertyChange(MXPropertyChangeSupport.java:50)
2025-10-14 15:20:46,244 [ERROR] LogOutputStream:74 - [STDERR_REDIRECT] 	at com.st.microxplorer.mcu.Pin.setPinLabel(Pin.java:2078)
2025-10-14 15:20:46,244 [ERROR] LogOutputStream:74 - [STDERR_REDIRECT] 	at com.st.microxplorer.plugins.pinoutconfig.gui.PinOutPanel$InputLabel$2.focusLost(PinOutPanel.java:2151)
2025-10-14 15:20:46,244 [ERROR] LogOutputStream:74 - [STDERR_REDIRECT] 	at java.desktop/java.awt.AWTEventMulticaster.focusLost(AWTEventMulticaster.java:238)
2025-10-14 15:20:46,244 [ERROR] LogOutputStream:74 - [STDERR_REDIRECT] 	at java.desktop/java.awt.AWTEventMulticaster.focusLost(AWTEventMulticaster.java:237)
2025-10-14 15:20:46,244 [ERROR] LogOutputStream:74 - [STDERR_REDIRECT] 	at java.desktop/java.awt.AWTEventMulticaster.focusLost(AWTEventMulticaster.java:237)
2025-10-14 15:20:46,244 [ERROR] LogOutputStream:74 - [STDERR_REDIRECT] 	at java.desktop/java.awt.Component.processFocusEvent(Component.java:6527)
2025-10-14 15:20:46,245 [ERROR] LogOutputStream:74 - [STDERR_REDIRECT] 	at java.desktop/java.awt.Component.processEvent(Component.java:6391)
2025-10-14 15:20:46,245 [ERROR] LogOutputStream:74 - [STDERR_REDIRECT] 	at java.desktop/java.awt.Container.processEvent(Container.java:2263)
2025-10-14 15:20:46,245 [ERROR] LogOutputStream:74 - [STDERR_REDIRECT] 	at java.desktop/java.awt.Component.dispatchEventImpl(Component.java:5011)
2025-10-14 15:20:46,245 [ERROR] LogOutputStream:74 - [STDERR_REDIRECT] 	at java.desktop/java.awt.Container.dispatchEventImpl(Container.java:2321)
2025-10-14 15:20:46,245 [ERROR] LogOutputStream:74 - [STDERR_REDIRECT] 	at java.desktop/java.awt.Component.dispatchEvent(Component.java:4843)
2025-10-14 15:20:46,245 [ERROR] LogOutputStream:74 - [STDERR_REDIRECT] 	at java.desktop/java.awt.KeyboardFocusManager.redispatchEvent(KeyboardFocusManager.java:1950)
2025-10-14 15:20:46,245 [ERROR] LogOutputStream:74 - [STDERR_REDIRECT] 	at java.desktop/java.awt.DefaultKeyboardFocusManager.typeAheadAssertions(DefaultKeyboardFocusManager.java:1059)
2025-10-14 15:20:46,245 [ERROR] LogOutputStream:74 - [STDERR_REDIRECT] 	at java.desktop/java.awt.DefaultKeyboardFocusManager.dispatchEvent(DefaultKeyboardFocusManager.java:725)
2025-10-14 15:20:46,245 [ERROR] LogOutputStream:74 - [STDERR_REDIRECT] 	at java.desktop/java.awt.Component.dispatchEventImpl(Component.java:4892)
2025-10-14 15:20:46,246 [ERROR] LogOutputStream:74 - [STDERR_REDIRECT] 	at java.desktop/java.awt.Container.dispatchEventImpl(Container.java:2321)
2025-10-14 15:20:46,246 [ERROR] LogOutputStream:74 - [STDERR_REDIRECT] 	at java.desktop/java.awt.Component.dispatchEvent(Component.java:4843)
2025-10-14 15:20:46,246 [ERROR] LogOutputStream:74 - [STDERR_REDIRECT] 	at java.desktop/java.awt.EventQueue.dispatchEventImpl(EventQueue.java:772)
2025-10-14 15:20:46,246 [ERROR] LogOutputStream:74 - [STDERR_REDIRECT] 	at java.desktop/java.awt.EventQueue$4.run(EventQueue.java:721)
2025-10-14 15:20:46,246 [ERROR] LogOutputStream:74 - [STDERR_REDIRECT] 	at java.desktop/java.awt.EventQueue$4.run(EventQueue.java:715)
2025-10-14 15:20:46,246 [ERROR] LogOutputStream:74 - [STDERR_REDIRECT] 	at java.base/java.security.AccessController.doPrivileged(Native Method)
2025-10-14 15:20:46,246 [ERROR] LogOutputStream:74 - [STDERR_REDIRECT] 	at java.base/java.security.ProtectionDomain$JavaSecurityAccessImpl.doIntersectionPrivilege(ProtectionDomain.java:85)
2025-10-14 15:20:46,246 [ERROR] LogOutputStream:74 - [STDERR_REDIRECT] 	at java.base/java.security.ProtectionDomain$JavaSecurityAccessImpl.doIntersectionPrivilege(ProtectionDomain.java:95)
2025-10-14 15:20:46,246 [ERROR] LogOutputStream:74 - [STDERR_REDIRECT] 	at java.desktop/java.awt.EventQueue$5.run(EventQueue.java:745)
2025-10-14 15:20:46,247 [ERROR] LogOutputStream:74 - [STDERR_REDIRECT] 	at java.desktop/java.awt.EventQueue$5.run(EventQueue.java:743)
2025-10-14 15:20:46,247 [ERROR] LogOutputStream:74 - [STDERR_REDIRECT] 	at java.base/java.security.AccessController.doPrivileged(Native Method)
2025-10-14 15:20:46,247 [ERROR] LogOutputStream:74 - [STDERR_REDIRECT] 	at java.base/java.security.ProtectionDomain$JavaSecurityAccessImpl.doIntersectionPrivilege(ProtectionDomain.java:85)
2025-10-14 15:20:46,247 [ERROR] LogOutputStream:74 - [STDERR_REDIRECT] 	at java.desktop/java.awt.EventQueue.dispatchEvent(EventQueue.java:742)
2025-10-14 15:20:46,247 [ERROR] LogOutputStream:74 - [STDERR_REDIRECT] 	at java.desktop/java.awt.EventDispatchThread.pumpOneEventForFilters(EventDispatchThread.java:203)
2025-10-14 15:20:46,247 [ERROR] LogOutputStream:74 - [STDERR_REDIRECT] 	at java.desktop/java.awt.EventDispatchThread.pumpEventsForFilter(EventDispatchThread.java:124)
2025-10-14 15:20:46,247 [ERROR] LogOutputStream:74 - [STDERR_REDIRECT] 	at java.desktop/java.awt.EventDispatchThread.pumpEventsForHierarchy(EventDispatchThread.java:113)
2025-10-14 15:20:46,247 [ERROR] LogOutputStream:74 - [STDERR_REDIRECT] 	at java.desktop/java.awt.EventDispatchThread.pumpEvents(EventDispatchThread.java:109)
2025-10-14 15:20:46,247 [ERROR] LogOutputStream:74 - [STDERR_REDIRECT] 	at java.desktop/java.awt.EventDispatchThread.pumpEvents(EventDispatchThread.java:101)
2025-10-14 15:20:46,248 [ERROR] LogOutputStream:74 - [STDERR_REDIRECT] 	at java.desktop/java.awt.EventDispatchThread.run(EventDispatchThread.java:90)
2025-10-14 15:20:51,815 [ERROR] LogOutputStream:74 - [STDERR_REDIRECT] Exception in thread "AWT-EventQueue-0" java.lang.NullPointerException
2025-10-14 15:20:51,816 [ERROR] LogOutputStream:74 - [STDERR_REDIRECT] 	at com.st.microxplorer.plugins.ip.gpio.model.IPTab.checkGPIOMode(IPTab.java:270)
2025-10-14 15:20:51,816 [ERROR] LogOutputStream:74 - [STDERR_REDIRECT] 	at com.st.microxplorer.plugins.ip.gpio.model.IPTab.checkCommonPossibleValues(IPTab.java:252)
2025-10-14 15:20:51,816 [ERROR] LogOutputStream:74 - [STDERR_REDIRECT] 	at com.st.microxplorer.plugins.ip.gpio.gui.GpioTablePanel.propertyChange(GpioTablePanel.java:484)
2025-10-14 15:20:51,816 [ERROR] LogOutputStream:74 - [STDERR_REDIRECT] 	at java.desktop/java.beans.PropertyChangeSupport.fire(PropertyChangeSupport.java:341)
2025-10-14 15:20:51,816 [ERROR] LogOutputStream:74 - [STDERR_REDIRECT] 	at java.desktop/java.beans.PropertyChangeSupport.firePropertyChange(PropertyChangeSupport.java:333)
2025-10-14 15:20:51,817 [ERROR] LogOutputStream:74 - [STDERR_REDIRECT] 	at com.st.microxplorer.mxsystem.MxSystem.propertyChange(MxSystem.java:446)
2025-10-14 15:20:51,817 [ERROR] LogOutputStream:74 - [STDERR_REDIRECT] 	at java.desktop/java.beans.PropertyChangeSupport.fire(PropertyChangeSupport.java:341)
2025-10-14 15:20:51,817 [ERROR] LogOutputStream:74 - [STDERR_REDIRECT] 	at java.desktop/java.beans.PropertyChangeSupport.firePropertyChange(PropertyChangeSupport.java:333)
2025-10-14 15:20:51,817 [ERROR] LogOutputStream:74 - [STDERR_REDIRECT] 	at java.desktop/java.beans.PropertyChangeSupport.firePropertyChange(PropertyChangeSupport.java:266)
2025-10-14 15:20:51,818 [ERROR] LogOutputStream:74 - [STDERR_REDIRECT] 	at com.st.microxplorer.util.MXPropertyChangeSupport.firePropertyChange(MXPropertyChangeSupport.java:50)
2025-10-14 15:20:51,818 [ERROR] LogOutputStream:74 - [STDERR_REDIRECT] 	at com.st.microxplorer.mcu.Mcu.propertyChange(Mcu.java:1660)
2025-10-14 15:20:51,818 [ERROR] LogOutputStream:74 - [STDERR_REDIRECT] 	at java.desktop/java.beans.PropertyChangeSupport.fire(PropertyChangeSupport.java:341)
2025-10-14 15:20:51,818 [ERROR] LogOutputStream:74 - [STDERR_REDIRECT] 	at java.desktop/java.beans.PropertyChangeSupport.firePropertyChange(PropertyChangeSupport.java:333)
2025-10-14 15:20:51,818 [ERROR] LogOutputStream:74 - [STDERR_REDIRECT] 	at java.desktop/java.beans.PropertyChangeSupport.firePropertyChange(PropertyChangeSupport.java:266)
2025-10-14 15:20:51,819 [ERROR] LogOutputStream:74 - [STDERR_REDIRECT] 	at com.st.microxplorer.util.MXPropertyChangeSupport.firePropertyChange(MXPropertyChangeSupport.java:50)
2025-10-14 15:20:51,819 [ERROR] LogOutputStream:74 - [STDERR_REDIRECT] 	at com.st.microxplorer.mcu.Pin.setPinLabel(Pin.java:2078)
2025-10-14 15:20:51,819 [ERROR] LogOutputStream:74 - [STDERR_REDIRECT] 	at com.st.microxplorer.plugins.pinoutconfig.gui.PinOutPanel$InputLabel$2.focusLost(PinOutPanel.java:2151)
2025-10-14 15:20:51,819 [ERROR] LogOutputStream:74 - [STDERR_REDIRECT] 	at java.desktop/java.awt.AWTEventMulticaster.focusLost(AWTEventMulticaster.java:238)
2025-10-14 15:20:51,819 [ERROR] LogOutputStream:74 - [STDERR_REDIRECT] 	at java.desktop/java.awt.AWTEventMulticaster.focusLost(AWTEventMulticaster.java:237)
2025-10-14 15:20:51,820 [ERROR] LogOutputStream:74 - [STDERR_REDIRECT] 	at java.desktop/java.awt.AWTEventMulticaster.focusLost(AWTEventMulticaster.java:237)
2025-10-14 15:20:51,820 [ERROR] LogOutputStream:74 - [STDERR_REDIRECT] 	at java.desktop/java.awt.Component.processFocusEvent(Component.java:6527)
2025-10-14 15:20:51,820 [ERROR] LogOutputStream:74 - [STDERR_REDIRECT] 	at java.desktop/java.awt.Component.processEvent(Component.java:6391)
2025-10-14 15:20:51,820 [ERROR] LogOutputStream:74 - [STDERR_REDIRECT] 	at java.desktop/java.awt.Container.processEvent(Container.java:2263)
2025-10-14 15:20:51,820 [ERROR] LogOutputStream:74 - [STDERR_REDIRECT] 	at java.desktop/java.awt.Component.dispatchEventImpl(Component.java:5011)
2025-10-14 15:20:51,820 [ERROR] LogOutputStream:74 - [STDERR_REDIRECT] 	at java.desktop/java.awt.Container.dispatchEventImpl(Container.java:2321)
2025-10-14 15:20:51,820 [ERROR] LogOutputStream:74 - [STDERR_REDIRECT] 	at java.desktop/java.awt.Component.dispatchEvent(Component.java:4843)
2025-10-14 15:20:51,821 [ERROR] LogOutputStream:74 - [STDERR_REDIRECT] 	at java.desktop/java.awt.KeyboardFocusManager.redispatchEvent(KeyboardFocusManager.java:1950)
2025-10-14 15:20:51,821 [ERROR] LogOutputStream:74 - [STDERR_REDIRECT] 	at java.desktop/java.awt.DefaultKeyboardFocusManager.typeAheadAssertions(DefaultKeyboardFocusManager.java:1059)
2025-10-14 15:20:51,821 [ERROR] LogOutputStream:74 - [STDERR_REDIRECT] 	at java.desktop/java.awt.DefaultKeyboardFocusManager.dispatchEvent(DefaultKeyboardFocusManager.java:725)
2025-10-14 15:20:51,821 [ERROR] LogOutputStream:74 - [STDERR_REDIRECT] 	at java.desktop/java.awt.Component.dispatchEventImpl(Component.java:4892)
2025-10-14 15:20:51,821 [ERROR] LogOutputStream:74 - [STDERR_REDIRECT] 	at java.desktop/java.awt.Container.dispatchEventImpl(Container.java:2321)
2025-10-14 15:20:51,821 [ERROR] LogOutputStream:74 - [STDERR_REDIRECT] 	at java.desktop/java.awt.Component.dispatchEvent(Component.java:4843)
2025-10-14 15:20:51,821 [ERROR] LogOutputStream:74 - [STDERR_REDIRECT] 	at java.desktop/java.awt.EventQueue.dispatchEventImpl(EventQueue.java:772)
2025-10-14 15:20:51,821 [ERROR] LogOutputStream:74 - [STDERR_REDIRECT] 	at java.desktop/java.awt.EventQueue$4.run(EventQueue.java:721)
2025-10-14 15:20:51,822 [ERROR] LogOutputStream:74 - [STDERR_REDIRECT] 	at java.desktop/java.awt.EventQueue$4.run(EventQueue.java:715)
2025-10-14 15:20:51,822 [ERROR] LogOutputStream:74 - [STDERR_REDIRECT] 	at java.base/java.security.AccessController.doPrivileged(Native Method)
2025-10-14 15:20:51,822 [ERROR] LogOutputStream:74 - [STDERR_REDIRECT] 	at java.base/java.security.ProtectionDomain$JavaSecurityAccessImpl.doIntersectionPrivilege(ProtectionDomain.java:85)
2025-10-14 15:20:51,822 [ERROR] LogOutputStream:74 - [STDERR_REDIRECT] 	at java.base/java.security.ProtectionDomain$JavaSecurityAccessImpl.doIntersectionPrivilege(ProtectionDomain.java:95)
2025-10-14 15:20:51,822 [ERROR] LogOutputStream:74 - [STDERR_REDIRECT] 	at java.desktop/java.awt.EventQueue$5.run(EventQueue.java:745)
2025-10-14 15:20:51,822 [ERROR] LogOutputStream:74 - [STDERR_REDIRECT] 	at java.desktop/java.awt.EventQueue$5.run(EventQueue.java:743)
2025-10-14 15:20:51,822 [ERROR] LogOutputStream:74 - [STDERR_REDIRECT] 	at java.base/java.security.AccessController.doPrivileged(Native Method)
2025-10-14 15:20:51,822 [ERROR] LogOutputStream:74 - [STDERR_REDIRECT] 	at java.base/java.security.ProtectionDomain$JavaSecurityAccessImpl.doIntersectionPrivilege(ProtectionDomain.java:85)
2025-10-14 15:20:51,823 [ERROR] LogOutputStream:74 - [STDERR_REDIRECT] 	at java.desktop/java.awt.EventQueue.dispatchEvent(EventQueue.java:742)
2025-10-14 15:20:51,823 [ERROR] LogOutputStream:74 - [STDERR_REDIRECT] 	at java.desktop/java.awt.EventDispatchThread.pumpOneEventForFilters(EventDispatchThread.java:203)
2025-10-14 15:20:51,823 [ERROR] LogOutputStream:74 - [STDERR_REDIRECT] 	at java.desktop/java.awt.EventDispatchThread.pumpEventsForFilter(EventDispatchThread.java:124)
2025-10-14 15:20:51,823 [ERROR] LogOutputStream:74 - [STDERR_REDIRECT] 	at java.desktop/java.awt.EventDispatchThread.pumpEventsForHierarchy(EventDispatchThread.java:113)
2025-10-14 15:20:51,823 [ERROR] LogOutputStream:74 - [STDERR_REDIRECT] 	at java.desktop/java.awt.EventDispatchThread.pumpEvents(EventDispatchThread.java:109)
2025-10-14 15:20:51,823 [ERROR] LogOutputStream:74 - [STDERR_REDIRECT] 	at java.desktop/java.awt.EventDispatchThread.pumpEvents(EventDispatchThread.java:101)
2025-10-14 15:20:51,823 [ERROR] LogOutputStream:74 - [STDERR_REDIRECT] 	at java.desktop/java.awt.EventDispatchThread.run(EventDispatchThread.java:90)
2025-10-14 15:20:57,140 [ERROR] LogOutputStream:74 - [STDERR_REDIRECT] Exception in thread "AWT-EventQueue-0" java.lang.NullPointerException
2025-10-14 15:20:57,140 [ERROR] LogOutputStream:74 - [STDERR_REDIRECT] 	at com.st.microxplorer.plugins.ip.gpio.model.IPTab.checkGPIOMode(IPTab.java:270)
2025-10-14 15:20:57,140 [ERROR] LogOutputStream:74 - [STDERR_REDIRECT] 	at com.st.microxplorer.plugins.ip.gpio.model.IPTab.checkCommonPossibleValues(IPTab.java:252)
2025-10-14 15:20:57,140 [ERROR] LogOutputStream:74 - [STDERR_REDIRECT] 	at com.st.microxplorer.plugins.ip.gpio.gui.GpioTablePanel.propertyChange(GpioTablePanel.java:484)
2025-10-14 15:20:57,140 [ERROR] LogOutputStream:74 - [STDERR_REDIRECT] 	at java.desktop/java.beans.PropertyChangeSupport.fire(PropertyChangeSupport.java:341)
2025-10-14 15:20:57,141 [ERROR] LogOutputStream:74 - [STDERR_REDIRECT] 	at java.desktop/java.beans.PropertyChangeSupport.firePropertyChange(PropertyChangeSupport.java:333)
2025-10-14 15:20:57,141 [ERROR] LogOutputStream:74 - [STDERR_REDIRECT] 	at com.st.microxplorer.mxsystem.MxSystem.propertyChange(MxSystem.java:446)
2025-10-14 15:20:57,141 [ERROR] LogOutputStream:74 - [STDERR_REDIRECT] 	at java.desktop/java.beans.PropertyChangeSupport.fire(PropertyChangeSupport.java:341)
2025-10-14 15:20:57,141 [ERROR] LogOutputStream:74 - [STDERR_REDIRECT] 	at java.desktop/java.beans.PropertyChangeSupport.firePropertyChange(PropertyChangeSupport.java:333)
2025-10-14 15:20:57,141 [ERROR] LogOutputStream:74 - [STDERR_REDIRECT] 	at java.desktop/java.beans.PropertyChangeSupport.firePropertyChange(PropertyChangeSupport.java:266)
2025-10-14 15:20:57,141 [ERROR] LogOutputStream:74 - [STDERR_REDIRECT] 	at com.st.microxplorer.util.MXPropertyChangeSupport.firePropertyChange(MXPropertyChangeSupport.java:50)
2025-10-14 15:20:57,141 [ERROR] LogOutputStream:74 - [STDERR_REDIRECT] 	at com.st.microxplorer.mcu.Mcu.propertyChange(Mcu.java:1660)
2025-10-14 15:20:57,141 [ERROR] LogOutputStream:74 - [STDERR_REDIRECT] 	at java.desktop/java.beans.PropertyChangeSupport.fire(PropertyChangeSupport.java:341)
2025-10-14 15:20:57,142 [ERROR] LogOutputStream:74 - [STDERR_REDIRECT] 	at java.desktop/java.beans.PropertyChangeSupport.firePropertyChange(PropertyChangeSupport.java:333)
2025-10-14 15:20:57,142 [ERROR] LogOutputStream:74 - [STDERR_REDIRECT] 	at java.desktop/java.beans.PropertyChangeSupport.firePropertyChange(PropertyChangeSupport.java:266)
2025-10-14 15:20:57,142 [ERROR] LogOutputStream:74 - [STDERR_REDIRECT] 	at com.st.microxplorer.util.MXPropertyChangeSupport.firePropertyChange(MXPropertyChangeSupport.java:50)
2025-10-14 15:20:57,142 [ERROR] LogOutputStream:74 - [STDERR_REDIRECT] 	at com.st.microxplorer.mcu.Pin.setPinLabel(Pin.java:2078)
2025-10-14 15:20:57,142 [ERROR] LogOutputStream:74 - [STDERR_REDIRECT] 	at com.st.microxplorer.plugins.pinoutconfig.gui.PinOutPanel$InputLabel$2.focusLost(PinOutPanel.java:2151)
2025-10-14 15:20:57,142 [ERROR] LogOutputStream:74 - [STDERR_REDIRECT] 	at java.desktop/java.awt.AWTEventMulticaster.focusLost(AWTEventMulticaster.java:238)
2025-10-14 15:20:57,142 [ERROR] LogOutputStream:74 - [STDERR_REDIRECT] 	at java.desktop/java.awt.AWTEventMulticaster.focusLost(AWTEventMulticaster.java:237)
2025-10-14 15:20:57,142 [ERROR] LogOutputStream:74 - [STDERR_REDIRECT] 	at java.desktop/java.awt.AWTEventMulticaster.focusLost(AWTEventMulticaster.java:237)
2025-10-14 15:20:57,142 [ERROR] LogOutputStream:74 - [STDERR_REDIRECT] 	at java.desktop/java.awt.Component.processFocusEvent(Component.java:6527)
2025-10-14 15:20:57,143 [ERROR] LogOutputStream:74 - [STDERR_REDIRECT] 	at java.desktop/java.awt.Component.processEvent(Component.java:6391)
2025-10-14 15:20:57,143 [ERROR] LogOutputStream:74 - [STDERR_REDIRECT] 	at java.desktop/java.awt.Container.processEvent(Container.java:2263)
2025-10-14 15:20:57,143 [ERROR] LogOutputStream:74 - [STDERR_REDIRECT] 	at java.desktop/java.awt.Component.dispatchEventImpl(Component.java:5011)
2025-10-14 15:20:57,143 [ERROR] LogOutputStream:74 - [STDERR_REDIRECT] 	at java.desktop/java.awt.Container.dispatchEventImpl(Container.java:2321)
2025-10-14 15:20:57,143 [ERROR] LogOutputStream:74 - [STDERR_REDIRECT] 	at java.desktop/java.awt.Component.dispatchEvent(Component.java:4843)
2025-10-14 15:20:57,143 [ERROR] LogOutputStream:74 - [STDERR_REDIRECT] 	at java.desktop/java.awt.KeyboardFocusManager.redispatchEvent(KeyboardFocusManager.java:1950)
2025-10-14 15:20:57,143 [ERROR] LogOutputStream:74 - [STDERR_REDIRECT] 	at java.desktop/java.awt.DefaultKeyboardFocusManager.typeAheadAssertions(DefaultKeyboardFocusManager.java:1059)
2025-10-14 15:20:57,143 [ERROR] LogOutputStream:74 - [STDERR_REDIRECT] 	at java.desktop/java.awt.DefaultKeyboardFocusManager.dispatchEvent(DefaultKeyboardFocusManager.java:725)
2025-10-14 15:20:57,143 [ERROR] LogOutputStream:74 - [STDERR_REDIRECT] 	at java.desktop/java.awt.Component.dispatchEventImpl(Component.java:4892)
2025-10-14 15:20:57,144 [ERROR] LogOutputStream:74 - [STDERR_REDIRECT] 	at java.desktop/java.awt.Container.dispatchEventImpl(Container.java:2321)
2025-10-14 15:20:57,144 [ERROR] LogOutputStream:74 - [STDERR_REDIRECT] 	at java.desktop/java.awt.Component.dispatchEvent(Component.java:4843)
2025-10-14 15:20:57,144 [ERROR] LogOutputStream:74 - [STDERR_REDIRECT] 	at java.desktop/java.awt.EventQueue.dispatchEventImpl(EventQueue.java:772)
2025-10-14 15:20:57,144 [ERROR] LogOutputStream:74 - [STDERR_REDIRECT] 	at java.desktop/java.awt.EventQueue$4.run(EventQueue.java:721)
2025-10-14 15:20:57,144 [ERROR] LogOutputStream:74 - [STDERR_REDIRECT] 	at java.desktop/java.awt.EventQueue$4.run(EventQueue.java:715)
2025-10-14 15:20:57,144 [ERROR] LogOutputStream:74 - [STDERR_REDIRECT] 	at java.base/java.security.AccessController.doPrivileged(Native Method)
2025-10-14 15:20:57,144 [ERROR] LogOutputStream:74 - [STDERR_REDIRECT] 	at java.base/java.security.ProtectionDomain$JavaSecurityAccessImpl.doIntersectionPrivilege(ProtectionDomain.java:85)
2025-10-14 15:20:57,144 [ERROR] LogOutputStream:74 - [STDERR_REDIRECT] 	at java.base/java.security.ProtectionDomain$JavaSecurityAccessImpl.doIntersectionPrivilege(ProtectionDomain.java:95)
2025-10-14 15:20:57,144 [ERROR] LogOutputStream:74 - [STDERR_REDIRECT] 	at java.desktop/java.awt.EventQueue$5.run(EventQueue.java:745)
2025-10-14 15:20:57,144 [ERROR] LogOutputStream:74 - [STDERR_REDIRECT] 	at java.desktop/java.awt.EventQueue$5.run(EventQueue.java:743)
2025-10-14 15:20:57,145 [ERROR] LogOutputStream:74 - [STDERR_REDIRECT] 	at java.base/java.security.AccessController.doPrivileged(Native Method)
2025-10-14 15:20:57,145 [ERROR] LogOutputStream:74 - [STDERR_REDIRECT] 	at java.base/java.security.ProtectionDomain$JavaSecurityAccessImpl.doIntersectionPrivilege(ProtectionDomain.java:85)
2025-10-14 15:20:57,145 [ERROR] LogOutputStream:74 - [STDERR_REDIRECT] 	at java.desktop/java.awt.EventQueue.dispatchEvent(EventQueue.java:742)
2025-10-14 15:20:57,145 [ERROR] LogOutputStream:74 - [STDERR_REDIRECT] 	at java.desktop/java.awt.EventDispatchThread.pumpOneEventForFilters(EventDispatchThread.java:203)
2025-10-14 15:20:57,145 [ERROR] LogOutputStream:74 - [STDERR_REDIRECT] 	at java.desktop/java.awt.EventDispatchThread.pumpEventsForFilter(EventDispatchThread.java:124)
2025-10-14 15:20:57,145 [ERROR] LogOutputStream:74 - [STDERR_REDIRECT] 	at java.desktop/java.awt.EventDispatchThread.pumpEventsForHierarchy(EventDispatchThread.java:113)
2025-10-14 15:20:57,145 [ERROR] LogOutputStream:74 - [STDERR_REDIRECT] 	at java.desktop/java.awt.EventDispatchThread.pumpEvents(EventDispatchThread.java:109)
2025-10-14 15:20:57,145 [ERROR] LogOutputStream:74 - [STDERR_REDIRECT] 	at java.desktop/java.awt.EventDispatchThread.pumpEvents(EventDispatchThread.java:101)
2025-10-14 15:20:57,146 [ERROR] LogOutputStream:74 - [STDERR_REDIRECT] 	at java.desktop/java.awt.EventDispatchThread.run(EventDispatchThread.java:90)
2025-10-14 15:21:01,097 [ERROR] LogOutputStream:74 - [STDERR_REDIRECT] Exception in thread "AWT-EventQueue-0" java.lang.NullPointerException
2025-10-14 15:21:01,098 [ERROR] LogOutputStream:74 - [STDERR_REDIRECT] 	at com.st.microxplorer.plugins.ip.gpio.model.IPTab.checkGPIOMode(IPTab.java:270)
2025-10-14 15:21:01,098 [ERROR] LogOutputStream:74 - [STDERR_REDIRECT] 	at com.st.microxplorer.plugins.ip.gpio.model.IPTab.checkCommonPossibleValues(IPTab.java:252)
2025-10-14 15:21:01,098 [ERROR] LogOutputStream:74 - [STDERR_REDIRECT] 	at com.st.microxplorer.plugins.ip.gpio.gui.GpioTablePanel.propertyChange(GpioTablePanel.java:484)
2025-10-14 15:21:01,098 [ERROR] LogOutputStream:74 - [STDERR_REDIRECT] 	at java.desktop/java.beans.PropertyChangeSupport.fire(PropertyChangeSupport.java:341)
2025-10-14 15:21:01,098 [ERROR] LogOutputStream:74 - [STDERR_REDIRECT] 	at java.desktop/java.beans.PropertyChangeSupport.firePropertyChange(PropertyChangeSupport.java:333)
2025-10-14 15:21:01,098 [ERROR] LogOutputStream:74 - [STDERR_REDIRECT] 	at com.st.microxplorer.mxsystem.MxSystem.propertyChange(MxSystem.java:446)
2025-10-14 15:21:01,098 [ERROR] LogOutputStream:74 - [STDERR_REDIRECT] 	at java.desktop/java.beans.PropertyChangeSupport.fire(PropertyChangeSupport.java:341)
2025-10-14 15:21:01,098 [ERROR] LogOutputStream:74 - [STDERR_REDIRECT] 	at java.desktop/java.beans.PropertyChangeSupport.firePropertyChange(PropertyChangeSupport.java:333)
2025-10-14 15:21:01,099 [ERROR] LogOutputStream:74 - [STDERR_REDIRECT] 	at java.desktop/java.beans.PropertyChangeSupport.firePropertyChange(PropertyChangeSupport.java:266)
2025-10-14 15:21:01,099 [ERROR] LogOutputStream:74 - [STDERR_REDIRECT] 	at com.st.microxplorer.util.MXPropertyChangeSupport.firePropertyChange(MXPropertyChangeSupport.java:50)
2025-10-14 15:21:01,099 [ERROR] LogOutputStream:74 - [STDERR_REDIRECT] 	at com.st.microxplorer.mcu.Mcu.propertyChange(Mcu.java:1660)
2025-10-14 15:21:01,099 [ERROR] LogOutputStream:74 - [STDERR_REDIRECT] 	at java.desktop/java.beans.PropertyChangeSupport.fire(PropertyChangeSupport.java:341)
2025-10-14 15:21:01,099 [ERROR] LogOutputStream:74 - [STDERR_REDIRECT] 	at java.desktop/java.beans.PropertyChangeSupport.firePropertyChange(PropertyChangeSupport.java:333)
2025-10-14 15:21:01,099 [ERROR] LogOutputStream:74 - [STDERR_REDIRECT] 	at java.desktop/java.beans.PropertyChangeSupport.firePropertyChange(PropertyChangeSupport.java:266)
2025-10-14 15:21:01,099 [ERROR] LogOutputStream:74 - [STDERR_REDIRECT] 	at com.st.microxplorer.util.MXPropertyChangeSupport.firePropertyChange(MXPropertyChangeSupport.java:50)
2025-10-14 15:21:01,100 [ERROR] LogOutputStream:74 - [STDERR_REDIRECT] 	at com.st.microxplorer.mcu.Pin.setPinLabel(Pin.java:2078)
2025-10-14 15:21:01,100 [ERROR] LogOutputStream:74 - [STDERR_REDIRECT] 	at com.st.microxplorer.plugins.pinoutconfig.gui.PinOutPanel$InputLabel$2.focusLost(PinOutPanel.java:2151)
2025-10-14 15:21:01,100 [ERROR] LogOutputStream:74 - [STDERR_REDIRECT] 	at java.desktop/java.awt.AWTEventMulticaster.focusLost(AWTEventMulticaster.java:238)
2025-10-14 15:21:01,100 [ERROR] LogOutputStream:74 - [STDERR_REDIRECT] 	at java.desktop/java.awt.AWTEventMulticaster.focusLost(AWTEventMulticaster.java:237)
2025-10-14 15:21:01,100 [ERROR] LogOutputStream:74 - [STDERR_REDIRECT] 	at java.desktop/java.awt.AWTEventMulticaster.focusLost(AWTEventMulticaster.java:237)
2025-10-14 15:21:01,100 [ERROR] LogOutputStream:74 - [STDERR_REDIRECT] 	at java.desktop/java.awt.Component.processFocusEvent(Component.java:6527)
2025-10-14 15:21:01,100 [ERROR] LogOutputStream:74 - [STDERR_REDIRECT] 	at java.desktop/java.awt.Component.processEvent(Component.java:6391)
2025-10-14 15:21:01,100 [ERROR] LogOutputStream:74 - [STDERR_REDIRECT] 	at java.desktop/java.awt.Container.processEvent(Container.java:2263)
2025-10-14 15:21:01,101 [ERROR] LogOutputStream:74 - [STDERR_REDIRECT] 	at java.desktop/java.awt.Component.dispatchEventImpl(Component.java:5011)
2025-10-14 15:21:01,101 [ERROR] LogOutputStream:74 - [STDERR_REDIRECT] 	at java.desktop/java.awt.Container.dispatchEventImpl(Container.java:2321)
2025-10-14 15:21:01,101 [ERROR] LogOutputStream:74 - [STDERR_REDIRECT] 	at java.desktop/java.awt.Component.dispatchEvent(Component.java:4843)
2025-10-14 15:21:01,101 [ERROR] LogOutputStream:74 - [STDERR_REDIRECT] 	at java.desktop/java.awt.KeyboardFocusManager.redispatchEvent(KeyboardFocusManager.java:1950)
2025-10-14 15:21:01,101 [ERROR] LogOutputStream:74 - [STDERR_REDIRECT] 	at java.desktop/java.awt.DefaultKeyboardFocusManager.typeAheadAssertions(DefaultKeyboardFocusManager.java:1059)
2025-10-14 15:21:01,101 [ERROR] LogOutputStream:74 - [STDERR_REDIRECT] 	at java.desktop/java.awt.DefaultKeyboardFocusManager.dispatchEvent(DefaultKeyboardFocusManager.java:725)
2025-10-14 15:21:01,101 [ERROR] LogOutputStream:74 - [STDERR_REDIRECT] 	at java.desktop/java.awt.Component.dispatchEventImpl(Component.java:4892)
2025-10-14 15:21:01,101 [ERROR] LogOutputStream:74 - [STDERR_REDIRECT] 	at java.desktop/java.awt.Container.dispatchEventImpl(Container.java:2321)
2025-10-14 15:21:01,101 [ERROR] LogOutputStream:74 - [STDERR_REDIRECT] 	at java.desktop/java.awt.Component.dispatchEvent(Component.java:4843)
2025-10-14 15:21:01,102 [ERROR] LogOutputStream:74 - [STDERR_REDIRECT] 	at java.desktop/java.awt.EventQueue.dispatchEventImpl(EventQueue.java:772)
2025-10-14 15:21:01,102 [ERROR] LogOutputStream:74 - [STDERR_REDIRECT] 	at java.desktop/java.awt.EventQueue$4.run(EventQueue.java:721)
2025-10-14 15:21:01,102 [ERROR] LogOutputStream:74 - [STDERR_REDIRECT] 	at java.desktop/java.awt.EventQueue$4.run(EventQueue.java:715)
2025-10-14 15:21:01,102 [ERROR] LogOutputStream:74 - [STDERR_REDIRECT] 	at java.base/java.security.AccessController.doPrivileged(Native Method)
2025-10-14 15:21:01,102 [ERROR] LogOutputStream:74 - [STDERR_REDIRECT] 	at java.base/java.security.ProtectionDomain$JavaSecurityAccessImpl.doIntersectionPrivilege(ProtectionDomain.java:85)
2025-10-14 15:21:01,102 [ERROR] LogOutputStream:74 - [STDERR_REDIRECT] 	at java.base/java.security.ProtectionDomain$JavaSecurityAccessImpl.doIntersectionPrivilege(ProtectionDomain.java:95)
2025-10-14 15:21:01,102 [ERROR] LogOutputStream:74 - [STDERR_REDIRECT] 	at java.desktop/java.awt.EventQueue$5.run(EventQueue.java:745)
2025-10-14 15:21:01,102 [ERROR] LogOutputStream:74 - [STDERR_REDIRECT] 	at java.desktop/java.awt.EventQueue$5.run(EventQueue.java:743)
2025-10-14 15:21:01,102 [ERROR] LogOutputStream:74 - [STDERR_REDIRECT] 	at java.base/java.security.AccessController.doPrivileged(Native Method)
2025-10-14 15:21:01,103 [ERROR] LogOutputStream:74 - [STDERR_REDIRECT] 	at java.base/java.security.ProtectionDomain$JavaSecurityAccessImpl.doIntersectionPrivilege(ProtectionDomain.java:85)
2025-10-14 15:21:01,103 [ERROR] LogOutputStream:74 - [STDERR_REDIRECT] 	at java.desktop/java.awt.EventQueue.dispatchEvent(EventQueue.java:742)
2025-10-14 15:21:01,103 [ERROR] LogOutputStream:74 - [STDERR_REDIRECT] 	at java.desktop/java.awt.EventDispatchThread.pumpOneEventForFilters(EventDispatchThread.java:203)
2025-10-14 15:21:01,103 [ERROR] LogOutputStream:74 - [STDERR_REDIRECT] 	at java.desktop/java.awt.EventDispatchThread.pumpEventsForFilter(EventDispatchThread.java:124)
2025-10-14 15:21:01,103 [ERROR] LogOutputStream:74 - [STDERR_REDIRECT] 	at java.desktop/java.awt.EventDispatchThread.pumpEventsForHierarchy(EventDispatchThread.java:113)
2025-10-14 15:21:01,103 [ERROR] LogOutputStream:74 - [STDERR_REDIRECT] 	at java.desktop/java.awt.EventDispatchThread.pumpEvents(EventDispatchThread.java:109)
2025-10-14 15:21:01,103 [ERROR] LogOutputStream:74 - [STDERR_REDIRECT] 	at java.desktop/java.awt.EventDispatchThread.pumpEvents(EventDispatchThread.java:101)
2025-10-14 15:21:01,103 [ERROR] LogOutputStream:74 - [STDERR_REDIRECT] 	at java.desktop/java.awt.EventDispatchThread.run(EventDispatchThread.java:90)
2025-10-14 15:21:03,630 [INFO] Gpio:254 - dependency for GPIO []
2025-10-14 15:21:07,452 [ERROR] LogOutputStream:74 - [STDERR_REDIRECT] Exception in thread "AWT-EventQueue-0" java.lang.NullPointerException
2025-10-14 15:21:07,453 [ERROR] LogOutputStream:74 - [STDERR_REDIRECT] 	at com.st.microxplorer.plugins.ip.gpio.model.IPTab.checkGPIOMode(IPTab.java:270)
2025-10-14 15:21:07,453 [ERROR] LogOutputStream:74 - [STDERR_REDIRECT] 	at com.st.microxplorer.plugins.ip.gpio.model.IPTab.checkCommonPossibleValues(IPTab.java:252)
2025-10-14 15:21:07,453 [ERROR] LogOutputStream:74 - [STDERR_REDIRECT] 	at com.st.microxplorer.plugins.ip.gpio.gui.GpioTablePanel.propertyChange(GpioTablePanel.java:484)
2025-10-14 15:21:07,453 [ERROR] LogOutputStream:74 - [STDERR_REDIRECT] 	at java.desktop/java.beans.PropertyChangeSupport.fire(PropertyChangeSupport.java:341)
2025-10-14 15:21:07,453 [ERROR] LogOutputStream:74 - [STDERR_REDIRECT] 	at java.desktop/java.beans.PropertyChangeSupport.firePropertyChange(PropertyChangeSupport.java:333)
2025-10-14 15:21:07,453 [ERROR] LogOutputStream:74 - [STDERR_REDIRECT] 	at com.st.microxplorer.mxsystem.MxSystem.propertyChange(MxSystem.java:446)
2025-10-14 15:21:07,453 [ERROR] LogOutputStream:74 - [STDERR_REDIRECT] 	at java.desktop/java.beans.PropertyChangeSupport.fire(PropertyChangeSupport.java:341)
2025-10-14 15:21:07,454 [ERROR] LogOutputStream:74 - [STDERR_REDIRECT] 	at java.desktop/java.beans.PropertyChangeSupport.firePropertyChange(PropertyChangeSupport.java:333)
2025-10-14 15:21:07,454 [ERROR] LogOutputStream:74 - [STDERR_REDIRECT] 	at java.desktop/java.beans.PropertyChangeSupport.firePropertyChange(PropertyChangeSupport.java:266)
2025-10-14 15:21:07,454 [ERROR] LogOutputStream:74 - [STDERR_REDIRECT] 	at com.st.microxplorer.util.MXPropertyChangeSupport.firePropertyChange(MXPropertyChangeSupport.java:50)
2025-10-14 15:21:07,454 [ERROR] LogOutputStream:74 - [STDERR_REDIRECT] 	at com.st.microxplorer.mcu.Mcu.propertyChange(Mcu.java:1660)
2025-10-14 15:21:07,454 [ERROR] LogOutputStream:74 - [STDERR_REDIRECT] 	at java.desktop/java.beans.PropertyChangeSupport.fire(PropertyChangeSupport.java:341)
2025-10-14 15:21:07,454 [ERROR] LogOutputStream:74 - [STDERR_REDIRECT] 	at java.desktop/java.beans.PropertyChangeSupport.firePropertyChange(PropertyChangeSupport.java:333)
2025-10-14 15:21:07,454 [ERROR] LogOutputStream:74 - [STDERR_REDIRECT] 	at java.desktop/java.beans.PropertyChangeSupport.firePropertyChange(PropertyChangeSupport.java:266)
2025-10-14 15:21:07,454 [ERROR] LogOutputStream:74 - [STDERR_REDIRECT] 	at com.st.microxplorer.util.MXPropertyChangeSupport.firePropertyChange(MXPropertyChangeSupport.java:50)
2025-10-14 15:21:07,454 [ERROR] LogOutputStream:74 - [STDERR_REDIRECT] 	at com.st.microxplorer.mcu.Pin.setPinLabel(Pin.java:2078)
2025-10-14 15:21:07,455 [ERROR] LogOutputStream:74 - [STDERR_REDIRECT] 	at com.st.microxplorer.plugins.pinoutconfig.gui.PinOutPanel$InputLabel$2.focusLost(PinOutPanel.java:2151)
2025-10-14 15:21:07,455 [ERROR] LogOutputStream:74 - [STDERR_REDIRECT] 	at java.desktop/java.awt.AWTEventMulticaster.focusLost(AWTEventMulticaster.java:238)
2025-10-14 15:21:07,455 [ERROR] LogOutputStream:74 - [STDERR_REDIRECT] 	at java.desktop/java.awt.AWTEventMulticaster.focusLost(AWTEventMulticaster.java:237)
2025-10-14 15:21:07,455 [ERROR] LogOutputStream:74 - [STDERR_REDIRECT] 	at java.desktop/java.awt.AWTEventMulticaster.focusLost(AWTEventMulticaster.java:237)
2025-10-14 15:21:07,455 [ERROR] LogOutputStream:74 - [STDERR_REDIRECT] 	at java.desktop/java.awt.Component.processFocusEvent(Component.java:6527)
2025-10-14 15:21:07,455 [ERROR] LogOutputStream:74 - [STDERR_REDIRECT] 	at java.desktop/java.awt.Component.processEvent(Component.java:6391)
2025-10-14 15:21:07,455 [ERROR] LogOutputStream:74 - [STDERR_REDIRECT] 	at java.desktop/java.awt.Container.processEvent(Container.java:2263)
2025-10-14 15:21:07,455 [ERROR] LogOutputStream:74 - [STDERR_REDIRECT] 	at java.desktop/java.awt.Component.dispatchEventImpl(Component.java:5011)
2025-10-14 15:21:07,455 [ERROR] LogOutputStream:74 - [STDERR_REDIRECT] 	at java.desktop/java.awt.Container.dispatchEventImpl(Container.java:2321)
2025-10-14 15:21:07,456 [ERROR] LogOutputStream:74 - [STDERR_REDIRECT] 	at java.desktop/java.awt.Component.dispatchEvent(Component.java:4843)
2025-10-14 15:21:07,456 [ERROR] LogOutputStream:74 - [STDERR_REDIRECT] 	at java.desktop/java.awt.KeyboardFocusManager.redispatchEvent(KeyboardFocusManager.java:1950)
2025-10-14 15:21:07,456 [ERROR] LogOutputStream:74 - [STDERR_REDIRECT] 	at java.desktop/java.awt.DefaultKeyboardFocusManager.typeAheadAssertions(DefaultKeyboardFocusManager.java:1059)
2025-10-14 15:21:07,456 [ERROR] LogOutputStream:74 - [STDERR_REDIRECT] 	at java.desktop/java.awt.DefaultKeyboardFocusManager.dispatchEvent(DefaultKeyboardFocusManager.java:725)
2025-10-14 15:21:07,456 [ERROR] LogOutputStream:74 - [STDERR_REDIRECT] 	at java.desktop/java.awt.Component.dispatchEventImpl(Component.java:4892)
2025-10-14 15:21:07,456 [ERROR] LogOutputStream:74 - [STDERR_REDIRECT] 	at java.desktop/java.awt.Container.dispatchEventImpl(Container.java:2321)
2025-10-14 15:21:07,456 [ERROR] LogOutputStream:74 - [STDERR_REDIRECT] 	at java.desktop/java.awt.Component.dispatchEvent(Component.java:4843)
2025-10-14 15:21:07,456 [ERROR] LogOutputStream:74 - [STDERR_REDIRECT] 	at java.desktop/java.awt.EventQueue.dispatchEventImpl(EventQueue.java:772)
2025-10-14 15:21:07,456 [ERROR] LogOutputStream:74 - [STDERR_REDIRECT] 	at java.desktop/java.awt.EventQueue$4.run(EventQueue.java:721)
2025-10-14 15:21:07,457 [ERROR] LogOutputStream:74 - [STDERR_REDIRECT] 	at java.desktop/java.awt.EventQueue$4.run(EventQueue.java:715)
2025-10-14 15:21:07,457 [ERROR] LogOutputStream:74 - [STDERR_REDIRECT] 	at java.base/java.security.AccessController.doPrivileged(Native Method)
2025-10-14 15:21:07,457 [ERROR] LogOutputStream:74 - [STDERR_REDIRECT] 	at java.base/java.security.ProtectionDomain$JavaSecurityAccessImpl.doIntersectionPrivilege(ProtectionDomain.java:85)
2025-10-14 15:21:07,457 [ERROR] LogOutputStream:74 - [STDERR_REDIRECT] 	at java.base/java.security.ProtectionDomain$JavaSecurityAccessImpl.doIntersectionPrivilege(ProtectionDomain.java:95)
2025-10-14 15:21:07,457 [ERROR] LogOutputStream:74 - [STDERR_REDIRECT] 	at java.desktop/java.awt.EventQueue$5.run(EventQueue.java:745)
2025-10-14 15:21:07,457 [ERROR] LogOutputStream:74 - [STDERR_REDIRECT] 	at java.desktop/java.awt.EventQueue$5.run(EventQueue.java:743)
2025-10-14 15:21:07,457 [ERROR] LogOutputStream:74 - [STDERR_REDIRECT] 	at java.base/java.security.AccessController.doPrivileged(Native Method)
2025-10-14 15:21:07,457 [ERROR] LogOutputStream:74 - [STDERR_REDIRECT] 	at java.base/java.security.ProtectionDomain$JavaSecurityAccessImpl.doIntersectionPrivilege(ProtectionDomain.java:85)
2025-10-14 15:21:07,457 [ERROR] LogOutputStream:74 - [STDERR_REDIRECT] 	at java.desktop/java.awt.EventQueue.dispatchEvent(EventQueue.java:742)
2025-10-14 15:21:07,458 [ERROR] LogOutputStream:74 - [STDERR_REDIRECT] 	at java.desktop/java.awt.EventDispatchThread.pumpOneEventForFilters(EventDispatchThread.java:203)
2025-10-14 15:21:07,458 [ERROR] LogOutputStream:74 - [STDERR_REDIRECT] 	at java.desktop/java.awt.EventDispatchThread.pumpEventsForFilter(EventDispatchThread.java:124)
2025-10-14 15:21:07,458 [ERROR] LogOutputStream:74 - [STDERR_REDIRECT] 	at java.desktop/java.awt.EventDispatchThread.pumpEventsForHierarchy(EventDispatchThread.java:113)
2025-10-14 15:21:07,458 [ERROR] LogOutputStream:74 - [STDERR_REDIRECT] 	at java.desktop/java.awt.EventDispatchThread.pumpEvents(EventDispatchThread.java:109)
2025-10-14 15:21:07,458 [ERROR] LogOutputStream:74 - [STDERR_REDIRECT] 	at java.desktop/java.awt.EventDispatchThread.pumpEvents(EventDispatchThread.java:101)
2025-10-14 15:21:07,458 [ERROR] LogOutputStream:74 - [STDERR_REDIRECT] 	at java.desktop/java.awt.EventDispatchThread.run(EventDispatchThread.java:90)
2025-10-14 15:21:31,759 [INFO] Gpio:254 - dependency for GPIO []
2025-10-14 15:21:33,949 [INFO] Gpio:254 - dependency for GPIO []
2025-10-14 15:21:36,037 [INFO] Gpio:254 - dependency for GPIO []
2025-10-14 15:21:40,296 [ERROR] LogOutputStream:74 - [STDERR_REDIRECT] Exception in thread "AWT-EventQueue-0" java.lang.NullPointerException
2025-10-14 15:21:40,297 [ERROR] LogOutputStream:74 - [STDERR_REDIRECT] 	at com.st.microxplorer.plugins.ip.gpio.model.IPTab.checkGPIOMode(IPTab.java:270)
2025-10-14 15:21:40,297 [ERROR] LogOutputStream:74 - [STDERR_REDIRECT] 	at com.st.microxplorer.plugins.ip.gpio.model.IPTab.checkCommonPossibleValues(IPTab.java:252)
2025-10-14 15:21:40,297 [ERROR] LogOutputStream:74 - [STDERR_REDIRECT] 	at com.st.microxplorer.plugins.ip.gpio.gui.GpioTablePanel.propertyChange(GpioTablePanel.java:484)
2025-10-14 15:21:40,297 [ERROR] LogOutputStream:74 - [STDERR_REDIRECT] 	at java.desktop/java.beans.PropertyChangeSupport.fire(PropertyChangeSupport.java:341)
2025-10-14 15:21:40,297 [ERROR] LogOutputStream:74 - [STDERR_REDIRECT] 	at java.desktop/java.beans.PropertyChangeSupport.firePropertyChange(PropertyChangeSupport.java:333)
2025-10-14 15:21:40,297 [ERROR] LogOutputStream:74 - [STDERR_REDIRECT] 	at com.st.microxplorer.mxsystem.MxSystem.propertyChange(MxSystem.java:446)
2025-10-14 15:21:40,297 [ERROR] LogOutputStream:74 - [STDERR_REDIRECT] 	at java.desktop/java.beans.PropertyChangeSupport.fire(PropertyChangeSupport.java:341)
2025-10-14 15:21:40,298 [ERROR] LogOutputStream:74 - [STDERR_REDIRECT] 	at java.desktop/java.beans.PropertyChangeSupport.firePropertyChange(PropertyChangeSupport.java:333)
2025-10-14 15:21:40,298 [ERROR] LogOutputStream:74 - [STDERR_REDIRECT] 	at java.desktop/java.beans.PropertyChangeSupport.firePropertyChange(PropertyChangeSupport.java:266)
2025-10-14 15:21:40,298 [ERROR] LogOutputStream:74 - [STDERR_REDIRECT] 	at com.st.microxplorer.util.MXPropertyChangeSupport.firePropertyChange(MXPropertyChangeSupport.java:50)
2025-10-14 15:21:40,298 [ERROR] LogOutputStream:74 - [STDERR_REDIRECT] 	at com.st.microxplorer.mcu.Mcu.propertyChange(Mcu.java:1660)
2025-10-14 15:21:40,298 [ERROR] LogOutputStream:74 - [STDERR_REDIRECT] 	at java.desktop/java.beans.PropertyChangeSupport.fire(PropertyChangeSupport.java:341)
2025-10-14 15:21:40,298 [ERROR] LogOutputStream:74 - [STDERR_REDIRECT] 	at java.desktop/java.beans.PropertyChangeSupport.firePropertyChange(PropertyChangeSupport.java:333)
2025-10-14 15:21:40,298 [ERROR] LogOutputStream:74 - [STDERR_REDIRECT] 	at java.desktop/java.beans.PropertyChangeSupport.firePropertyChange(PropertyChangeSupport.java:266)
2025-10-14 15:21:40,298 [ERROR] LogOutputStream:74 - [STDERR_REDIRECT] 	at com.st.microxplorer.util.MXPropertyChangeSupport.firePropertyChange(MXPropertyChangeSupport.java:50)
2025-10-14 15:21:40,298 [ERROR] LogOutputStream:74 - [STDERR_REDIRECT] 	at com.st.microxplorer.mcu.Pin.setPinLabel(Pin.java:2078)
2025-10-14 15:21:40,299 [ERROR] LogOutputStream:74 - [STDERR_REDIRECT] 	at com.st.microxplorer.plugins.pinoutconfig.gui.PinOutPanel$InputLabel$2.focusLost(PinOutPanel.java:2151)
2025-10-14 15:21:40,299 [ERROR] LogOutputStream:74 - [STDERR_REDIRECT] 	at java.desktop/java.awt.AWTEventMulticaster.focusLost(AWTEventMulticaster.java:238)
2025-10-14 15:21:40,299 [ERROR] LogOutputStream:74 - [STDERR_REDIRECT] 	at java.desktop/java.awt.AWTEventMulticaster.focusLost(AWTEventMulticaster.java:237)
2025-10-14 15:21:40,299 [ERROR] LogOutputStream:74 - [STDERR_REDIRECT] 	at java.desktop/java.awt.AWTEventMulticaster.focusLost(AWTEventMulticaster.java:237)
2025-10-14 15:21:40,299 [ERROR] LogOutputStream:74 - [STDERR_REDIRECT] 	at java.desktop/java.awt.Component.processFocusEvent(Component.java:6527)
2025-10-14 15:21:40,299 [ERROR] LogOutputStream:74 - [STDERR_REDIRECT] 	at java.desktop/java.awt.Component.processEvent(Component.java:6391)
2025-10-14 15:21:40,299 [ERROR] LogOutputStream:74 - [STDERR_REDIRECT] 	at java.desktop/java.awt.Container.processEvent(Container.java:2263)
2025-10-14 15:21:40,299 [ERROR] LogOutputStream:74 - [STDERR_REDIRECT] 	at java.desktop/java.awt.Component.dispatchEventImpl(Component.java:5011)
2025-10-14 15:21:40,299 [ERROR] LogOutputStream:74 - [STDERR_REDIRECT] 	at java.desktop/java.awt.Container.dispatchEventImpl(Container.java:2321)
2025-10-14 15:21:40,300 [ERROR] LogOutputStream:74 - [STDERR_REDIRECT] 	at java.desktop/java.awt.Component.dispatchEvent(Component.java:4843)
2025-10-14 15:21:40,300 [ERROR] LogOutputStream:74 - [STDERR_REDIRECT] 	at java.desktop/java.awt.KeyboardFocusManager.redispatchEvent(KeyboardFocusManager.java:1950)
2025-10-14 15:21:40,300 [ERROR] LogOutputStream:74 - [STDERR_REDIRECT] 	at java.desktop/java.awt.DefaultKeyboardFocusManager.typeAheadAssertions(DefaultKeyboardFocusManager.java:1059)
2025-10-14 15:21:40,300 [ERROR] LogOutputStream:74 - [STDERR_REDIRECT] 	at java.desktop/java.awt.DefaultKeyboardFocusManager.dispatchEvent(DefaultKeyboardFocusManager.java:725)
2025-10-14 15:21:40,300 [ERROR] LogOutputStream:74 - [STDERR_REDIRECT] 	at java.desktop/java.awt.Component.dispatchEventImpl(Component.java:4892)
2025-10-14 15:21:40,300 [ERROR] LogOutputStream:74 - [STDERR_REDIRECT] 	at java.desktop/java.awt.Container.dispatchEventImpl(Container.java:2321)
2025-10-14 15:21:40,300 [ERROR] LogOutputStream:74 - [STDERR_REDIRECT] 	at java.desktop/java.awt.Component.dispatchEvent(Component.java:4843)
2025-10-14 15:21:40,300 [ERROR] LogOutputStream:74 - [STDERR_REDIRECT] 	at java.desktop/java.awt.EventQueue.dispatchEventImpl(EventQueue.java:772)
2025-10-14 15:21:40,300 [ERROR] LogOutputStream:74 - [STDERR_REDIRECT] 	at java.desktop/java.awt.EventQueue$4.run(EventQueue.java:721)
2025-10-14 15:21:40,301 [ERROR] LogOutputStream:74 - [STDERR_REDIRECT] 	at java.desktop/java.awt.EventQueue$4.run(EventQueue.java:715)
2025-10-14 15:21:40,301 [ERROR] LogOutputStream:74 - [STDERR_REDIRECT] 	at java.base/java.security.AccessController.doPrivileged(Native Method)
2025-10-14 15:21:40,301 [ERROR] LogOutputStream:74 - [STDERR_REDIRECT] 	at java.base/java.security.ProtectionDomain$JavaSecurityAccessImpl.doIntersectionPrivilege(ProtectionDomain.java:85)
2025-10-14 15:21:40,301 [ERROR] LogOutputStream:74 - [STDERR_REDIRECT] 	at java.base/java.security.ProtectionDomain$JavaSecurityAccessImpl.doIntersectionPrivilege(ProtectionDomain.java:95)
2025-10-14 15:21:40,301 [ERROR] LogOutputStream:74 - [STDERR_REDIRECT] 	at java.desktop/java.awt.EventQueue$5.run(EventQueue.java:745)
2025-10-14 15:21:40,301 [ERROR] LogOutputStream:74 - [STDERR_REDIRECT] 	at java.desktop/java.awt.EventQueue$5.run(EventQueue.java:743)
2025-10-14 15:21:40,301 [ERROR] LogOutputStream:74 - [STDERR_REDIRECT] 	at java.base/java.security.AccessController.doPrivileged(Native Method)
2025-10-14 15:21:40,301 [ERROR] LogOutputStream:74 - [STDERR_REDIRECT] 	at java.base/java.security.ProtectionDomain$JavaSecurityAccessImpl.doIntersectionPrivilege(ProtectionDomain.java:85)
2025-10-14 15:21:40,301 [ERROR] LogOutputStream:74 - [STDERR_REDIRECT] 	at java.desktop/java.awt.EventQueue.dispatchEvent(EventQueue.java:742)
2025-10-14 15:21:40,302 [ERROR] LogOutputStream:74 - [STDERR_REDIRECT] 	at java.desktop/java.awt.EventDispatchThread.pumpOneEventForFilters(EventDispatchThread.java:203)
2025-10-14 15:21:40,302 [ERROR] LogOutputStream:74 - [STDERR_REDIRECT] 	at java.desktop/java.awt.EventDispatchThread.pumpEventsForFilter(EventDispatchThread.java:124)
2025-10-14 15:21:40,302 [ERROR] LogOutputStream:74 - [STDERR_REDIRECT] 	at java.desktop/java.awt.EventDispatchThread.pumpEventsForHierarchy(EventDispatchThread.java:113)
2025-10-14 15:21:40,302 [ERROR] LogOutputStream:74 - [STDERR_REDIRECT] 	at java.desktop/java.awt.EventDispatchThread.pumpEvents(EventDispatchThread.java:109)
2025-10-14 15:21:40,302 [ERROR] LogOutputStream:74 - [STDERR_REDIRECT] 	at java.desktop/java.awt.EventDispatchThread.pumpEvents(EventDispatchThread.java:101)
2025-10-14 15:21:40,302 [ERROR] LogOutputStream:74 - [STDERR_REDIRECT] 	at java.desktop/java.awt.EventDispatchThread.run(EventDispatchThread.java:90)
2025-10-14 15:21:43,441 [ERROR] LogOutputStream:74 - [STDERR_REDIRECT] Exception in thread "AWT-EventQueue-0" java.lang.NullPointerException
2025-10-14 15:21:43,441 [ERROR] LogOutputStream:74 - [STDERR_REDIRECT] 	at com.st.microxplorer.plugins.ip.gpio.model.IPTab.checkGPIOMode(IPTab.java:270)
2025-10-14 15:21:43,441 [ERROR] LogOutputStream:74 - [STDERR_REDIRECT] 	at com.st.microxplorer.plugins.ip.gpio.model.IPTab.checkCommonPossibleValues(IPTab.java:252)
2025-10-14 15:21:43,441 [ERROR] LogOutputStream:74 - [STDERR_REDIRECT] 	at com.st.microxplorer.plugins.ip.gpio.gui.GpioTablePanel.propertyChange(GpioTablePanel.java:484)
2025-10-14 15:21:43,441 [ERROR] LogOutputStream:74 - [STDERR_REDIRECT] 	at java.desktop/java.beans.PropertyChangeSupport.fire(PropertyChangeSupport.java:341)
2025-10-14 15:21:43,441 [ERROR] LogOutputStream:74 - [STDERR_REDIRECT] 	at java.desktop/java.beans.PropertyChangeSupport.firePropertyChange(PropertyChangeSupport.java:333)
2025-10-14 15:21:43,441 [ERROR] LogOutputStream:74 - [STDERR_REDIRECT] 	at com.st.microxplorer.mxsystem.MxSystem.propertyChange(MxSystem.java:446)
2025-10-14 15:21:43,442 [ERROR] LogOutputStream:74 - [STDERR_REDIRECT] 	at java.desktop/java.beans.PropertyChangeSupport.fire(PropertyChangeSupport.java:341)
2025-10-14 15:21:43,442 [ERROR] LogOutputStream:74 - [STDERR_REDIRECT] 	at java.desktop/java.beans.PropertyChangeSupport.firePropertyChange(PropertyChangeSupport.java:333)
2025-10-14 15:21:43,442 [ERROR] LogOutputStream:74 - [STDERR_REDIRECT] 	at java.desktop/java.beans.PropertyChangeSupport.firePropertyChange(PropertyChangeSupport.java:266)
2025-10-14 15:21:43,442 [ERROR] LogOutputStream:74 - [STDERR_REDIRECT] 	at com.st.microxplorer.util.MXPropertyChangeSupport.firePropertyChange(MXPropertyChangeSupport.java:50)
2025-10-14 15:21:43,442 [ERROR] LogOutputStream:74 - [STDERR_REDIRECT] 	at com.st.microxplorer.mcu.Mcu.propertyChange(Mcu.java:1660)
2025-10-14 15:21:43,442 [ERROR] LogOutputStream:74 - [STDERR_REDIRECT] 	at java.desktop/java.beans.PropertyChangeSupport.fire(PropertyChangeSupport.java:341)
2025-10-14 15:21:43,442 [ERROR] LogOutputStream:74 - [STDERR_REDIRECT] 	at java.desktop/java.beans.PropertyChangeSupport.firePropertyChange(PropertyChangeSupport.java:333)
2025-10-14 15:21:43,442 [ERROR] LogOutputStream:74 - [STDERR_REDIRECT] 	at java.desktop/java.beans.PropertyChangeSupport.firePropertyChange(PropertyChangeSupport.java:266)
2025-10-14 15:21:43,442 [ERROR] LogOutputStream:74 - [STDERR_REDIRECT] 	at com.st.microxplorer.util.MXPropertyChangeSupport.firePropertyChange(MXPropertyChangeSupport.java:50)
2025-10-14 15:21:43,443 [ERROR] LogOutputStream:74 - [STDERR_REDIRECT] 	at com.st.microxplorer.mcu.Pin.setPinLabel(Pin.java:2078)
2025-10-14 15:21:43,443 [ERROR] LogOutputStream:74 - [STDERR_REDIRECT] 	at com.st.microxplorer.plugins.pinoutconfig.gui.PinOutPanel$InputLabel$2.focusLost(PinOutPanel.java:2151)
2025-10-14 15:21:43,443 [ERROR] LogOutputStream:74 - [STDERR_REDIRECT] 	at java.desktop/java.awt.AWTEventMulticaster.focusLost(AWTEventMulticaster.java:238)
2025-10-14 15:21:43,443 [ERROR] LogOutputStream:74 - [STDERR_REDIRECT] 	at java.desktop/java.awt.AWTEventMulticaster.focusLost(AWTEventMulticaster.java:237)
2025-10-14 15:21:43,443 [ERROR] LogOutputStream:74 - [STDERR_REDIRECT] 	at java.desktop/java.awt.AWTEventMulticaster.focusLost(AWTEventMulticaster.java:237)
2025-10-14 15:21:43,443 [ERROR] LogOutputStream:74 - [STDERR_REDIRECT] 	at java.desktop/java.awt.Component.processFocusEvent(Component.java:6527)
2025-10-14 15:21:43,443 [ERROR] LogOutputStream:74 - [STDERR_REDIRECT] 	at java.desktop/java.awt.Component.processEvent(Component.java:6391)
2025-10-14 15:21:43,443 [ERROR] LogOutputStream:74 - [STDERR_REDIRECT] 	at java.desktop/java.awt.Container.processEvent(Container.java:2263)
2025-10-14 15:21:43,443 [ERROR] LogOutputStream:74 - [STDERR_REDIRECT] 	at java.desktop/java.awt.Component.dispatchEventImpl(Component.java:5011)
2025-10-14 15:21:43,444 [ERROR] LogOutputStream:74 - [STDERR_REDIRECT] 	at java.desktop/java.awt.Container.dispatchEventImpl(Container.java:2321)
2025-10-14 15:21:43,444 [ERROR] LogOutputStream:74 - [STDERR_REDIRECT] 	at java.desktop/java.awt.Component.dispatchEvent(Component.java:4843)
2025-10-14 15:21:43,444 [ERROR] LogOutputStream:74 - [STDERR_REDIRECT] 	at java.desktop/java.awt.KeyboardFocusManager.redispatchEvent(KeyboardFocusManager.java:1950)
2025-10-14 15:21:43,444 [ERROR] LogOutputStream:74 - [STDERR_REDIRECT] 	at java.desktop/java.awt.DefaultKeyboardFocusManager.typeAheadAssertions(DefaultKeyboardFocusManager.java:1059)
2025-10-14 15:21:43,444 [ERROR] LogOutputStream:74 - [STDERR_REDIRECT] 	at java.desktop/java.awt.DefaultKeyboardFocusManager.dispatchEvent(DefaultKeyboardFocusManager.java:725)
2025-10-14 15:21:43,444 [ERROR] LogOutputStream:74 - [STDERR_REDIRECT] 	at java.desktop/java.awt.Component.dispatchEventImpl(Component.java:4892)
2025-10-14 15:21:43,444 [ERROR] LogOutputStream:74 - [STDERR_REDIRECT] 	at java.desktop/java.awt.Container.dispatchEventImpl(Container.java:2321)
2025-10-14 15:21:43,444 [ERROR] LogOutputStream:74 - [STDERR_REDIRECT] 	at java.desktop/java.awt.Component.dispatchEvent(Component.java:4843)
2025-10-14 15:21:43,445 [ERROR] LogOutputStream:74 - [STDERR_REDIRECT] 	at java.desktop/java.awt.EventQueue.dispatchEventImpl(EventQueue.java:772)
2025-10-14 15:21:43,445 [ERROR] LogOutputStream:74 - [STDERR_REDIRECT] 	at java.desktop/java.awt.EventQueue$4.run(EventQueue.java:721)
2025-10-14 15:21:43,445 [ERROR] LogOutputStream:74 - [STDERR_REDIRECT] 	at java.desktop/java.awt.EventQueue$4.run(EventQueue.java:715)
2025-10-14 15:21:43,445 [ERROR] LogOutputStream:74 - [STDERR_REDIRECT] 	at java.base/java.security.AccessController.doPrivileged(Native Method)
2025-10-14 15:21:43,445 [ERROR] LogOutputStream:74 - [STDERR_REDIRECT] 	at java.base/java.security.ProtectionDomain$JavaSecurityAccessImpl.doIntersectionPrivilege(ProtectionDomain.java:85)
2025-10-14 15:21:43,445 [ERROR] LogOutputStream:74 - [STDERR_REDIRECT] 	at java.base/java.security.ProtectionDomain$JavaSecurityAccessImpl.doIntersectionPrivilege(ProtectionDomain.java:95)
2025-10-14 15:21:43,446 [ERROR] LogOutputStream:74 - [STDERR_REDIRECT] 	at java.desktop/java.awt.EventQueue$5.run(EventQueue.java:745)
2025-10-14 15:21:43,446 [ERROR] LogOutputStream:74 - [STDERR_REDIRECT] 	at java.desktop/java.awt.EventQueue$5.run(EventQueue.java:743)
2025-10-14 15:21:43,446 [ERROR] LogOutputStream:74 - [STDERR_REDIRECT] 	at java.base/java.security.AccessController.doPrivileged(Native Method)
2025-10-14 15:21:43,446 [ERROR] LogOutputStream:74 - [STDERR_REDIRECT] 	at java.base/java.security.ProtectionDomain$JavaSecurityAccessImpl.doIntersectionPrivilege(ProtectionDomain.java:85)
2025-10-14 15:21:43,446 [ERROR] LogOutputStream:74 - [STDERR_REDIRECT] 	at java.desktop/java.awt.EventQueue.dispatchEvent(EventQueue.java:742)
2025-10-14 15:21:43,446 [ERROR] LogOutputStream:74 - [STDERR_REDIRECT] 	at java.desktop/java.awt.EventDispatchThread.pumpOneEventForFilters(EventDispatchThread.java:203)
2025-10-14 15:21:43,446 [ERROR] LogOutputStream:74 - [STDERR_REDIRECT] 	at java.desktop/java.awt.EventDispatchThread.pumpEventsForFilter(EventDispatchThread.java:124)
2025-10-14 15:21:43,447 [ERROR] LogOutputStream:74 - [STDERR_REDIRECT] 	at java.desktop/java.awt.EventDispatchThread.pumpEventsForHierarchy(EventDispatchThread.java:113)
2025-10-14 15:21:43,447 [ERROR] LogOutputStream:74 - [STDERR_REDIRECT] 	at java.desktop/java.awt.EventDispatchThread.pumpEvents(EventDispatchThread.java:109)
2025-10-14 15:21:43,447 [ERROR] LogOutputStream:74 - [STDERR_REDIRECT] 	at java.desktop/java.awt.EventDispatchThread.pumpEvents(EventDispatchThread.java:101)
2025-10-14 15:21:43,447 [ERROR] LogOutputStream:74 - [STDERR_REDIRECT] 	at java.desktop/java.awt.EventDispatchThread.run(EventDispatchThread.java:90)
2025-10-14 15:21:46,580 [ERROR] LogOutputStream:74 - [STDERR_REDIRECT] Exception in thread "AWT-EventQueue-0" java.lang.NullPointerException
2025-10-14 15:21:46,580 [ERROR] LogOutputStream:74 - [STDERR_REDIRECT] 	at com.st.microxplorer.plugins.ip.gpio.model.IPTab.checkGPIOMode(IPTab.java:270)
2025-10-14 15:21:46,580 [ERROR] LogOutputStream:74 - [STDERR_REDIRECT] 	at com.st.microxplorer.plugins.ip.gpio.model.IPTab.checkCommonPossibleValues(IPTab.java:252)
2025-10-14 15:21:46,580 [ERROR] LogOutputStream:74 - [STDERR_REDIRECT] 	at com.st.microxplorer.plugins.ip.gpio.gui.GpioTablePanel.propertyChange(GpioTablePanel.java:484)
2025-10-14 15:21:46,580 [ERROR] LogOutputStream:74 - [STDERR_REDIRECT] 	at java.desktop/java.beans.PropertyChangeSupport.fire(PropertyChangeSupport.java:341)
2025-10-14 15:21:46,581 [ERROR] LogOutputStream:74 - [STDERR_REDIRECT] 	at java.desktop/java.beans.PropertyChangeSupport.firePropertyChange(PropertyChangeSupport.java:333)
2025-10-14 15:21:46,581 [ERROR] LogOutputStream:74 - [STDERR_REDIRECT] 	at com.st.microxplorer.mxsystem.MxSystem.propertyChange(MxSystem.java:446)
2025-10-14 15:21:46,581 [ERROR] LogOutputStream:74 - [STDERR_REDIRECT] 	at java.desktop/java.beans.PropertyChangeSupport.fire(PropertyChangeSupport.java:341)
2025-10-14 15:21:46,581 [ERROR] LogOutputStream:74 - [STDERR_REDIRECT] 	at java.desktop/java.beans.PropertyChangeSupport.firePropertyChange(PropertyChangeSupport.java:333)
2025-10-14 15:21:46,581 [ERROR] LogOutputStream:74 - [STDERR_REDIRECT] 	at java.desktop/java.beans.PropertyChangeSupport.firePropertyChange(PropertyChangeSupport.java:266)
2025-10-14 15:21:46,581 [ERROR] LogOutputStream:74 - [STDERR_REDIRECT] 	at com.st.microxplorer.util.MXPropertyChangeSupport.firePropertyChange(MXPropertyChangeSupport.java:50)
2025-10-14 15:21:46,581 [ERROR] LogOutputStream:74 - [STDERR_REDIRECT] 	at com.st.microxplorer.mcu.Mcu.propertyChange(Mcu.java:1660)
2025-10-14 15:21:46,581 [ERROR] LogOutputStream:74 - [STDERR_REDIRECT] 	at java.desktop/java.beans.PropertyChangeSupport.fire(PropertyChangeSupport.java:341)
2025-10-14 15:21:46,582 [ERROR] LogOutputStream:74 - [STDERR_REDIRECT] 	at java.desktop/java.beans.PropertyChangeSupport.firePropertyChange(PropertyChangeSupport.java:333)
2025-10-14 15:21:46,582 [ERROR] LogOutputStream:74 - [STDERR_REDIRECT] 	at java.desktop/java.beans.PropertyChangeSupport.firePropertyChange(PropertyChangeSupport.java:266)
2025-10-14 15:21:46,582 [ERROR] LogOutputStream:74 - [STDERR_REDIRECT] 	at com.st.microxplorer.util.MXPropertyChangeSupport.firePropertyChange(MXPropertyChangeSupport.java:50)
2025-10-14 15:21:46,582 [ERROR] LogOutputStream:74 - [STDERR_REDIRECT] 	at com.st.microxplorer.mcu.Pin.setPinLabel(Pin.java:2078)
2025-10-14 15:21:46,582 [ERROR] LogOutputStream:74 - [STDERR_REDIRECT] 	at com.st.microxplorer.plugins.pinoutconfig.gui.PinOutPanel$InputLabel$2.focusLost(PinOutPanel.java:2151)
2025-10-14 15:21:46,582 [ERROR] LogOutputStream:74 - [STDERR_REDIRECT] 	at java.desktop/java.awt.AWTEventMulticaster.focusLost(AWTEventMulticaster.java:238)
2025-10-14 15:21:46,582 [ERROR] LogOutputStream:74 - [STDERR_REDIRECT] 	at java.desktop/java.awt.AWTEventMulticaster.focusLost(AWTEventMulticaster.java:237)
2025-10-14 15:21:46,582 [ERROR] LogOutputStream:74 - [STDERR_REDIRECT] 	at java.desktop/java.awt.AWTEventMulticaster.focusLost(AWTEventMulticaster.java:237)
2025-10-14 15:21:46,583 [ERROR] LogOutputStream:74 - [STDERR_REDIRECT] 	at java.desktop/java.awt.Component.processFocusEvent(Component.java:6527)
2025-10-14 15:21:46,583 [ERROR] LogOutputStream:74 - [STDERR_REDIRECT] 	at java.desktop/java.awt.Component.processEvent(Component.java:6391)
2025-10-14 15:21:46,583 [ERROR] LogOutputStream:74 - [STDERR_REDIRECT] 	at java.desktop/java.awt.Container.processEvent(Container.java:2263)
2025-10-14 15:21:46,583 [ERROR] LogOutputStream:74 - [STDERR_REDIRECT] 	at java.desktop/java.awt.Component.dispatchEventImpl(Component.java:5011)
2025-10-14 15:21:46,583 [ERROR] LogOutputStream:74 - [STDERR_REDIRECT] 	at java.desktop/java.awt.Container.dispatchEventImpl(Container.java:2321)
2025-10-14 15:21:46,583 [ERROR] LogOutputStream:74 - [STDERR_REDIRECT] 	at java.desktop/java.awt.Component.dispatchEvent(Component.java:4843)
2025-10-14 15:21:46,583 [ERROR] LogOutputStream:74 - [STDERR_REDIRECT] 	at java.desktop/java.awt.KeyboardFocusManager.redispatchEvent(KeyboardFocusManager.java:1950)
2025-10-14 15:21:46,583 [ERROR] LogOutputStream:74 - [STDERR_REDIRECT] 	at java.desktop/java.awt.DefaultKeyboardFocusManager.typeAheadAssertions(DefaultKeyboardFocusManager.java:1059)
2025-10-14 15:21:46,583 [ERROR] LogOutputStream:74 - [STDERR_REDIRECT] 	at java.desktop/java.awt.DefaultKeyboardFocusManager.dispatchEvent(DefaultKeyboardFocusManager.java:725)
2025-10-14 15:21:46,583 [ERROR] LogOutputStream:74 - [STDERR_REDIRECT] 	at java.desktop/java.awt.Component.dispatchEventImpl(Component.java:4892)
2025-10-14 15:21:46,584 [ERROR] LogOutputStream:74 - [STDERR_REDIRECT] 	at java.desktop/java.awt.Container.dispatchEventImpl(Container.java:2321)
2025-10-14 15:21:46,584 [ERROR] LogOutputStream:74 - [STDERR_REDIRECT] 	at java.desktop/java.awt.Component.dispatchEvent(Component.java:4843)
2025-10-14 15:21:46,584 [ERROR] LogOutputStream:74 - [STDERR_REDIRECT] 	at java.desktop/java.awt.EventQueue.dispatchEventImpl(EventQueue.java:772)
2025-10-14 15:21:46,584 [ERROR] LogOutputStream:74 - [STDERR_REDIRECT] 	at java.desktop/java.awt.EventQueue$4.run(EventQueue.java:721)
2025-10-14 15:21:46,584 [ERROR] LogOutputStream:74 - [STDERR_REDIRECT] 	at java.desktop/java.awt.EventQueue$4.run(EventQueue.java:715)
2025-10-14 15:21:46,584 [ERROR] LogOutputStream:74 - [STDERR_REDIRECT] 	at java.base/java.security.AccessController.doPrivileged(Native Method)
2025-10-14 15:21:46,584 [ERROR] LogOutputStream:74 - [STDERR_REDIRECT] 	at java.base/java.security.ProtectionDomain$JavaSecurityAccessImpl.doIntersectionPrivilege(ProtectionDomain.java:85)
2025-10-14 15:21:46,584 [ERROR] LogOutputStream:74 - [STDERR_REDIRECT] 	at java.base/java.security.ProtectionDomain$JavaSecurityAccessImpl.doIntersectionPrivilege(ProtectionDomain.java:95)
2025-10-14 15:21:46,584 [ERROR] LogOutputStream:74 - [STDERR_REDIRECT] 	at java.desktop/java.awt.EventQueue$5.run(EventQueue.java:745)
2025-10-14 15:21:46,585 [ERROR] LogOutputStream:74 - [STDERR_REDIRECT] 	at java.desktop/java.awt.EventQueue$5.run(EventQueue.java:743)
2025-10-14 15:21:46,585 [ERROR] LogOutputStream:74 - [STDERR_REDIRECT] 	at java.base/java.security.AccessController.doPrivileged(Native Method)
2025-10-14 15:21:46,585 [ERROR] LogOutputStream:74 - [STDERR_REDIRECT] 	at java.base/java.security.ProtectionDomain$JavaSecurityAccessImpl.doIntersectionPrivilege(ProtectionDomain.java:85)
2025-10-14 15:21:46,585 [ERROR] LogOutputStream:74 - [STDERR_REDIRECT] 	at java.desktop/java.awt.EventQueue.dispatchEvent(EventQueue.java:742)
2025-10-14 15:21:46,585 [ERROR] LogOutputStream:74 - [STDERR_REDIRECT] 	at java.desktop/java.awt.EventDispatchThread.pumpOneEventForFilters(EventDispatchThread.java:203)
2025-10-14 15:21:46,585 [ERROR] LogOutputStream:74 - [STDERR_REDIRECT] 	at java.desktop/java.awt.EventDispatchThread.pumpEventsForFilter(EventDispatchThread.java:124)
2025-10-14 15:21:46,585 [ERROR] LogOutputStream:74 - [STDERR_REDIRECT] 	at java.desktop/java.awt.EventDispatchThread.pumpEventsForHierarchy(EventDispatchThread.java:113)
2025-10-14 15:21:46,585 [ERROR] LogOutputStream:74 - [STDERR_REDIRECT] 	at java.desktop/java.awt.EventDispatchThread.pumpEvents(EventDispatchThread.java:109)
2025-10-14 15:21:46,585 [ERROR] LogOutputStream:74 - [STDERR_REDIRECT] 	at java.desktop/java.awt.EventDispatchThread.pumpEvents(EventDispatchThread.java:101)
2025-10-14 15:21:46,585 [ERROR] LogOutputStream:74 - [STDERR_REDIRECT] 	at java.desktop/java.awt.EventDispatchThread.run(EventDispatchThread.java:90)
2025-10-14 15:21:53,185 [INFO] Gpio:254 - dependency for GPIO []
2025-10-14 15:21:54,608 [INFO] Gpio:254 - dependency for GPIO []
2025-10-14 15:21:56,671 [INFO] Gpio:254 - dependency for GPIO []
2025-10-14 15:22:02,015 [INFO] Gpio:254 - dependency for GPIO []
2025-10-14 15:22:03,919 [INFO] Gpio:254 - dependency for GPIO []
2025-10-14 15:22:05,690 [INFO] Gpio:254 - dependency for GPIO []
2025-10-14 15:22:12,268 [ERROR] LogOutputStream:74 - [STDERR_REDIRECT] Exception in thread "AWT-EventQueue-0" java.lang.NullPointerException
2025-10-14 15:22:12,269 [ERROR] LogOutputStream:74 - [STDERR_REDIRECT] 	at com.st.microxplorer.plugins.ip.gpio.model.IPTab.checkGPIOMode(IPTab.java:270)
2025-10-14 15:22:12,269 [ERROR] LogOutputStream:74 - [STDERR_REDIRECT] 	at com.st.microxplorer.plugins.ip.gpio.model.IPTab.checkCommonPossibleValues(IPTab.java:252)
2025-10-14 15:22:12,269 [ERROR] LogOutputStream:74 - [STDERR_REDIRECT] 	at com.st.microxplorer.plugins.ip.gpio.gui.GpioTablePanel.propertyChange(GpioTablePanel.java:484)
2025-10-14 15:22:12,269 [ERROR] LogOutputStream:74 - [STDERR_REDIRECT] 	at java.desktop/java.beans.PropertyChangeSupport.fire(PropertyChangeSupport.java:341)
2025-10-14 15:22:12,270 [ERROR] LogOutputStream:74 - [STDERR_REDIRECT] 	at java.desktop/java.beans.PropertyChangeSupport.firePropertyChange(PropertyChangeSupport.java:333)
2025-10-14 15:22:12,270 [ERROR] LogOutputStream:74 - [STDERR_REDIRECT] 	at com.st.microxplorer.mxsystem.MxSystem.propertyChange(MxSystem.java:446)
2025-10-14 15:22:12,270 [ERROR] LogOutputStream:74 - [STDERR_REDIRECT] 	at java.desktop/java.beans.PropertyChangeSupport.fire(PropertyChangeSupport.java:341)
2025-10-14 15:22:12,270 [ERROR] LogOutputStream:74 - [STDERR_REDIRECT] 	at java.desktop/java.beans.PropertyChangeSupport.firePropertyChange(PropertyChangeSupport.java:333)
2025-10-14 15:22:12,270 [ERROR] LogOutputStream:74 - [STDERR_REDIRECT] 	at java.desktop/java.beans.PropertyChangeSupport.firePropertyChange(PropertyChangeSupport.java:266)
2025-10-14 15:22:12,270 [ERROR] LogOutputStream:74 - [STDERR_REDIRECT] 	at com.st.microxplorer.util.MXPropertyChangeSupport.firePropertyChange(MXPropertyChangeSupport.java:50)
2025-10-14 15:22:12,271 [ERROR] LogOutputStream:74 - [STDERR_REDIRECT] 	at com.st.microxplorer.mcu.Mcu.propertyChange(Mcu.java:1660)
2025-10-14 15:22:12,271 [ERROR] LogOutputStream:74 - [STDERR_REDIRECT] 	at java.desktop/java.beans.PropertyChangeSupport.fire(PropertyChangeSupport.java:341)
2025-10-14 15:22:12,271 [ERROR] LogOutputStream:74 - [STDERR_REDIRECT] 	at java.desktop/java.beans.PropertyChangeSupport.firePropertyChange(PropertyChangeSupport.java:333)
2025-10-14 15:22:12,271 [ERROR] LogOutputStream:74 - [STDERR_REDIRECT] 	at java.desktop/java.beans.PropertyChangeSupport.firePropertyChange(PropertyChangeSupport.java:266)
2025-10-14 15:22:12,271 [ERROR] LogOutputStream:74 - [STDERR_REDIRECT] 	at com.st.microxplorer.util.MXPropertyChangeSupport.firePropertyChange(MXPropertyChangeSupport.java:50)
2025-10-14 15:22:12,271 [ERROR] LogOutputStream:74 - [STDERR_REDIRECT] 	at com.st.microxplorer.mcu.Pin.setPinLabel(Pin.java:2078)
2025-10-14 15:22:12,271 [ERROR] LogOutputStream:74 - [STDERR_REDIRECT] 	at com.st.microxplorer.plugins.pinoutconfig.gui.PinOutPanel$InputLabel$2.focusLost(PinOutPanel.java:2151)
2025-10-14 15:22:12,271 [ERROR] LogOutputStream:74 - [STDERR_REDIRECT] 	at java.desktop/java.awt.AWTEventMulticaster.focusLost(AWTEventMulticaster.java:238)
2025-10-14 15:22:12,271 [ERROR] LogOutputStream:74 - [STDERR_REDIRECT] 	at java.desktop/java.awt.AWTEventMulticaster.focusLost(AWTEventMulticaster.java:237)
2025-10-14 15:22:12,272 [ERROR] LogOutputStream:74 - [STDERR_REDIRECT] 	at java.desktop/java.awt.AWTEventMulticaster.focusLost(AWTEventMulticaster.java:237)
2025-10-14 15:22:12,272 [ERROR] LogOutputStream:74 - [STDERR_REDIRECT] 	at java.desktop/java.awt.Component.processFocusEvent(Component.java:6527)
2025-10-14 15:22:12,272 [ERROR] LogOutputStream:74 - [STDERR_REDIRECT] 	at java.desktop/java.awt.Component.processEvent(Component.java:6391)
2025-10-14 15:22:12,272 [ERROR] LogOutputStream:74 - [STDERR_REDIRECT] 	at java.desktop/java.awt.Container.processEvent(Container.java:2263)
2025-10-14 15:22:12,272 [ERROR] LogOutputStream:74 - [STDERR_REDIRECT] 	at java.desktop/java.awt.Component.dispatchEventImpl(Component.java:5011)
2025-10-14 15:22:12,272 [ERROR] LogOutputStream:74 - [STDERR_REDIRECT] 	at java.desktop/java.awt.Container.dispatchEventImpl(Container.java:2321)
2025-10-14 15:22:12,272 [ERROR] LogOutputStream:74 - [STDERR_REDIRECT] 	at java.desktop/java.awt.Component.dispatchEvent(Component.java:4843)
2025-10-14 15:22:12,273 [ERROR] LogOutputStream:74 - [STDERR_REDIRECT] 	at java.desktop/java.awt.KeyboardFocusManager.redispatchEvent(KeyboardFocusManager.java:1950)
2025-10-14 15:22:12,273 [ERROR] LogOutputStream:74 - [STDERR_REDIRECT] 	at java.desktop/java.awt.DefaultKeyboardFocusManager.typeAheadAssertions(DefaultKeyboardFocusManager.java:1059)
2025-10-14 15:22:12,273 [ERROR] LogOutputStream:74 - [STDERR_REDIRECT] 	at java.desktop/java.awt.DefaultKeyboardFocusManager.dispatchEvent(DefaultKeyboardFocusManager.java:725)
2025-10-14 15:22:12,273 [ERROR] LogOutputStream:74 - [STDERR_REDIRECT] 	at java.desktop/java.awt.Component.dispatchEventImpl(Component.java:4892)
2025-10-14 15:22:12,273 [ERROR] LogOutputStream:74 - [STDERR_REDIRECT] 	at java.desktop/java.awt.Container.dispatchEventImpl(Container.java:2321)
2025-10-14 15:22:12,273 [ERROR] LogOutputStream:74 - [STDERR_REDIRECT] 	at java.desktop/java.awt.Component.dispatchEvent(Component.java:4843)
2025-10-14 15:22:12,273 [ERROR] LogOutputStream:74 - [STDERR_REDIRECT] 	at java.desktop/java.awt.EventQueue.dispatchEventImpl(EventQueue.java:772)
2025-10-14 15:22:12,273 [ERROR] LogOutputStream:74 - [STDERR_REDIRECT] 	at java.desktop/java.awt.EventQueue$4.run(EventQueue.java:721)
2025-10-14 15:22:12,273 [ERROR] LogOutputStream:74 - [STDERR_REDIRECT] 	at java.desktop/java.awt.EventQueue$4.run(EventQueue.java:715)
2025-10-14 15:22:12,273 [ERROR] LogOutputStream:74 - [STDERR_REDIRECT] 	at java.base/java.security.AccessController.doPrivileged(Native Method)
2025-10-14 15:22:12,274 [ERROR] LogOutputStream:74 - [STDERR_REDIRECT] 	at java.base/java.security.ProtectionDomain$JavaSecurityAccessImpl.doIntersectionPrivilege(ProtectionDomain.java:85)
2025-10-14 15:22:12,274 [ERROR] LogOutputStream:74 - [STDERR_REDIRECT] 	at java.base/java.security.ProtectionDomain$JavaSecurityAccessImpl.doIntersectionPrivilege(ProtectionDomain.java:95)
2025-10-14 15:22:12,274 [ERROR] LogOutputStream:74 - [STDERR_REDIRECT] 	at java.desktop/java.awt.EventQueue$5.run(EventQueue.java:745)
2025-10-14 15:22:12,274 [ERROR] LogOutputStream:74 - [STDERR_REDIRECT] 	at java.desktop/java.awt.EventQueue$5.run(EventQueue.java:743)
2025-10-14 15:22:12,274 [ERROR] LogOutputStream:74 - [STDERR_REDIRECT] 	at java.base/java.security.AccessController.doPrivileged(Native Method)
2025-10-14 15:22:12,275 [ERROR] LogOutputStream:74 - [STDERR_REDIRECT] 	at java.base/java.security.ProtectionDomain$JavaSecurityAccessImpl.doIntersectionPrivilege(ProtectionDomain.java:85)
2025-10-14 15:22:12,275 [ERROR] LogOutputStream:74 - [STDERR_REDIRECT] 	at java.desktop/java.awt.EventQueue.dispatchEvent(EventQueue.java:742)
2025-10-14 15:22:12,275 [ERROR] LogOutputStream:74 - [STDERR_REDIRECT] 	at java.desktop/java.awt.SentEvent.dispatch(SentEvent.java:70)
2025-10-14 15:22:12,275 [ERROR] LogOutputStream:74 - [STDERR_REDIRECT] 	at java.desktop/java.awt.DefaultKeyboardFocusManager$DefaultKeyboardFocusManagerSentEvent.dispatch(DefaultKeyboardFocusManager.java:248)
2025-10-14 15:22:12,276 [ERROR] LogOutputStream:74 - [STDERR_REDIRECT] 	at java.desktop/java.awt.DefaultKeyboardFocusManager.sendMessage(DefaultKeyboardFocusManager.java:275)
2025-10-14 15:22:12,276 [ERROR] LogOutputStream:74 - [STDERR_REDIRECT] 	at java.desktop/java.awt.DefaultKeyboardFocusManager.dispatchEvent(DefaultKeyboardFocusManager.java:795)
2025-10-14 15:22:12,276 [ERROR] LogOutputStream:74 - [STDERR_REDIRECT] 	at java.desktop/java.awt.Component.dispatchEventImpl(Component.java:4892)
2025-10-14 15:22:12,276 [ERROR] LogOutputStream:74 - [STDERR_REDIRECT] 	at java.desktop/java.awt.Container.dispatchEventImpl(Container.java:2321)
2025-10-14 15:22:12,277 [ERROR] LogOutputStream:74 - [STDERR_REDIRECT] 	at java.desktop/java.awt.Window.dispatchEventImpl(Window.java:2772)
2025-10-14 15:22:12,277 [ERROR] LogOutputStream:74 - [STDERR_REDIRECT] 	at java.desktop/java.awt.Component.dispatchEvent(Component.java:4843)
2025-10-14 15:22:12,277 [ERROR] LogOutputStream:74 - [STDERR_REDIRECT] 	at java.desktop/java.awt.EventQueue.dispatchEventImpl(EventQueue.java:772)
2025-10-14 15:22:12,277 [ERROR] LogOutputStream:74 - [STDERR_REDIRECT] 	at java.desktop/java.awt.EventQueue$4.run(EventQueue.java:721)
2025-10-14 15:22:12,277 [ERROR] LogOutputStream:74 - [STDERR_REDIRECT] 	at java.desktop/java.awt.EventQueue$4.run(EventQueue.java:715)
2025-10-14 15:22:12,278 [ERROR] LogOutputStream:74 - [STDERR_REDIRECT] 	at java.base/java.security.AccessController.doPrivileged(Native Method)
2025-10-14 15:22:12,278 [ERROR] LogOutputStream:74 - [STDERR_REDIRECT] 	at java.base/java.security.ProtectionDomain$JavaSecurityAccessImpl.doIntersectionPrivilege(ProtectionDomain.java:85)
2025-10-14 15:22:12,278 [ERROR] LogOutputStream:74 - [STDERR_REDIRECT] 	at java.base/java.security.ProtectionDomain$JavaSecurityAccessImpl.doIntersectionPrivilege(ProtectionDomain.java:95)
2025-10-14 15:22:12,278 [ERROR] LogOutputStream:74 - [STDERR_REDIRECT] 	at java.desktop/java.awt.EventQueue$5.run(EventQueue.java:745)
2025-10-14 15:22:12,279 [ERROR] LogOutputStream:74 - [STDERR_REDIRECT] 	at java.desktop/java.awt.EventQueue$5.run(EventQueue.java:743)
2025-10-14 15:22:12,279 [ERROR] LogOutputStream:74 - [STDERR_REDIRECT] 	at java.base/java.security.AccessController.doPrivileged(Native Method)
2025-10-14 15:22:12,279 [ERROR] LogOutputStream:74 - [STDERR_REDIRECT] 	at java.base/java.security.ProtectionDomain$JavaSecurityAccessImpl.doIntersectionPrivilege(ProtectionDomain.java:85)
2025-10-14 15:22:12,279 [ERROR] LogOutputStream:74 - [STDERR_REDIRECT] 	at java.desktop/java.awt.EventQueue.dispatchEvent(EventQueue.java:742)
2025-10-14 15:22:12,279 [ERROR] LogOutputStream:74 - [STDERR_REDIRECT] 	at java.desktop/java.awt.EventDispatchThread.pumpOneEventForFilters(EventDispatchThread.java:203)
2025-10-14 15:22:12,279 [ERROR] LogOutputStream:74 - [STDERR_REDIRECT] 	at java.desktop/java.awt.EventDispatchThread.pumpEventsForFilter(EventDispatchThread.java:124)
2025-10-14 15:22:12,280 [ERROR] LogOutputStream:74 - [STDERR_REDIRECT] 	at java.desktop/java.awt.EventDispatchThread.pumpEventsForHierarchy(EventDispatchThread.java:113)
2025-10-14 15:22:12,280 [ERROR] LogOutputStream:74 - [STDERR_REDIRECT] 	at java.desktop/java.awt.EventDispatchThread.pumpEvents(EventDispatchThread.java:109)
2025-10-14 15:22:12,280 [ERROR] LogOutputStream:74 - [STDERR_REDIRECT] 	at java.desktop/java.awt.EventDispatchThread.pumpEvents(EventDispatchThread.java:101)
2025-10-14 15:22:12,280 [ERROR] LogOutputStream:74 - [STDERR_REDIRECT] 	at java.desktop/java.awt.EventDispatchThread.run(EventDispatchThread.java:90)
2025-10-14 15:22:18,813 [ERROR] LogOutputStream:74 - [STDERR_REDIRECT] Exception in thread "AWT-EventQueue-0" java.lang.NullPointerException
2025-10-14 15:22:18,814 [ERROR] LogOutputStream:74 - [STDERR_REDIRECT] 	at com.st.microxplorer.plugins.ip.gpio.model.IPTab.checkGPIOMode(IPTab.java:270)
2025-10-14 15:22:18,814 [ERROR] LogOutputStream:74 - [STDERR_REDIRECT] 	at com.st.microxplorer.plugins.ip.gpio.model.IPTab.checkCommonPossibleValues(IPTab.java:252)
2025-10-14 15:22:18,814 [ERROR] LogOutputStream:74 - [STDERR_REDIRECT] 	at com.st.microxplorer.plugins.ip.gpio.gui.GpioTablePanel.propertyChange(GpioTablePanel.java:484)
2025-10-14 15:22:18,814 [ERROR] LogOutputStream:74 - [STDERR_REDIRECT] 	at java.desktop/java.beans.PropertyChangeSupport.fire(PropertyChangeSupport.java:341)
2025-10-14 15:22:18,814 [ERROR] LogOutputStream:74 - [STDERR_REDIRECT] 	at java.desktop/java.beans.PropertyChangeSupport.firePropertyChange(PropertyChangeSupport.java:333)
2025-10-14 15:22:18,814 [ERROR] LogOutputStream:74 - [STDERR_REDIRECT] 	at com.st.microxplorer.mxsystem.MxSystem.propertyChange(MxSystem.java:446)
2025-10-14 15:22:18,814 [ERROR] LogOutputStream:74 - [STDERR_REDIRECT] 	at java.desktop/java.beans.PropertyChangeSupport.fire(PropertyChangeSupport.java:341)
2025-10-14 15:22:18,815 [ERROR] LogOutputStream:74 - [STDERR_REDIRECT] 	at java.desktop/java.beans.PropertyChangeSupport.firePropertyChange(PropertyChangeSupport.java:333)
2025-10-14 15:22:18,815 [ERROR] LogOutputStream:74 - [STDERR_REDIRECT] 	at java.desktop/java.beans.PropertyChangeSupport.firePropertyChange(PropertyChangeSupport.java:266)
2025-10-14 15:22:18,815 [ERROR] LogOutputStream:74 - [STDERR_REDIRECT] 	at com.st.microxplorer.util.MXPropertyChangeSupport.firePropertyChange(MXPropertyChangeSupport.java:50)
2025-10-14 15:22:18,815 [ERROR] LogOutputStream:74 - [STDERR_REDIRECT] 	at com.st.microxplorer.mcu.Mcu.propertyChange(Mcu.java:1660)
2025-10-14 15:22:18,815 [ERROR] LogOutputStream:74 - [STDERR_REDIRECT] 	at java.desktop/java.beans.PropertyChangeSupport.fire(PropertyChangeSupport.java:341)
2025-10-14 15:22:18,815 [ERROR] LogOutputStream:74 - [STDERR_REDIRECT] 	at java.desktop/java.beans.PropertyChangeSupport.firePropertyChange(PropertyChangeSupport.java:333)
2025-10-14 15:22:18,815 [ERROR] LogOutputStream:74 - [STDERR_REDIRECT] 	at java.desktop/java.beans.PropertyChangeSupport.firePropertyChange(PropertyChangeSupport.java:266)
2025-10-14 15:22:18,815 [ERROR] LogOutputStream:74 - [STDERR_REDIRECT] 	at com.st.microxplorer.util.MXPropertyChangeSupport.firePropertyChange(MXPropertyChangeSupport.java:50)
2025-10-14 15:22:18,815 [ERROR] LogOutputStream:74 - [STDERR_REDIRECT] 	at com.st.microxplorer.mcu.Pin.setPinLabel(Pin.java:2078)
2025-10-14 15:22:18,816 [ERROR] LogOutputStream:74 - [STDERR_REDIRECT] 	at com.st.microxplorer.plugins.pinoutconfig.gui.PinOutPanel$InputLabel$2.focusLost(PinOutPanel.java:2151)
2025-10-14 15:22:18,816 [ERROR] LogOutputStream:74 - [STDERR_REDIRECT] 	at java.desktop/java.awt.AWTEventMulticaster.focusLost(AWTEventMulticaster.java:238)
2025-10-14 15:22:18,816 [ERROR] LogOutputStream:74 - [STDERR_REDIRECT] 	at java.desktop/java.awt.AWTEventMulticaster.focusLost(AWTEventMulticaster.java:237)
2025-10-14 15:22:18,816 [ERROR] LogOutputStream:74 - [STDERR_REDIRECT] 	at java.desktop/java.awt.AWTEventMulticaster.focusLost(AWTEventMulticaster.java:237)
2025-10-14 15:22:18,816 [ERROR] LogOutputStream:74 - [STDERR_REDIRECT] 	at java.desktop/java.awt.Component.processFocusEvent(Component.java:6527)
2025-10-14 15:22:18,816 [ERROR] LogOutputStream:74 - [STDERR_REDIRECT] 	at java.desktop/java.awt.Component.processEvent(Component.java:6391)
2025-10-14 15:22:18,816 [ERROR] LogOutputStream:74 - [STDERR_REDIRECT] 	at java.desktop/java.awt.Container.processEvent(Container.java:2263)
2025-10-14 15:22:18,816 [ERROR] LogOutputStream:74 - [STDERR_REDIRECT] 	at java.desktop/java.awt.Component.dispatchEventImpl(Component.java:5011)
2025-10-14 15:22:18,816 [ERROR] LogOutputStream:74 - [STDERR_REDIRECT] 	at java.desktop/java.awt.Container.dispatchEventImpl(Container.java:2321)
2025-10-14 15:22:18,817 [ERROR] LogOutputStream:74 - [STDERR_REDIRECT] 	at java.desktop/java.awt.Component.dispatchEvent(Component.java:4843)
2025-10-14 15:22:18,817 [ERROR] LogOutputStream:74 - [STDERR_REDIRECT] 	at java.desktop/java.awt.KeyboardFocusManager.redispatchEvent(KeyboardFocusManager.java:1950)
2025-10-14 15:22:18,817 [ERROR] LogOutputStream:74 - [STDERR_REDIRECT] 	at java.desktop/java.awt.DefaultKeyboardFocusManager.typeAheadAssertions(DefaultKeyboardFocusManager.java:1059)
2025-10-14 15:22:18,817 [ERROR] LogOutputStream:74 - [STDERR_REDIRECT] 	at java.desktop/java.awt.DefaultKeyboardFocusManager.dispatchEvent(DefaultKeyboardFocusManager.java:725)
2025-10-14 15:22:18,817 [ERROR] LogOutputStream:74 - [STDERR_REDIRECT] 	at java.desktop/java.awt.Component.dispatchEventImpl(Component.java:4892)
2025-10-14 15:22:18,817 [ERROR] LogOutputStream:74 - [STDERR_REDIRECT] 	at java.desktop/java.awt.Container.dispatchEventImpl(Container.java:2321)
2025-10-14 15:22:18,817 [ERROR] LogOutputStream:74 - [STDERR_REDIRECT] 	at java.desktop/java.awt.Component.dispatchEvent(Component.java:4843)
2025-10-14 15:22:18,817 [ERROR] LogOutputStream:74 - [STDERR_REDIRECT] 	at java.desktop/java.awt.EventQueue.dispatchEventImpl(EventQueue.java:772)
2025-10-14 15:22:18,817 [ERROR] LogOutputStream:74 - [STDERR_REDIRECT] 	at java.desktop/java.awt.EventQueue$4.run(EventQueue.java:721)
2025-10-14 15:22:18,817 [ERROR] LogOutputStream:74 - [STDERR_REDIRECT] 	at java.desktop/java.awt.EventQueue$4.run(EventQueue.java:715)
2025-10-14 15:22:18,818 [ERROR] LogOutputStream:74 - [STDERR_REDIRECT] 	at java.base/java.security.AccessController.doPrivileged(Native Method)
2025-10-14 15:22:18,818 [ERROR] LogOutputStream:74 - [STDERR_REDIRECT] 	at java.base/java.security.ProtectionDomain$JavaSecurityAccessImpl.doIntersectionPrivilege(ProtectionDomain.java:85)
2025-10-14 15:22:18,818 [ERROR] LogOutputStream:74 - [STDERR_REDIRECT] 	at java.base/java.security.ProtectionDomain$JavaSecurityAccessImpl.doIntersectionPrivilege(ProtectionDomain.java:95)
2025-10-14 15:22:18,818 [ERROR] LogOutputStream:74 - [STDERR_REDIRECT] 	at java.desktop/java.awt.EventQueue$5.run(EventQueue.java:745)
2025-10-14 15:22:18,818 [ERROR] LogOutputStream:74 - [STDERR_REDIRECT] 	at java.desktop/java.awt.EventQueue$5.run(EventQueue.java:743)
2025-10-14 15:22:18,818 [ERROR] LogOutputStream:74 - [STDERR_REDIRECT] 	at java.base/java.security.AccessController.doPrivileged(Native Method)
2025-10-14 15:22:18,818 [ERROR] LogOutputStream:74 - [STDERR_REDIRECT] 	at java.base/java.security.ProtectionDomain$JavaSecurityAccessImpl.doIntersectionPrivilege(ProtectionDomain.java:85)
2025-10-14 15:22:18,818 [ERROR] LogOutputStream:74 - [STDERR_REDIRECT] 	at java.desktop/java.awt.EventQueue.dispatchEvent(EventQueue.java:742)
2025-10-14 15:22:18,818 [ERROR] LogOutputStream:74 - [STDERR_REDIRECT] 	at java.desktop/java.awt.EventDispatchThread.pumpOneEventForFilters(EventDispatchThread.java:203)
2025-10-14 15:22:18,819 [ERROR] LogOutputStream:74 - [STDERR_REDIRECT] 	at java.desktop/java.awt.EventDispatchThread.pumpEventsForFilter(EventDispatchThread.java:124)
2025-10-14 15:22:18,819 [ERROR] LogOutputStream:74 - [STDERR_REDIRECT] 	at java.desktop/java.awt.EventDispatchThread.pumpEventsForHierarchy(EventDispatchThread.java:113)
2025-10-14 15:22:18,819 [ERROR] LogOutputStream:74 - [STDERR_REDIRECT] 	at java.desktop/java.awt.EventDispatchThread.pumpEvents(EventDispatchThread.java:109)
2025-10-14 15:22:18,819 [ERROR] LogOutputStream:74 - [STDERR_REDIRECT] 	at java.desktop/java.awt.EventDispatchThread.pumpEvents(EventDispatchThread.java:101)
2025-10-14 15:22:18,819 [ERROR] LogOutputStream:74 - [STDERR_REDIRECT] 	at java.desktop/java.awt.EventDispatchThread.run(EventDispatchThread.java:90)
2025-10-14 15:22:23,537 [ERROR] LogOutputStream:74 - [STDERR_REDIRECT] Exception in thread "AWT-EventQueue-0" java.lang.NullPointerException
2025-10-14 15:22:23,537 [ERROR] LogOutputStream:74 - [STDERR_REDIRECT] 	at com.st.microxplorer.plugins.ip.gpio.model.IPTab.checkGPIOMode(IPTab.java:270)
2025-10-14 15:22:23,537 [ERROR] LogOutputStream:74 - [STDERR_REDIRECT] 	at com.st.microxplorer.plugins.ip.gpio.model.IPTab.checkCommonPossibleValues(IPTab.java:252)
2025-10-14 15:22:23,538 [ERROR] LogOutputStream:74 - [STDERR_REDIRECT] 	at com.st.microxplorer.plugins.ip.gpio.gui.GpioTablePanel.propertyChange(GpioTablePanel.java:484)
2025-10-14 15:22:23,538 [ERROR] LogOutputStream:74 - [STDERR_REDIRECT] 	at java.desktop/java.beans.PropertyChangeSupport.fire(PropertyChangeSupport.java:341)
2025-10-14 15:22:23,538 [ERROR] LogOutputStream:74 - [STDERR_REDIRECT] 	at java.desktop/java.beans.PropertyChangeSupport.firePropertyChange(PropertyChangeSupport.java:333)
2025-10-14 15:22:23,538 [ERROR] LogOutputStream:74 - [STDERR_REDIRECT] 	at com.st.microxplorer.mxsystem.MxSystem.propertyChange(MxSystem.java:446)
2025-10-14 15:22:23,538 [ERROR] LogOutputStream:74 - [STDERR_REDIRECT] 	at java.desktop/java.beans.PropertyChangeSupport.fire(PropertyChangeSupport.java:341)
2025-10-14 15:22:23,538 [ERROR] LogOutputStream:74 - [STDERR_REDIRECT] 	at java.desktop/java.beans.PropertyChangeSupport.firePropertyChange(PropertyChangeSupport.java:333)
2025-10-14 15:22:23,538 [ERROR] LogOutputStream:74 - [STDERR_REDIRECT] 	at java.desktop/java.beans.PropertyChangeSupport.firePropertyChange(PropertyChangeSupport.java:266)
2025-10-14 15:22:23,538 [ERROR] LogOutputStream:74 - [STDERR_REDIRECT] 	at com.st.microxplorer.util.MXPropertyChangeSupport.firePropertyChange(MXPropertyChangeSupport.java:50)
2025-10-14 15:22:23,539 [ERROR] LogOutputStream:74 - [STDERR_REDIRECT] 	at com.st.microxplorer.mcu.Mcu.propertyChange(Mcu.java:1660)
2025-10-14 15:22:23,539 [ERROR] LogOutputStream:74 - [STDERR_REDIRECT] 	at java.desktop/java.beans.PropertyChangeSupport.fire(PropertyChangeSupport.java:341)
2025-10-14 15:22:23,539 [ERROR] LogOutputStream:74 - [STDERR_REDIRECT] 	at java.desktop/java.beans.PropertyChangeSupport.firePropertyChange(PropertyChangeSupport.java:333)
2025-10-14 15:22:23,539 [ERROR] LogOutputStream:74 - [STDERR_REDIRECT] 	at java.desktop/java.beans.PropertyChangeSupport.firePropertyChange(PropertyChangeSupport.java:266)
2025-10-14 15:22:23,539 [ERROR] LogOutputStream:74 - [STDERR_REDIRECT] 	at com.st.microxplorer.util.MXPropertyChangeSupport.firePropertyChange(MXPropertyChangeSupport.java:50)
2025-10-14 15:22:23,539 [ERROR] LogOutputStream:74 - [STDERR_REDIRECT] 	at com.st.microxplorer.mcu.Pin.setPinLabel(Pin.java:2078)
2025-10-14 15:22:23,539 [ERROR] LogOutputStream:74 - [STDERR_REDIRECT] 	at com.st.microxplorer.plugins.pinoutconfig.gui.PinOutPanel$InputLabel$2.focusLost(PinOutPanel.java:2151)
2025-10-14 15:22:23,540 [ERROR] LogOutputStream:74 - [STDERR_REDIRECT] 	at java.desktop/java.awt.AWTEventMulticaster.focusLost(AWTEventMulticaster.java:238)
2025-10-14 15:22:23,540 [ERROR] LogOutputStream:74 - [STDERR_REDIRECT] 	at java.desktop/java.awt.AWTEventMulticaster.focusLost(AWTEventMulticaster.java:237)
2025-10-14 15:22:23,540 [ERROR] LogOutputStream:74 - [STDERR_REDIRECT] 	at java.desktop/java.awt.AWTEventMulticaster.focusLost(AWTEventMulticaster.java:237)
2025-10-14 15:22:23,540 [ERROR] LogOutputStream:74 - [STDERR_REDIRECT] 	at java.desktop/java.awt.Component.processFocusEvent(Component.java:6527)
2025-10-14 15:22:23,540 [ERROR] LogOutputStream:74 - [STDERR_REDIRECT] 	at java.desktop/java.awt.Component.processEvent(Component.java:6391)
2025-10-14 15:22:23,540 [ERROR] LogOutputStream:74 - [STDERR_REDIRECT] 	at java.desktop/java.awt.Container.processEvent(Container.java:2263)
2025-10-14 15:22:23,540 [ERROR] LogOutputStream:74 - [STDERR_REDIRECT] 	at java.desktop/java.awt.Component.dispatchEventImpl(Component.java:5011)
2025-10-14 15:22:23,540 [ERROR] LogOutputStream:74 - [STDERR_REDIRECT] 	at java.desktop/java.awt.Container.dispatchEventImpl(Container.java:2321)
2025-10-14 15:22:23,540 [ERROR] LogOutputStream:74 - [STDERR_REDIRECT] 	at java.desktop/java.awt.Component.dispatchEvent(Component.java:4843)
2025-10-14 15:22:23,541 [ERROR] LogOutputStream:74 - [STDERR_REDIRECT] 	at java.desktop/java.awt.KeyboardFocusManager.redispatchEvent(KeyboardFocusManager.java:1950)
2025-10-14 15:22:23,541 [ERROR] LogOutputStream:74 - [STDERR_REDIRECT] 	at java.desktop/java.awt.DefaultKeyboardFocusManager.typeAheadAssertions(DefaultKeyboardFocusManager.java:1059)
2025-10-14 15:22:23,541 [ERROR] LogOutputStream:74 - [STDERR_REDIRECT] 	at java.desktop/java.awt.DefaultKeyboardFocusManager.dispatchEvent(DefaultKeyboardFocusManager.java:725)
2025-10-14 15:22:23,541 [ERROR] LogOutputStream:74 - [STDERR_REDIRECT] 	at java.desktop/java.awt.Component.dispatchEventImpl(Component.java:4892)
2025-10-14 15:22:23,541 [ERROR] LogOutputStream:74 - [STDERR_REDIRECT] 	at java.desktop/java.awt.Container.dispatchEventImpl(Container.java:2321)
2025-10-14 15:22:23,541 [ERROR] LogOutputStream:74 - [STDERR_REDIRECT] 	at java.desktop/java.awt.Component.dispatchEvent(Component.java:4843)
2025-10-14 15:22:23,541 [ERROR] LogOutputStream:74 - [STDERR_REDIRECT] 	at java.desktop/java.awt.EventQueue.dispatchEventImpl(EventQueue.java:772)
2025-10-14 15:22:23,542 [ERROR] LogOutputStream:74 - [STDERR_REDIRECT] 	at java.desktop/java.awt.EventQueue$4.run(EventQueue.java:721)
2025-10-14 15:22:23,542 [ERROR] LogOutputStream:74 - [STDERR_REDIRECT] 	at java.desktop/java.awt.EventQueue$4.run(EventQueue.java:715)
2025-10-14 15:22:23,542 [ERROR] LogOutputStream:74 - [STDERR_REDIRECT] 	at java.base/java.security.AccessController.doPrivileged(Native Method)
2025-10-14 15:22:23,542 [ERROR] LogOutputStream:74 - [STDERR_REDIRECT] 	at java.base/java.security.ProtectionDomain$JavaSecurityAccessImpl.doIntersectionPrivilege(ProtectionDomain.java:85)
2025-10-14 15:22:23,542 [ERROR] LogOutputStream:74 - [STDERR_REDIRECT] 	at java.base/java.security.ProtectionDomain$JavaSecurityAccessImpl.doIntersectionPrivilege(ProtectionDomain.java:95)
2025-10-14 15:22:23,542 [ERROR] LogOutputStream:74 - [STDERR_REDIRECT] 	at java.desktop/java.awt.EventQueue$5.run(EventQueue.java:745)
2025-10-14 15:22:23,542 [ERROR] LogOutputStream:74 - [STDERR_REDIRECT] 	at java.desktop/java.awt.EventQueue$5.run(EventQueue.java:743)
2025-10-14 15:22:23,542 [ERROR] LogOutputStream:74 - [STDERR_REDIRECT] 	at java.base/java.security.AccessController.doPrivileged(Native Method)
2025-10-14 15:22:23,542 [ERROR] LogOutputStream:74 - [STDERR_REDIRECT] 	at java.base/java.security.ProtectionDomain$JavaSecurityAccessImpl.doIntersectionPrivilege(ProtectionDomain.java:85)
2025-10-14 15:22:23,543 [ERROR] LogOutputStream:74 - [STDERR_REDIRECT] 	at java.desktop/java.awt.EventQueue.dispatchEvent(EventQueue.java:742)
2025-10-14 15:22:23,543 [ERROR] LogOutputStream:74 - [STDERR_REDIRECT] 	at java.desktop/java.awt.EventDispatchThread.pumpOneEventForFilters(EventDispatchThread.java:203)
2025-10-14 15:22:23,543 [ERROR] LogOutputStream:74 - [STDERR_REDIRECT] 	at java.desktop/java.awt.EventDispatchThread.pumpEventsForFilter(EventDispatchThread.java:124)
2025-10-14 15:22:23,543 [ERROR] LogOutputStream:74 - [STDERR_REDIRECT] 	at java.desktop/java.awt.EventDispatchThread.pumpEventsForHierarchy(EventDispatchThread.java:113)
2025-10-14 15:22:23,543 [ERROR] LogOutputStream:74 - [STDERR_REDIRECT] 	at java.desktop/java.awt.EventDispatchThread.pumpEvents(EventDispatchThread.java:109)
2025-10-14 15:22:23,543 [ERROR] LogOutputStream:74 - [STDERR_REDIRECT] 	at java.desktop/java.awt.EventDispatchThread.pumpEvents(EventDispatchThread.java:101)
2025-10-14 15:22:23,543 [ERROR] LogOutputStream:74 - [STDERR_REDIRECT] 	at java.desktop/java.awt.EventDispatchThread.run(EventDispatchThread.java:90)
2025-10-14 15:22:28,986 [ERROR] LogOutputStream:74 - [STDERR_REDIRECT] Exception in thread "AWT-EventQueue-0" java.lang.NullPointerException
2025-10-14 15:22:28,986 [ERROR] LogOutputStream:74 - [STDERR_REDIRECT] 	at com.st.microxplorer.plugins.ip.gpio.model.IPTab.checkGPIOMode(IPTab.java:270)
2025-10-14 15:22:28,986 [ERROR] LogOutputStream:74 - [STDERR_REDIRECT] 	at com.st.microxplorer.plugins.ip.gpio.model.IPTab.checkCommonPossibleValues(IPTab.java:252)
2025-10-14 15:22:28,986 [ERROR] LogOutputStream:74 - [STDERR_REDIRECT] 	at com.st.microxplorer.plugins.ip.gpio.gui.GpioTablePanel.propertyChange(GpioTablePanel.java:484)
2025-10-14 15:22:28,986 [ERROR] LogOutputStream:74 - [STDERR_REDIRECT] 	at java.desktop/java.beans.PropertyChangeSupport.fire(PropertyChangeSupport.java:341)
2025-10-14 15:22:28,986 [ERROR] LogOutputStream:74 - [STDERR_REDIRECT] 	at java.desktop/java.beans.PropertyChangeSupport.firePropertyChange(PropertyChangeSupport.java:333)
2025-10-14 15:22:28,987 [ERROR] LogOutputStream:74 - [STDERR_REDIRECT] 	at com.st.microxplorer.mxsystem.MxSystem.propertyChange(MxSystem.java:446)
2025-10-14 15:22:28,987 [ERROR] LogOutputStream:74 - [STDERR_REDIRECT] 	at java.desktop/java.beans.PropertyChangeSupport.fire(PropertyChangeSupport.java:341)
2025-10-14 15:22:28,987 [ERROR] LogOutputStream:74 - [STDERR_REDIRECT] 	at java.desktop/java.beans.PropertyChangeSupport.firePropertyChange(PropertyChangeSupport.java:333)
2025-10-14 15:22:28,987 [ERROR] LogOutputStream:74 - [STDERR_REDIRECT] 	at java.desktop/java.beans.PropertyChangeSupport.firePropertyChange(PropertyChangeSupport.java:266)
2025-10-14 15:22:28,987 [ERROR] LogOutputStream:74 - [STDERR_REDIRECT] 	at com.st.microxplorer.util.MXPropertyChangeSupport.firePropertyChange(MXPropertyChangeSupport.java:50)
2025-10-14 15:22:28,987 [ERROR] LogOutputStream:74 - [STDERR_REDIRECT] 	at com.st.microxplorer.mcu.Mcu.propertyChange(Mcu.java:1660)
2025-10-14 15:22:28,987 [ERROR] LogOutputStream:74 - [STDERR_REDIRECT] 	at java.desktop/java.beans.PropertyChangeSupport.fire(PropertyChangeSupport.java:341)
2025-10-14 15:22:28,987 [ERROR] LogOutputStream:74 - [STDERR_REDIRECT] 	at java.desktop/java.beans.PropertyChangeSupport.firePropertyChange(PropertyChangeSupport.java:333)
2025-10-14 15:22:28,987 [ERROR] LogOutputStream:74 - [STDERR_REDIRECT] 	at java.desktop/java.beans.PropertyChangeSupport.firePropertyChange(PropertyChangeSupport.java:266)
2025-10-14 15:22:28,988 [ERROR] LogOutputStream:74 - [STDERR_REDIRECT] 	at com.st.microxplorer.util.MXPropertyChangeSupport.firePropertyChange(MXPropertyChangeSupport.java:50)
2025-10-14 15:22:28,988 [ERROR] LogOutputStream:74 - [STDERR_REDIRECT] 	at com.st.microxplorer.mcu.Pin.setPinLabel(Pin.java:2078)
2025-10-14 15:22:28,988 [ERROR] LogOutputStream:74 - [STDERR_REDIRECT] 	at com.st.microxplorer.plugins.pinoutconfig.gui.PinOutPanel$InputLabel$2.focusLost(PinOutPanel.java:2151)
2025-10-14 15:22:28,988 [ERROR] LogOutputStream:74 - [STDERR_REDIRECT] 	at java.desktop/java.awt.AWTEventMulticaster.focusLost(AWTEventMulticaster.java:238)
2025-10-14 15:22:28,988 [ERROR] LogOutputStream:74 - [STDERR_REDIRECT] 	at java.desktop/java.awt.AWTEventMulticaster.focusLost(AWTEventMulticaster.java:237)
2025-10-14 15:22:28,988 [ERROR] LogOutputStream:74 - [STDERR_REDIRECT] 	at java.desktop/java.awt.AWTEventMulticaster.focusLost(AWTEventMulticaster.java:237)
2025-10-14 15:22:28,988 [ERROR] LogOutputStream:74 - [STDERR_REDIRECT] 	at java.desktop/java.awt.Component.processFocusEvent(Component.java:6527)
2025-10-14 15:22:28,988 [ERROR] LogOutputStream:74 - [STDERR_REDIRECT] 	at java.desktop/java.awt.Component.processEvent(Component.java:6391)
2025-10-14 15:22:28,989 [ERROR] LogOutputStream:74 - [STDERR_REDIRECT] 	at java.desktop/java.awt.Container.processEvent(Container.java:2263)
2025-10-14 15:22:28,989 [ERROR] LogOutputStream:74 - [STDERR_REDIRECT] 	at java.desktop/java.awt.Component.dispatchEventImpl(Component.java:5011)
2025-10-14 15:22:28,989 [ERROR] LogOutputStream:74 - [STDERR_REDIRECT] 	at java.desktop/java.awt.Container.dispatchEventImpl(Container.java:2321)
2025-10-14 15:22:28,989 [ERROR] LogOutputStream:74 - [STDERR_REDIRECT] 	at java.desktop/java.awt.Component.dispatchEvent(Component.java:4843)
2025-10-14 15:22:28,989 [ERROR] LogOutputStream:74 - [STDERR_REDIRECT] 	at java.desktop/java.awt.KeyboardFocusManager.redispatchEvent(KeyboardFocusManager.java:1950)
2025-10-14 15:22:28,989 [ERROR] LogOutputStream:74 - [STDERR_REDIRECT] 	at java.desktop/java.awt.DefaultKeyboardFocusManager.typeAheadAssertions(DefaultKeyboardFocusManager.java:1059)
2025-10-14 15:22:28,989 [ERROR] LogOutputStream:74 - [STDERR_REDIRECT] 	at java.desktop/java.awt.DefaultKeyboardFocusManager.dispatchEvent(DefaultKeyboardFocusManager.java:725)
2025-10-14 15:22:28,989 [ERROR] LogOutputStream:74 - [STDERR_REDIRECT] 	at java.desktop/java.awt.Component.dispatchEventImpl(Component.java:4892)
2025-10-14 15:22:28,989 [ERROR] LogOutputStream:74 - [STDERR_REDIRECT] 	at java.desktop/java.awt.Container.dispatchEventImpl(Container.java:2321)
2025-10-14 15:22:28,990 [ERROR] LogOutputStream:74 - [STDERR_REDIRECT] 	at java.desktop/java.awt.Component.dispatchEvent(Component.java:4843)
2025-10-14 15:22:28,990 [ERROR] LogOutputStream:74 - [STDERR_REDIRECT] 	at java.desktop/java.awt.EventQueue.dispatchEventImpl(EventQueue.java:772)
2025-10-14 15:22:28,990 [ERROR] LogOutputStream:74 - [STDERR_REDIRECT] 	at java.desktop/java.awt.EventQueue$4.run(EventQueue.java:721)
2025-10-14 15:22:28,990 [ERROR] LogOutputStream:74 - [STDERR_REDIRECT] 	at java.desktop/java.awt.EventQueue$4.run(EventQueue.java:715)
2025-10-14 15:22:28,990 [ERROR] LogOutputStream:74 - [STDERR_REDIRECT] 	at java.base/java.security.AccessController.doPrivileged(Native Method)
2025-10-14 15:22:28,990 [ERROR] LogOutputStream:74 - [STDERR_REDIRECT] 	at java.base/java.security.ProtectionDomain$JavaSecurityAccessImpl.doIntersectionPrivilege(ProtectionDomain.java:85)
2025-10-14 15:22:28,990 [ERROR] LogOutputStream:74 - [STDERR_REDIRECT] 	at java.base/java.security.ProtectionDomain$JavaSecurityAccessImpl.doIntersectionPrivilege(ProtectionDomain.java:95)
2025-10-14 15:22:28,990 [ERROR] LogOutputStream:74 - [STDERR_REDIRECT] 	at java.desktop/java.awt.EventQueue$5.run(EventQueue.java:745)
2025-10-14 15:22:28,991 [ERROR] LogOutputStream:74 - [STDERR_REDIRECT] 	at java.desktop/java.awt.EventQueue$5.run(EventQueue.java:743)
2025-10-14 15:22:28,991 [ERROR] LogOutputStream:74 - [STDERR_REDIRECT] 	at java.base/java.security.AccessController.doPrivileged(Native Method)
2025-10-14 15:22:28,991 [ERROR] LogOutputStream:74 - [STDERR_REDIRECT] 	at java.base/java.security.ProtectionDomain$JavaSecurityAccessImpl.doIntersectionPrivilege(ProtectionDomain.java:85)
2025-10-14 15:22:28,991 [ERROR] LogOutputStream:74 - [STDERR_REDIRECT] 	at java.desktop/java.awt.EventQueue.dispatchEvent(EventQueue.java:742)
2025-10-14 15:22:28,991 [ERROR] LogOutputStream:74 - [STDERR_REDIRECT] 	at java.desktop/java.awt.EventDispatchThread.pumpOneEventForFilters(EventDispatchThread.java:203)
2025-10-14 15:22:28,991 [ERROR] LogOutputStream:74 - [STDERR_REDIRECT] 	at java.desktop/java.awt.EventDispatchThread.pumpEventsForFilter(EventDispatchThread.java:124)
2025-10-14 15:22:28,991 [ERROR] LogOutputStream:74 - [STDERR_REDIRECT] 	at java.desktop/java.awt.EventDispatchThread.pumpEventsForHierarchy(EventDispatchThread.java:113)
2025-10-14 15:22:28,991 [ERROR] LogOutputStream:74 - [STDERR_REDIRECT] 	at java.desktop/java.awt.EventDispatchThread.pumpEvents(EventDispatchThread.java:109)
2025-10-14 15:22:28,991 [ERROR] LogOutputStream:74 - [STDERR_REDIRECT] 	at java.desktop/java.awt.EventDispatchThread.pumpEvents(EventDispatchThread.java:101)
2025-10-14 15:22:28,991 [ERROR] LogOutputStream:74 - [STDERR_REDIRECT] 	at java.desktop/java.awt.EventDispatchThread.run(EventDispatchThread.java:90)
2025-10-14 15:22:34,763 [ERROR] LogOutputStream:74 - [STDERR_REDIRECT] Exception in thread "AWT-EventQueue-0" java.lang.NullPointerException
2025-10-14 15:22:34,763 [ERROR] LogOutputStream:74 - [STDERR_REDIRECT] 	at com.st.microxplorer.plugins.ip.gpio.model.IPTab.checkGPIOMode(IPTab.java:270)
2025-10-14 15:22:34,763 [ERROR] LogOutputStream:74 - [STDERR_REDIRECT] 	at com.st.microxplorer.plugins.ip.gpio.model.IPTab.checkCommonPossibleValues(IPTab.java:252)
2025-10-14 15:22:34,763 [ERROR] LogOutputStream:74 - [STDERR_REDIRECT] 	at com.st.microxplorer.plugins.ip.gpio.gui.GpioTablePanel.propertyChange(GpioTablePanel.java:484)
2025-10-14 15:22:34,763 [ERROR] LogOutputStream:74 - [STDERR_REDIRECT] 	at java.desktop/java.beans.PropertyChangeSupport.fire(PropertyChangeSupport.java:341)
2025-10-14 15:22:34,764 [ERROR] LogOutputStream:74 - [STDERR_REDIRECT] 	at java.desktop/java.beans.PropertyChangeSupport.firePropertyChange(PropertyChangeSupport.java:333)
2025-10-14 15:22:34,764 [ERROR] LogOutputStream:74 - [STDERR_REDIRECT] 	at com.st.microxplorer.mxsystem.MxSystem.propertyChange(MxSystem.java:446)
2025-10-14 15:22:34,764 [ERROR] LogOutputStream:74 - [STDERR_REDIRECT] 	at java.desktop/java.beans.PropertyChangeSupport.fire(PropertyChangeSupport.java:341)
2025-10-14 15:22:34,764 [ERROR] LogOutputStream:74 - [STDERR_REDIRECT] 	at java.desktop/java.beans.PropertyChangeSupport.firePropertyChange(PropertyChangeSupport.java:333)
2025-10-14 15:22:34,764 [ERROR] LogOutputStream:74 - [STDERR_REDIRECT] 	at java.desktop/java.beans.PropertyChangeSupport.firePropertyChange(PropertyChangeSupport.java:266)
2025-10-14 15:22:34,764 [ERROR] LogOutputStream:74 - [STDERR_REDIRECT] 	at com.st.microxplorer.util.MXPropertyChangeSupport.firePropertyChange(MXPropertyChangeSupport.java:50)
2025-10-14 15:22:34,764 [ERROR] LogOutputStream:74 - [STDERR_REDIRECT] 	at com.st.microxplorer.mcu.Mcu.propertyChange(Mcu.java:1660)
2025-10-14 15:22:34,764 [ERROR] LogOutputStream:74 - [STDERR_REDIRECT] 	at java.desktop/java.beans.PropertyChangeSupport.fire(PropertyChangeSupport.java:341)
2025-10-14 15:22:34,764 [ERROR] LogOutputStream:74 - [STDERR_REDIRECT] 	at java.desktop/java.beans.PropertyChangeSupport.firePropertyChange(PropertyChangeSupport.java:333)
2025-10-14 15:22:34,764 [ERROR] LogOutputStream:74 - [STDERR_REDIRECT] 	at java.desktop/java.beans.PropertyChangeSupport.firePropertyChange(PropertyChangeSupport.java:266)
2025-10-14 15:22:34,765 [ERROR] LogOutputStream:74 - [STDERR_REDIRECT] 	at com.st.microxplorer.util.MXPropertyChangeSupport.firePropertyChange(MXPropertyChangeSupport.java:50)
2025-10-14 15:22:34,765 [ERROR] LogOutputStream:74 - [STDERR_REDIRECT] 	at com.st.microxplorer.mcu.Pin.setPinLabel(Pin.java:2078)
2025-10-14 15:22:34,765 [ERROR] LogOutputStream:74 - [STDERR_REDIRECT] 	at com.st.microxplorer.plugins.pinoutconfig.gui.PinOutPanel$InputLabel$2.focusLost(PinOutPanel.java:2151)
2025-10-14 15:22:34,765 [ERROR] LogOutputStream:74 - [STDERR_REDIRECT] 	at java.desktop/java.awt.AWTEventMulticaster.focusLost(AWTEventMulticaster.java:238)
2025-10-14 15:22:34,765 [ERROR] LogOutputStream:74 - [STDERR_REDIRECT] 	at java.desktop/java.awt.AWTEventMulticaster.focusLost(AWTEventMulticaster.java:237)
2025-10-14 15:22:34,765 [ERROR] LogOutputStream:74 - [STDERR_REDIRECT] 	at java.desktop/java.awt.AWTEventMulticaster.focusLost(AWTEventMulticaster.java:237)
2025-10-14 15:22:34,765 [ERROR] LogOutputStream:74 - [STDERR_REDIRECT] 	at java.desktop/java.awt.Component.processFocusEvent(Component.java:6527)
2025-10-14 15:22:34,765 [ERROR] LogOutputStream:74 - [STDERR_REDIRECT] 	at java.desktop/java.awt.Component.processEvent(Component.java:6391)
2025-10-14 15:22:34,765 [ERROR] LogOutputStream:74 - [STDERR_REDIRECT] 	at java.desktop/java.awt.Container.processEvent(Container.java:2263)
2025-10-14 15:22:34,765 [ERROR] LogOutputStream:74 - [STDERR_REDIRECT] 	at java.desktop/java.awt.Component.dispatchEventImpl(Component.java:5011)
2025-10-14 15:22:34,766 [ERROR] LogOutputStream:74 - [STDERR_REDIRECT] 	at java.desktop/java.awt.Container.dispatchEventImpl(Container.java:2321)
2025-10-14 15:22:34,766 [ERROR] LogOutputStream:74 - [STDERR_REDIRECT] 	at java.desktop/java.awt.Component.dispatchEvent(Component.java:4843)
2025-10-14 15:22:34,766 [ERROR] LogOutputStream:74 - [STDERR_REDIRECT] 	at java.desktop/java.awt.KeyboardFocusManager.redispatchEvent(KeyboardFocusManager.java:1950)
2025-10-14 15:22:34,766 [ERROR] LogOutputStream:74 - [STDERR_REDIRECT] 	at java.desktop/java.awt.DefaultKeyboardFocusManager.typeAheadAssertions(DefaultKeyboardFocusManager.java:1059)
2025-10-14 15:22:34,766 [ERROR] LogOutputStream:74 - [STDERR_REDIRECT] 	at java.desktop/java.awt.DefaultKeyboardFocusManager.dispatchEvent(DefaultKeyboardFocusManager.java:725)
2025-10-14 15:22:34,766 [ERROR] LogOutputStream:74 - [STDERR_REDIRECT] 	at java.desktop/java.awt.Component.dispatchEventImpl(Component.java:4892)
2025-10-14 15:22:34,766 [ERROR] LogOutputStream:74 - [STDERR_REDIRECT] 	at java.desktop/java.awt.Container.dispatchEventImpl(Container.java:2321)
2025-10-14 15:22:34,766 [ERROR] LogOutputStream:74 - [STDERR_REDIRECT] 	at java.desktop/java.awt.Component.dispatchEvent(Component.java:4843)
2025-10-14 15:22:34,766 [ERROR] LogOutputStream:74 - [STDERR_REDIRECT] 	at java.desktop/java.awt.EventQueue.dispatchEventImpl(EventQueue.java:772)
2025-10-14 15:22:34,767 [ERROR] LogOutputStream:74 - [STDERR_REDIRECT] 	at java.desktop/java.awt.EventQueue$4.run(EventQueue.java:721)
2025-10-14 15:22:34,767 [ERROR] LogOutputStream:74 - [STDERR_REDIRECT] 	at java.desktop/java.awt.EventQueue$4.run(EventQueue.java:715)
2025-10-14 15:22:34,767 [ERROR] LogOutputStream:74 - [STDERR_REDIRECT] 	at java.base/java.security.AccessController.doPrivileged(Native Method)
2025-10-14 15:22:34,767 [ERROR] LogOutputStream:74 - [STDERR_REDIRECT] 	at java.base/java.security.ProtectionDomain$JavaSecurityAccessImpl.doIntersectionPrivilege(ProtectionDomain.java:85)
2025-10-14 15:22:34,767 [ERROR] LogOutputStream:74 - [STDERR_REDIRECT] 	at java.base/java.security.ProtectionDomain$JavaSecurityAccessImpl.doIntersectionPrivilege(ProtectionDomain.java:95)
2025-10-14 15:22:34,767 [ERROR] LogOutputStream:74 - [STDERR_REDIRECT] 	at java.desktop/java.awt.EventQueue$5.run(EventQueue.java:745)
2025-10-14 15:22:34,767 [ERROR] LogOutputStream:74 - [STDERR_REDIRECT] 	at java.desktop/java.awt.EventQueue$5.run(EventQueue.java:743)
2025-10-14 15:22:34,767 [ERROR] LogOutputStream:74 - [STDERR_REDIRECT] 	at java.base/java.security.AccessController.doPrivileged(Native Method)
2025-10-14 15:22:34,767 [ERROR] LogOutputStream:74 - [STDERR_REDIRECT] 	at java.base/java.security.ProtectionDomain$JavaSecurityAccessImpl.doIntersectionPrivilege(ProtectionDomain.java:85)
2025-10-14 15:22:34,767 [ERROR] LogOutputStream:74 - [STDERR_REDIRECT] 	at java.desktop/java.awt.EventQueue.dispatchEvent(EventQueue.java:742)
2025-10-14 15:22:34,768 [ERROR] LogOutputStream:74 - [STDERR_REDIRECT] 	at java.desktop/java.awt.EventDispatchThread.pumpOneEventForFilters(EventDispatchThread.java:203)
2025-10-14 15:22:34,768 [ERROR] LogOutputStream:74 - [STDERR_REDIRECT] 	at java.desktop/java.awt.EventDispatchThread.pumpEventsForFilter(EventDispatchThread.java:124)
2025-10-14 15:22:34,768 [ERROR] LogOutputStream:74 - [STDERR_REDIRECT] 	at java.desktop/java.awt.EventDispatchThread.pumpEventsForHierarchy(EventDispatchThread.java:113)
2025-10-14 15:22:34,768 [ERROR] LogOutputStream:74 - [STDERR_REDIRECT] 	at java.desktop/java.awt.EventDispatchThread.pumpEvents(EventDispatchThread.java:109)
2025-10-14 15:22:34,768 [ERROR] LogOutputStream:74 - [STDERR_REDIRECT] 	at java.desktop/java.awt.EventDispatchThread.pumpEvents(EventDispatchThread.java:101)
2025-10-14 15:22:34,768 [ERROR] LogOutputStream:74 - [STDERR_REDIRECT] 	at java.desktop/java.awt.EventDispatchThread.run(EventDispatchThread.java:90)
2025-10-14 15:22:38,950 [ERROR] LogOutputStream:74 - [STDERR_REDIRECT] Exception in thread "AWT-EventQueue-0" java.lang.NullPointerException
2025-10-14 15:22:38,951 [ERROR] LogOutputStream:74 - [STDERR_REDIRECT] 	at com.st.microxplorer.plugins.ip.gpio.model.IPTab.checkGPIOMode(IPTab.java:270)
2025-10-14 15:22:38,951 [ERROR] LogOutputStream:74 - [STDERR_REDIRECT] 	at com.st.microxplorer.plugins.ip.gpio.model.IPTab.checkCommonPossibleValues(IPTab.java:252)
2025-10-14 15:22:38,951 [ERROR] LogOutputStream:74 - [STDERR_REDIRECT] 	at com.st.microxplorer.plugins.ip.gpio.gui.GpioTablePanel.propertyChange(GpioTablePanel.java:484)
2025-10-14 15:22:38,951 [ERROR] LogOutputStream:74 - [STDERR_REDIRECT] 	at java.desktop/java.beans.PropertyChangeSupport.fire(PropertyChangeSupport.java:341)
2025-10-14 15:22:38,951 [ERROR] LogOutputStream:74 - [STDERR_REDIRECT] 	at java.desktop/java.beans.PropertyChangeSupport.firePropertyChange(PropertyChangeSupport.java:333)
2025-10-14 15:22:38,951 [ERROR] LogOutputStream:74 - [STDERR_REDIRECT] 	at com.st.microxplorer.mxsystem.MxSystem.propertyChange(MxSystem.java:446)
2025-10-14 15:22:38,951 [ERROR] LogOutputStream:74 - [STDERR_REDIRECT] 	at java.desktop/java.beans.PropertyChangeSupport.fire(PropertyChangeSupport.java:341)
2025-10-14 15:22:38,951 [ERROR] LogOutputStream:74 - [STDERR_REDIRECT] 	at java.desktop/java.beans.PropertyChangeSupport.firePropertyChange(PropertyChangeSupport.java:333)
2025-10-14 15:22:38,952 [ERROR] LogOutputStream:74 - [STDERR_REDIRECT] 	at java.desktop/java.beans.PropertyChangeSupport.firePropertyChange(PropertyChangeSupport.java:266)
2025-10-14 15:22:38,952 [ERROR] LogOutputStream:74 - [STDERR_REDIRECT] 	at com.st.microxplorer.util.MXPropertyChangeSupport.firePropertyChange(MXPropertyChangeSupport.java:50)
2025-10-14 15:22:38,952 [ERROR] LogOutputStream:74 - [STDERR_REDIRECT] 	at com.st.microxplorer.mcu.Mcu.propertyChange(Mcu.java:1660)
2025-10-14 15:22:38,952 [ERROR] LogOutputStream:74 - [STDERR_REDIRECT] 	at java.desktop/java.beans.PropertyChangeSupport.fire(PropertyChangeSupport.java:341)
2025-10-14 15:22:38,952 [ERROR] LogOutputStream:74 - [STDERR_REDIRECT] 	at java.desktop/java.beans.PropertyChangeSupport.firePropertyChange(PropertyChangeSupport.java:333)
2025-10-14 15:22:38,952 [ERROR] LogOutputStream:74 - [STDERR_REDIRECT] 	at java.desktop/java.beans.PropertyChangeSupport.firePropertyChange(PropertyChangeSupport.java:266)
2025-10-14 15:22:38,952 [ERROR] LogOutputStream:74 - [STDERR_REDIRECT] 	at com.st.microxplorer.util.MXPropertyChangeSupport.firePropertyChange(MXPropertyChangeSupport.java:50)
2025-10-14 15:22:38,952 [ERROR] LogOutputStream:74 - [STDERR_REDIRECT] 	at com.st.microxplorer.mcu.Pin.setPinLabel(Pin.java:2078)
2025-10-14 15:22:38,952 [ERROR] LogOutputStream:74 - [STDERR_REDIRECT] 	at com.st.microxplorer.plugins.pinoutconfig.gui.PinOutPanel$InputLabel$2.focusLost(PinOutPanel.java:2151)
2025-10-14 15:22:38,952 [ERROR] LogOutputStream:74 - [STDERR_REDIRECT] 	at java.desktop/java.awt.AWTEventMulticaster.focusLost(AWTEventMulticaster.java:238)
2025-10-14 15:22:38,953 [ERROR] LogOutputStream:74 - [STDERR_REDIRECT] 	at java.desktop/java.awt.AWTEventMulticaster.focusLost(AWTEventMulticaster.java:237)
2025-10-14 15:22:38,953 [ERROR] LogOutputStream:74 - [STDERR_REDIRECT] 	at java.desktop/java.awt.AWTEventMulticaster.focusLost(AWTEventMulticaster.java:237)
2025-10-14 15:22:38,953 [ERROR] LogOutputStream:74 - [STDERR_REDIRECT] 	at java.desktop/java.awt.Component.processFocusEvent(Component.java:6527)
2025-10-14 15:22:38,953 [ERROR] LogOutputStream:74 - [STDERR_REDIRECT] 	at java.desktop/java.awt.Component.processEvent(Component.java:6391)
2025-10-14 15:22:38,953 [ERROR] LogOutputStream:74 - [STDERR_REDIRECT] 	at java.desktop/java.awt.Container.processEvent(Container.java:2263)
2025-10-14 15:22:38,953 [ERROR] LogOutputStream:74 - [STDERR_REDIRECT] 	at java.desktop/java.awt.Component.dispatchEventImpl(Component.java:5011)
2025-10-14 15:22:38,953 [ERROR] LogOutputStream:74 - [STDERR_REDIRECT] 	at java.desktop/java.awt.Container.dispatchEventImpl(Container.java:2321)
2025-10-14 15:22:38,953 [ERROR] LogOutputStream:74 - [STDERR_REDIRECT] 	at java.desktop/java.awt.Component.dispatchEvent(Component.java:4843)
2025-10-14 15:22:38,953 [ERROR] LogOutputStream:74 - [STDERR_REDIRECT] 	at java.desktop/java.awt.KeyboardFocusManager.redispatchEvent(KeyboardFocusManager.java:1950)
2025-10-14 15:22:38,954 [ERROR] LogOutputStream:74 - [STDERR_REDIRECT] 	at java.desktop/java.awt.DefaultKeyboardFocusManager.typeAheadAssertions(DefaultKeyboardFocusManager.java:1059)
2025-10-14 15:22:38,954 [ERROR] LogOutputStream:74 - [STDERR_REDIRECT] 	at java.desktop/java.awt.DefaultKeyboardFocusManager.dispatchEvent(DefaultKeyboardFocusManager.java:725)
2025-10-14 15:22:38,954 [ERROR] LogOutputStream:74 - [STDERR_REDIRECT] 	at java.desktop/java.awt.Component.dispatchEventImpl(Component.java:4892)
2025-10-14 15:22:38,954 [ERROR] LogOutputStream:74 - [STDERR_REDIRECT] 	at java.desktop/java.awt.Container.dispatchEventImpl(Container.java:2321)
2025-10-14 15:22:38,954 [ERROR] LogOutputStream:74 - [STDERR_REDIRECT] 	at java.desktop/java.awt.Component.dispatchEvent(Component.java:4843)
2025-10-14 15:22:38,954 [ERROR] LogOutputStream:74 - [STDERR_REDIRECT] 	at java.desktop/java.awt.EventQueue.dispatchEventImpl(EventQueue.java:772)
2025-10-14 15:22:38,954 [ERROR] LogOutputStream:74 - [STDERR_REDIRECT] 	at java.desktop/java.awt.EventQueue$4.run(EventQueue.java:721)
2025-10-14 15:22:38,954 [ERROR] LogOutputStream:74 - [STDERR_REDIRECT] 	at java.desktop/java.awt.EventQueue$4.run(EventQueue.java:715)
2025-10-14 15:22:38,955 [ERROR] LogOutputStream:74 - [STDERR_REDIRECT] 	at java.base/java.security.AccessController.doPrivileged(Native Method)
2025-10-14 15:22:38,955 [ERROR] LogOutputStream:74 - [STDERR_REDIRECT] 	at java.base/java.security.ProtectionDomain$JavaSecurityAccessImpl.doIntersectionPrivilege(ProtectionDomain.java:85)
2025-10-14 15:22:38,955 [ERROR] LogOutputStream:74 - [STDERR_REDIRECT] 	at java.base/java.security.ProtectionDomain$JavaSecurityAccessImpl.doIntersectionPrivilege(ProtectionDomain.java:95)
2025-10-14 15:22:38,955 [ERROR] LogOutputStream:74 - [STDERR_REDIRECT] 	at java.desktop/java.awt.EventQueue$5.run(EventQueue.java:745)
2025-10-14 15:22:38,955 [ERROR] LogOutputStream:74 - [STDERR_REDIRECT] 	at java.desktop/java.awt.EventQueue$5.run(EventQueue.java:743)
2025-10-14 15:22:38,955 [ERROR] LogOutputStream:74 - [STDERR_REDIRECT] 	at java.base/java.security.AccessController.doPrivileged(Native Method)
2025-10-14 15:22:38,955 [ERROR] LogOutputStream:74 - [STDERR_REDIRECT] 	at java.base/java.security.ProtectionDomain$JavaSecurityAccessImpl.doIntersectionPrivilege(ProtectionDomain.java:85)
2025-10-14 15:22:38,955 [ERROR] LogOutputStream:74 - [STDERR_REDIRECT] 	at java.desktop/java.awt.EventQueue.dispatchEvent(EventQueue.java:742)
2025-10-14 15:22:38,955 [ERROR] LogOutputStream:74 - [STDERR_REDIRECT] 	at java.desktop/java.awt.EventDispatchThread.pumpOneEventForFilters(EventDispatchThread.java:203)
2025-10-14 15:22:38,956 [ERROR] LogOutputStream:74 - [STDERR_REDIRECT] 	at java.desktop/java.awt.EventDispatchThread.pumpEventsForFilter(EventDispatchThread.java:124)
2025-10-14 15:22:38,956 [ERROR] LogOutputStream:74 - [STDERR_REDIRECT] 	at java.desktop/java.awt.EventDispatchThread.pumpEventsForHierarchy(EventDispatchThread.java:113)
2025-10-14 15:22:38,956 [ERROR] LogOutputStream:74 - [STDERR_REDIRECT] 	at java.desktop/java.awt.EventDispatchThread.pumpEvents(EventDispatchThread.java:109)
2025-10-14 15:22:38,956 [ERROR] LogOutputStream:74 - [STDERR_REDIRECT] 	at java.desktop/java.awt.EventDispatchThread.pumpEvents(EventDispatchThread.java:101)
2025-10-14 15:22:38,956 [ERROR] LogOutputStream:74 - [STDERR_REDIRECT] 	at java.desktop/java.awt.EventDispatchThread.run(EventDispatchThread.java:90)
2025-10-14 15:22:42,796 [ERROR] LogOutputStream:74 - [STDERR_REDIRECT] Exception in thread "AWT-EventQueue-0" java.lang.NullPointerException
2025-10-14 15:22:42,797 [ERROR] LogOutputStream:74 - [STDERR_REDIRECT] 	at com.st.microxplorer.plugins.ip.gpio.model.IPTab.checkGPIOMode(IPTab.java:270)
2025-10-14 15:22:42,797 [ERROR] LogOutputStream:74 - [STDERR_REDIRECT] 	at com.st.microxplorer.plugins.ip.gpio.model.IPTab.checkCommonPossibleValues(IPTab.java:252)
2025-10-14 15:22:42,797 [ERROR] LogOutputStream:74 - [STDERR_REDIRECT] 	at com.st.microxplorer.plugins.ip.gpio.gui.GpioTablePanel.propertyChange(GpioTablePanel.java:484)
2025-10-14 15:22:42,797 [ERROR] LogOutputStream:74 - [STDERR_REDIRECT] 	at java.desktop/java.beans.PropertyChangeSupport.fire(PropertyChangeSupport.java:341)
2025-10-14 15:22:42,797 [ERROR] LogOutputStream:74 - [STDERR_REDIRECT] 	at java.desktop/java.beans.PropertyChangeSupport.firePropertyChange(PropertyChangeSupport.java:333)
2025-10-14 15:22:42,797 [ERROR] LogOutputStream:74 - [STDERR_REDIRECT] 	at com.st.microxplorer.mxsystem.MxSystem.propertyChange(MxSystem.java:446)
2025-10-14 15:22:42,797 [ERROR] LogOutputStream:74 - [STDERR_REDIRECT] 	at java.desktop/java.beans.PropertyChangeSupport.fire(PropertyChangeSupport.java:341)
2025-10-14 15:22:42,798 [ERROR] LogOutputStream:74 - [STDERR_REDIRECT] 	at java.desktop/java.beans.PropertyChangeSupport.firePropertyChange(PropertyChangeSupport.java:333)
2025-10-14 15:22:42,798 [ERROR] LogOutputStream:74 - [STDERR_REDIRECT] 	at java.desktop/java.beans.PropertyChangeSupport.firePropertyChange(PropertyChangeSupport.java:266)
2025-10-14 15:22:42,798 [ERROR] LogOutputStream:74 - [STDERR_REDIRECT] 	at com.st.microxplorer.util.MXPropertyChangeSupport.firePropertyChange(MXPropertyChangeSupport.java:50)
2025-10-14 15:22:42,798 [ERROR] LogOutputStream:74 - [STDERR_REDIRECT] 	at com.st.microxplorer.mcu.Mcu.propertyChange(Mcu.java:1660)
2025-10-14 15:22:42,798 [ERROR] LogOutputStream:74 - [STDERR_REDIRECT] 	at java.desktop/java.beans.PropertyChangeSupport.fire(PropertyChangeSupport.java:341)
2025-10-14 15:22:42,798 [ERROR] LogOutputStream:74 - [STDERR_REDIRECT] 	at java.desktop/java.beans.PropertyChangeSupport.firePropertyChange(PropertyChangeSupport.java:333)
2025-10-14 15:22:42,798 [ERROR] LogOutputStream:74 - [STDERR_REDIRECT] 	at java.desktop/java.beans.PropertyChangeSupport.firePropertyChange(PropertyChangeSupport.java:266)
2025-10-14 15:22:42,798 [ERROR] LogOutputStream:74 - [STDERR_REDIRECT] 	at com.st.microxplorer.util.MXPropertyChangeSupport.firePropertyChange(MXPropertyChangeSupport.java:50)
2025-10-14 15:22:42,798 [ERROR] LogOutputStream:74 - [STDERR_REDIRECT] 	at com.st.microxplorer.mcu.Pin.setPinLabel(Pin.java:2078)
2025-10-14 15:22:42,798 [ERROR] LogOutputStream:74 - [STDERR_REDIRECT] 	at com.st.microxplorer.plugins.pinoutconfig.gui.PinOutPanel$InputLabel$2.focusLost(PinOutPanel.java:2151)
2025-10-14 15:22:42,799 [ERROR] LogOutputStream:74 - [STDERR_REDIRECT] 	at java.desktop/java.awt.AWTEventMulticaster.focusLost(AWTEventMulticaster.java:238)
2025-10-14 15:22:42,799 [ERROR] LogOutputStream:74 - [STDERR_REDIRECT] 	at java.desktop/java.awt.AWTEventMulticaster.focusLost(AWTEventMulticaster.java:237)
2025-10-14 15:22:42,799 [ERROR] LogOutputStream:74 - [STDERR_REDIRECT] 	at java.desktop/java.awt.AWTEventMulticaster.focusLost(AWTEventMulticaster.java:237)
2025-10-14 15:22:42,799 [ERROR] LogOutputStream:74 - [STDERR_REDIRECT] 	at java.desktop/java.awt.Component.processFocusEvent(Component.java:6527)
2025-10-14 15:22:42,799 [ERROR] LogOutputStream:74 - [STDERR_REDIRECT] 	at java.desktop/java.awt.Component.processEvent(Component.java:6391)
2025-10-14 15:22:42,799 [ERROR] LogOutputStream:74 - [STDERR_REDIRECT] 	at java.desktop/java.awt.Container.processEvent(Container.java:2263)
2025-10-14 15:22:42,799 [ERROR] LogOutputStream:74 - [STDERR_REDIRECT] 	at java.desktop/java.awt.Component.dispatchEventImpl(Component.java:5011)
2025-10-14 15:22:42,799 [ERROR] LogOutputStream:74 - [STDERR_REDIRECT] 	at java.desktop/java.awt.Container.dispatchEventImpl(Container.java:2321)
2025-10-14 15:22:42,799 [ERROR] LogOutputStream:74 - [STDERR_REDIRECT] 	at java.desktop/java.awt.Component.dispatchEvent(Component.java:4843)
2025-10-14 15:22:42,800 [ERROR] LogOutputStream:74 - [STDERR_REDIRECT] 	at java.desktop/java.awt.KeyboardFocusManager.redispatchEvent(KeyboardFocusManager.java:1950)
2025-10-14 15:22:42,800 [ERROR] LogOutputStream:74 - [STDERR_REDIRECT] 	at java.desktop/java.awt.DefaultKeyboardFocusManager.typeAheadAssertions(DefaultKeyboardFocusManager.java:1059)
2025-10-14 15:22:42,800 [ERROR] LogOutputStream:74 - [STDERR_REDIRECT] 	at java.desktop/java.awt.DefaultKeyboardFocusManager.dispatchEvent(DefaultKeyboardFocusManager.java:725)
2025-10-14 15:22:42,800 [ERROR] LogOutputStream:74 - [STDERR_REDIRECT] 	at java.desktop/java.awt.Component.dispatchEventImpl(Component.java:4892)
2025-10-14 15:22:42,800 [ERROR] LogOutputStream:74 - [STDERR_REDIRECT] 	at java.desktop/java.awt.Container.dispatchEventImpl(Container.java:2321)
2025-10-14 15:22:42,800 [ERROR] LogOutputStream:74 - [STDERR_REDIRECT] 	at java.desktop/java.awt.Component.dispatchEvent(Component.java:4843)
2025-10-14 15:22:42,800 [ERROR] LogOutputStream:74 - [STDERR_REDIRECT] 	at java.desktop/java.awt.EventQueue.dispatchEventImpl(EventQueue.java:772)
2025-10-14 15:22:42,800 [ERROR] LogOutputStream:74 - [STDERR_REDIRECT] 	at java.desktop/java.awt.EventQueue$4.run(EventQueue.java:721)
2025-10-14 15:22:42,800 [ERROR] LogOutputStream:74 - [STDERR_REDIRECT] 	at java.desktop/java.awt.EventQueue$4.run(EventQueue.java:715)
2025-10-14 15:22:42,801 [ERROR] LogOutputStream:74 - [STDERR_REDIRECT] 	at java.base/java.security.AccessController.doPrivileged(Native Method)
2025-10-14 15:22:42,801 [ERROR] LogOutputStream:74 - [STDERR_REDIRECT] 	at java.base/java.security.ProtectionDomain$JavaSecurityAccessImpl.doIntersectionPrivilege(ProtectionDomain.java:85)
2025-10-14 15:22:42,801 [ERROR] LogOutputStream:74 - [STDERR_REDIRECT] 	at java.base/java.security.ProtectionDomain$JavaSecurityAccessImpl.doIntersectionPrivilege(ProtectionDomain.java:95)
2025-10-14 15:22:42,801 [ERROR] LogOutputStream:74 - [STDERR_REDIRECT] 	at java.desktop/java.awt.EventQueue$5.run(EventQueue.java:745)
2025-10-14 15:22:42,801 [ERROR] LogOutputStream:74 - [STDERR_REDIRECT] 	at java.desktop/java.awt.EventQueue$5.run(EventQueue.java:743)
2025-10-14 15:22:42,801 [ERROR] LogOutputStream:74 - [STDERR_REDIRECT] 	at java.base/java.security.AccessController.doPrivileged(Native Method)
2025-10-14 15:22:42,801 [ERROR] LogOutputStream:74 - [STDERR_REDIRECT] 	at java.base/java.security.ProtectionDomain$JavaSecurityAccessImpl.doIntersectionPrivilege(ProtectionDomain.java:85)
2025-10-14 15:22:42,801 [ERROR] LogOutputStream:74 - [STDERR_REDIRECT] 	at java.desktop/java.awt.EventQueue.dispatchEvent(EventQueue.java:742)
2025-10-14 15:22:42,801 [ERROR] LogOutputStream:74 - [STDERR_REDIRECT] 	at java.desktop/java.awt.EventDispatchThread.pumpOneEventForFilters(EventDispatchThread.java:203)
2025-10-14 15:22:42,802 [ERROR] LogOutputStream:74 - [STDERR_REDIRECT] 	at java.desktop/java.awt.EventDispatchThread.pumpEventsForFilter(EventDispatchThread.java:124)
2025-10-14 15:22:42,802 [ERROR] LogOutputStream:74 - [STDERR_REDIRECT] 	at java.desktop/java.awt.EventDispatchThread.pumpEventsForHierarchy(EventDispatchThread.java:113)
2025-10-14 15:22:42,802 [ERROR] LogOutputStream:74 - [STDERR_REDIRECT] 	at java.desktop/java.awt.EventDispatchThread.pumpEvents(EventDispatchThread.java:109)
2025-10-14 15:22:42,802 [ERROR] LogOutputStream:74 - [STDERR_REDIRECT] 	at java.desktop/java.awt.EventDispatchThread.pumpEvents(EventDispatchThread.java:101)
2025-10-14 15:22:42,802 [ERROR] LogOutputStream:74 - [STDERR_REDIRECT] 	at java.desktop/java.awt.EventDispatchThread.run(EventDispatchThread.java:90)
2025-10-14 15:22:47,809 [INFO] Gpio:254 - dependency for GPIO []
2025-10-14 15:22:51,179 [ERROR] LogOutputStream:74 - [STDERR_REDIRECT] Exception in thread "AWT-EventQueue-0" java.lang.NullPointerException
2025-10-14 15:22:51,179 [ERROR] LogOutputStream:74 - [STDERR_REDIRECT] 	at com.st.microxplorer.plugins.ip.gpio.model.IPTab.checkGPIOMode(IPTab.java:270)
2025-10-14 15:22:51,179 [ERROR] LogOutputStream:74 - [STDERR_REDIRECT] 	at com.st.microxplorer.plugins.ip.gpio.model.IPTab.checkCommonPossibleValues(IPTab.java:252)
2025-10-14 15:22:51,179 [ERROR] LogOutputStream:74 - [STDERR_REDIRECT] 	at com.st.microxplorer.plugins.ip.gpio.gui.GpioTablePanel.propertyChange(GpioTablePanel.java:484)
2025-10-14 15:22:51,179 [ERROR] LogOutputStream:74 - [STDERR_REDIRECT] 	at java.desktop/java.beans.PropertyChangeSupport.fire(PropertyChangeSupport.java:341)
2025-10-14 15:22:51,180 [ERROR] LogOutputStream:74 - [STDERR_REDIRECT] 	at java.desktop/java.beans.PropertyChangeSupport.firePropertyChange(PropertyChangeSupport.java:333)
2025-10-14 15:22:51,180 [ERROR] LogOutputStream:74 - [STDERR_REDIRECT] 	at com.st.microxplorer.mxsystem.MxSystem.propertyChange(MxSystem.java:446)
2025-10-14 15:22:51,180 [ERROR] LogOutputStream:74 - [STDERR_REDIRECT] 	at java.desktop/java.beans.PropertyChangeSupport.fire(PropertyChangeSupport.java:341)
2025-10-14 15:22:51,180 [ERROR] LogOutputStream:74 - [STDERR_REDIRECT] 	at java.desktop/java.beans.PropertyChangeSupport.firePropertyChange(PropertyChangeSupport.java:333)
2025-10-14 15:22:51,180 [ERROR] LogOutputStream:74 - [STDERR_REDIRECT] 	at java.desktop/java.beans.PropertyChangeSupport.firePropertyChange(PropertyChangeSupport.java:266)
2025-10-14 15:22:51,180 [ERROR] LogOutputStream:74 - [STDERR_REDIRECT] 	at com.st.microxplorer.util.MXPropertyChangeSupport.firePropertyChange(MXPropertyChangeSupport.java:50)
2025-10-14 15:22:51,180 [ERROR] LogOutputStream:74 - [STDERR_REDIRECT] 	at com.st.microxplorer.mcu.Mcu.propertyChange(Mcu.java:1660)
2025-10-14 15:22:51,180 [ERROR] LogOutputStream:74 - [STDERR_REDIRECT] 	at java.desktop/java.beans.PropertyChangeSupport.fire(PropertyChangeSupport.java:341)
2025-10-14 15:22:51,181 [ERROR] LogOutputStream:74 - [STDERR_REDIRECT] 	at java.desktop/java.beans.PropertyChangeSupport.firePropertyChange(PropertyChangeSupport.java:333)
2025-10-14 15:22:51,181 [ERROR] LogOutputStream:74 - [STDERR_REDIRECT] 	at java.desktop/java.beans.PropertyChangeSupport.firePropertyChange(PropertyChangeSupport.java:266)
2025-10-14 15:22:51,181 [ERROR] LogOutputStream:74 - [STDERR_REDIRECT] 	at com.st.microxplorer.util.MXPropertyChangeSupport.firePropertyChange(MXPropertyChangeSupport.java:50)
2025-10-14 15:22:51,181 [ERROR] LogOutputStream:74 - [STDERR_REDIRECT] 	at com.st.microxplorer.mcu.Pin.setPinLabel(Pin.java:2078)
2025-10-14 15:22:51,181 [ERROR] LogOutputStream:74 - [STDERR_REDIRECT] 	at com.st.microxplorer.plugins.pinoutconfig.gui.PinOutPanel$InputLabel$2.focusLost(PinOutPanel.java:2151)
2025-10-14 15:22:51,181 [ERROR] LogOutputStream:74 - [STDERR_REDIRECT] 	at java.desktop/java.awt.AWTEventMulticaster.focusLost(AWTEventMulticaster.java:238)
2025-10-14 15:22:51,181 [ERROR] LogOutputStream:74 - [STDERR_REDIRECT] 	at java.desktop/java.awt.AWTEventMulticaster.focusLost(AWTEventMulticaster.java:237)
2025-10-14 15:22:51,181 [ERROR] LogOutputStream:74 - [STDERR_REDIRECT] 	at java.desktop/java.awt.AWTEventMulticaster.focusLost(AWTEventMulticaster.java:237)
2025-10-14 15:22:51,182 [ERROR] LogOutputStream:74 - [STDERR_REDIRECT] 	at java.desktop/java.awt.Component.processFocusEvent(Component.java:6527)
2025-10-14 15:22:51,182 [ERROR] LogOutputStream:74 - [STDERR_REDIRECT] 	at java.desktop/java.awt.Component.processEvent(Component.java:6391)
2025-10-14 15:22:51,182 [ERROR] LogOutputStream:74 - [STDERR_REDIRECT] 	at java.desktop/java.awt.Container.processEvent(Container.java:2263)
2025-10-14 15:22:51,182 [ERROR] LogOutputStream:74 - [STDERR_REDIRECT] 	at java.desktop/java.awt.Component.dispatchEventImpl(Component.java:5011)
2025-10-14 15:22:51,182 [ERROR] LogOutputStream:74 - [STDERR_REDIRECT] 	at java.desktop/java.awt.Container.dispatchEventImpl(Container.java:2321)
2025-10-14 15:22:51,182 [ERROR] LogOutputStream:74 - [STDERR_REDIRECT] 	at java.desktop/java.awt.Component.dispatchEvent(Component.java:4843)
2025-10-14 15:22:51,182 [ERROR] LogOutputStream:74 - [STDERR_REDIRECT] 	at java.desktop/java.awt.KeyboardFocusManager.redispatchEvent(KeyboardFocusManager.java:1950)
2025-10-14 15:22:51,182 [ERROR] LogOutputStream:74 - [STDERR_REDIRECT] 	at java.desktop/java.awt.DefaultKeyboardFocusManager.typeAheadAssertions(DefaultKeyboardFocusManager.java:1059)
2025-10-14 15:22:51,183 [ERROR] LogOutputStream:74 - [STDERR_REDIRECT] 	at java.desktop/java.awt.DefaultKeyboardFocusManager.dispatchEvent(DefaultKeyboardFocusManager.java:725)
2025-10-14 15:22:51,183 [ERROR] LogOutputStream:74 - [STDERR_REDIRECT] 	at java.desktop/java.awt.Component.dispatchEventImpl(Component.java:4892)
2025-10-14 15:22:51,183 [ERROR] LogOutputStream:74 - [STDERR_REDIRECT] 	at java.desktop/java.awt.Container.dispatchEventImpl(Container.java:2321)
2025-10-14 15:22:51,183 [ERROR] LogOutputStream:74 - [STDERR_REDIRECT] 	at java.desktop/java.awt.Component.dispatchEvent(Component.java:4843)
2025-10-14 15:22:51,183 [ERROR] LogOutputStream:74 - [STDERR_REDIRECT] 	at java.desktop/java.awt.EventQueue.dispatchEventImpl(EventQueue.java:772)
2025-10-14 15:22:51,183 [ERROR] LogOutputStream:74 - [STDERR_REDIRECT] 	at java.desktop/java.awt.EventQueue$4.run(EventQueue.java:721)
2025-10-14 15:22:51,183 [ERROR] LogOutputStream:74 - [STDERR_REDIRECT] 	at java.desktop/java.awt.EventQueue$4.run(EventQueue.java:715)
2025-10-14 15:22:51,183 [ERROR] LogOutputStream:74 - [STDERR_REDIRECT] 	at java.base/java.security.AccessController.doPrivileged(Native Method)
2025-10-14 15:22:51,184 [ERROR] LogOutputStream:74 - [STDERR_REDIRECT] 	at java.base/java.security.ProtectionDomain$JavaSecurityAccessImpl.doIntersectionPrivilege(ProtectionDomain.java:85)
2025-10-14 15:22:51,184 [ERROR] LogOutputStream:74 - [STDERR_REDIRECT] 	at java.base/java.security.ProtectionDomain$JavaSecurityAccessImpl.doIntersectionPrivilege(ProtectionDomain.java:95)
2025-10-14 15:22:51,184 [ERROR] LogOutputStream:74 - [STDERR_REDIRECT] 	at java.desktop/java.awt.EventQueue$5.run(EventQueue.java:745)
2025-10-14 15:22:51,184 [ERROR] LogOutputStream:74 - [STDERR_REDIRECT] 	at java.desktop/java.awt.EventQueue$5.run(EventQueue.java:743)
2025-10-14 15:22:51,184 [ERROR] LogOutputStream:74 - [STDERR_REDIRECT] 	at java.base/java.security.AccessController.doPrivileged(Native Method)
2025-10-14 15:22:51,184 [ERROR] LogOutputStream:74 - [STDERR_REDIRECT] 	at java.base/java.security.ProtectionDomain$JavaSecurityAccessImpl.doIntersectionPrivilege(ProtectionDomain.java:85)
2025-10-14 15:22:51,191 [ERROR] LogOutputStream:74 - [STDERR_REDIRECT] 	at java.desktop/java.awt.EventQueue.dispatchEvent(EventQueue.java:742)
2025-10-14 15:22:51,191 [ERROR] LogOutputStream:74 - [STDERR_REDIRECT] 	at java.desktop/java.awt.EventDispatchThread.pumpOneEventForFilters(EventDispatchThread.java:203)
2025-10-14 15:22:51,191 [ERROR] LogOutputStream:74 - [STDERR_REDIRECT] 	at java.desktop/java.awt.EventDispatchThread.pumpEventsForFilter(EventDispatchThread.java:124)
2025-10-14 15:22:51,191 [ERROR] LogOutputStream:74 - [STDERR_REDIRECT] 	at java.desktop/java.awt.EventDispatchThread.pumpEventsForHierarchy(EventDispatchThread.java:113)
2025-10-14 15:22:51,191 [ERROR] LogOutputStream:74 - [STDERR_REDIRECT] 	at java.desktop/java.awt.EventDispatchThread.pumpEvents(EventDispatchThread.java:109)
2025-10-14 15:22:51,192 [ERROR] LogOutputStream:74 - [STDERR_REDIRECT] 	at java.desktop/java.awt.EventDispatchThread.pumpEvents(EventDispatchThread.java:101)
2025-10-14 15:22:51,192 [ERROR] LogOutputStream:74 - [STDERR_REDIRECT] 	at java.desktop/java.awt.EventDispatchThread.run(EventDispatchThread.java:90)
2025-10-14 15:22:53,950 [INFO] Gpio:254 - dependency for GPIO []
2025-10-14 15:22:57,358 [INFO] Gpio:254 - dependency for GPIO []
2025-10-14 15:22:59,348 [INFO] Gpio:254 - dependency for GPIO []
2025-10-14 15:23:02,265 [INFO] Gpio:254 - dependency for GPIO []
2025-10-14 15:23:04,404 [INFO] Gpio:254 - dependency for GPIO []
2025-10-14 15:23:06,927 [INFO] Gpio:254 - dependency for GPIO []
2025-10-14 15:23:08,964 [INFO] Gpio:254 - dependency for GPIO []
2025-10-14 15:23:23,352 [ERROR] LogOutputStream:74 - [STDERR_REDIRECT] Exception in thread "AWT-EventQueue-0" java.lang.NullPointerException
2025-10-14 15:23:23,352 [ERROR] LogOutputStream:74 - [STDERR_REDIRECT] 	at com.st.microxplorer.plugins.ip.gpio.model.IPTab.checkGPIOMode(IPTab.java:270)
2025-10-14 15:23:23,352 [ERROR] LogOutputStream:74 - [STDERR_REDIRECT] 	at com.st.microxplorer.plugins.ip.gpio.model.IPTab.checkCommonPossibleValues(IPTab.java:252)
2025-10-14 15:23:23,352 [ERROR] LogOutputStream:74 - [STDERR_REDIRECT] 	at com.st.microxplorer.plugins.ip.gpio.gui.GpioTablePanel.propertyChange(GpioTablePanel.java:484)
2025-10-14 15:23:23,352 [ERROR] LogOutputStream:74 - [STDERR_REDIRECT] 	at java.desktop/java.beans.PropertyChangeSupport.fire(PropertyChangeSupport.java:341)
2025-10-14 15:23:23,352 [ERROR] LogOutputStream:74 - [STDERR_REDIRECT] 	at java.desktop/java.beans.PropertyChangeSupport.firePropertyChange(PropertyChangeSupport.java:333)
2025-10-14 15:23:23,352 [ERROR] LogOutputStream:74 - [STDERR_REDIRECT] 	at com.st.microxplorer.mxsystem.MxSystem.propertyChange(MxSystem.java:446)
2025-10-14 15:23:23,353 [ERROR] LogOutputStream:74 - [STDERR_REDIRECT] 	at java.desktop/java.beans.PropertyChangeSupport.fire(PropertyChangeSupport.java:341)
2025-10-14 15:23:23,353 [ERROR] LogOutputStream:74 - [STDERR_REDIRECT] 	at java.desktop/java.beans.PropertyChangeSupport.firePropertyChange(PropertyChangeSupport.java:333)
2025-10-14 15:23:23,353 [ERROR] LogOutputStream:74 - [STDERR_REDIRECT] 	at java.desktop/java.beans.PropertyChangeSupport.firePropertyChange(PropertyChangeSupport.java:266)
2025-10-14 15:23:23,353 [ERROR] LogOutputStream:74 - [STDERR_REDIRECT] 	at com.st.microxplorer.util.MXPropertyChangeSupport.firePropertyChange(MXPropertyChangeSupport.java:50)
2025-10-14 15:23:23,353 [ERROR] LogOutputStream:74 - [STDERR_REDIRECT] 	at com.st.microxplorer.mcu.Mcu.propertyChange(Mcu.java:1660)
2025-10-14 15:23:23,353 [ERROR] LogOutputStream:74 - [STDERR_REDIRECT] 	at java.desktop/java.beans.PropertyChangeSupport.fire(PropertyChangeSupport.java:341)
2025-10-14 15:23:23,353 [ERROR] LogOutputStream:74 - [STDERR_REDIRECT] 	at java.desktop/java.beans.PropertyChangeSupport.firePropertyChange(PropertyChangeSupport.java:333)
2025-10-14 15:23:23,353 [ERROR] LogOutputStream:74 - [STDERR_REDIRECT] 	at java.desktop/java.beans.PropertyChangeSupport.firePropertyChange(PropertyChangeSupport.java:266)
2025-10-14 15:23:23,353 [ERROR] LogOutputStream:74 - [STDERR_REDIRECT] 	at com.st.microxplorer.util.MXPropertyChangeSupport.firePropertyChange(MXPropertyChangeSupport.java:50)
2025-10-14 15:23:23,353 [ERROR] LogOutputStream:74 - [STDERR_REDIRECT] 	at com.st.microxplorer.mcu.Pin.setPinLabel(Pin.java:2078)
2025-10-14 15:23:23,354 [ERROR] LogOutputStream:74 - [STDERR_REDIRECT] 	at com.st.microxplorer.plugins.pinoutconfig.gui.PinOutPanel$InputLabel$2.focusLost(PinOutPanel.java:2151)
2025-10-14 15:23:23,354 [ERROR] LogOutputStream:74 - [STDERR_REDIRECT] 	at java.desktop/java.awt.AWTEventMulticaster.focusLost(AWTEventMulticaster.java:238)
2025-10-14 15:23:23,354 [ERROR] LogOutputStream:74 - [STDERR_REDIRECT] 	at java.desktop/java.awt.AWTEventMulticaster.focusLost(AWTEventMulticaster.java:237)
2025-10-14 15:23:23,354 [ERROR] LogOutputStream:74 - [STDERR_REDIRECT] 	at java.desktop/java.awt.AWTEventMulticaster.focusLost(AWTEventMulticaster.java:237)
2025-10-14 15:23:23,354 [ERROR] LogOutputStream:74 - [STDERR_REDIRECT] 	at java.desktop/java.awt.Component.processFocusEvent(Component.java:6527)
2025-10-14 15:23:23,354 [ERROR] LogOutputStream:74 - [STDERR_REDIRECT] 	at java.desktop/java.awt.Component.processEvent(Component.java:6391)
2025-10-14 15:23:23,354 [ERROR] LogOutputStream:74 - [STDERR_REDIRECT] 	at java.desktop/java.awt.Container.processEvent(Container.java:2263)
2025-10-14 15:23:23,354 [ERROR] LogOutputStream:74 - [STDERR_REDIRECT] 	at java.desktop/java.awt.Component.dispatchEventImpl(Component.java:5011)
2025-10-14 15:23:23,354 [ERROR] LogOutputStream:74 - [STDERR_REDIRECT] 	at java.desktop/java.awt.Container.dispatchEventImpl(Container.java:2321)
2025-10-14 15:23:23,355 [ERROR] LogOutputStream:74 - [STDERR_REDIRECT] 	at java.desktop/java.awt.Component.dispatchEvent(Component.java:4843)
2025-10-14 15:23:23,355 [ERROR] LogOutputStream:74 - [STDERR_REDIRECT] 	at java.desktop/java.awt.KeyboardFocusManager.redispatchEvent(KeyboardFocusManager.java:1950)
2025-10-14 15:23:23,355 [ERROR] LogOutputStream:74 - [STDERR_REDIRECT] 	at java.desktop/java.awt.DefaultKeyboardFocusManager.typeAheadAssertions(DefaultKeyboardFocusManager.java:1059)
2025-10-14 15:23:23,355 [ERROR] LogOutputStream:74 - [STDERR_REDIRECT] 	at java.desktop/java.awt.DefaultKeyboardFocusManager.dispatchEvent(DefaultKeyboardFocusManager.java:725)
2025-10-14 15:23:23,355 [ERROR] LogOutputStream:74 - [STDERR_REDIRECT] 	at java.desktop/java.awt.Component.dispatchEventImpl(Component.java:4892)
2025-10-14 15:23:23,355 [ERROR] LogOutputStream:74 - [STDERR_REDIRECT] 	at java.desktop/java.awt.Container.dispatchEventImpl(Container.java:2321)
2025-10-14 15:23:23,355 [ERROR] LogOutputStream:74 - [STDERR_REDIRECT] 	at java.desktop/java.awt.Component.dispatchEvent(Component.java:4843)
2025-10-14 15:23:23,355 [ERROR] LogOutputStream:74 - [STDERR_REDIRECT] 	at java.desktop/java.awt.EventQueue.dispatchEventImpl(EventQueue.java:772)
2025-10-14 15:23:23,355 [ERROR] LogOutputStream:74 - [STDERR_REDIRECT] 	at java.desktop/java.awt.EventQueue$4.run(EventQueue.java:721)
2025-10-14 15:23:23,356 [ERROR] LogOutputStream:74 - [STDERR_REDIRECT] 	at java.desktop/java.awt.EventQueue$4.run(EventQueue.java:715)
2025-10-14 15:23:23,356 [ERROR] LogOutputStream:74 - [STDERR_REDIRECT] 	at java.base/java.security.AccessController.doPrivileged(Native Method)
2025-10-14 15:23:23,356 [ERROR] LogOutputStream:74 - [STDERR_REDIRECT] 	at java.base/java.security.ProtectionDomain$JavaSecurityAccessImpl.doIntersectionPrivilege(ProtectionDomain.java:85)
2025-10-14 15:23:23,356 [ERROR] LogOutputStream:74 - [STDERR_REDIRECT] 	at java.base/java.security.ProtectionDomain$JavaSecurityAccessImpl.doIntersectionPrivilege(ProtectionDomain.java:95)
2025-10-14 15:23:23,356 [ERROR] LogOutputStream:74 - [STDERR_REDIRECT] 	at java.desktop/java.awt.EventQueue$5.run(EventQueue.java:745)
2025-10-14 15:23:23,356 [ERROR] LogOutputStream:74 - [STDERR_REDIRECT] 	at java.desktop/java.awt.EventQueue$5.run(EventQueue.java:743)
2025-10-14 15:23:23,356 [ERROR] LogOutputStream:74 - [STDERR_REDIRECT] 	at java.base/java.security.AccessController.doPrivileged(Native Method)
2025-10-14 15:23:23,356 [ERROR] LogOutputStream:74 - [STDERR_REDIRECT] 	at java.base/java.security.ProtectionDomain$JavaSecurityAccessImpl.doIntersectionPrivilege(ProtectionDomain.java:85)
2025-10-14 15:23:23,356 [ERROR] LogOutputStream:74 - [STDERR_REDIRECT] 	at java.desktop/java.awt.EventQueue.dispatchEvent(EventQueue.java:742)
2025-10-14 15:23:23,357 [ERROR] LogOutputStream:74 - [STDERR_REDIRECT] 	at java.desktop/java.awt.EventDispatchThread.pumpOneEventForFilters(EventDispatchThread.java:203)
2025-10-14 15:23:23,357 [ERROR] LogOutputStream:74 - [STDERR_REDIRECT] 	at java.desktop/java.awt.EventDispatchThread.pumpEventsForFilter(EventDispatchThread.java:124)
2025-10-14 15:23:23,357 [ERROR] LogOutputStream:74 - [STDERR_REDIRECT] 	at java.desktop/java.awt.EventDispatchThread.pumpEventsForHierarchy(EventDispatchThread.java:113)
2025-10-14 15:23:23,357 [ERROR] LogOutputStream:74 - [STDERR_REDIRECT] 	at java.desktop/java.awt.EventDispatchThread.pumpEvents(EventDispatchThread.java:109)
2025-10-14 15:23:23,357 [ERROR] LogOutputStream:74 - [STDERR_REDIRECT] 	at java.desktop/java.awt.EventDispatchThread.pumpEvents(EventDispatchThread.java:101)
2025-10-14 15:23:23,357 [ERROR] LogOutputStream:74 - [STDERR_REDIRECT] 	at java.desktop/java.awt.EventDispatchThread.run(EventDispatchThread.java:90)
2025-10-14 15:23:27,785 [ERROR] LogOutputStream:74 - [STDERR_REDIRECT] Exception in thread "AWT-EventQueue-0" java.lang.NullPointerException
2025-10-14 15:23:27,786 [ERROR] LogOutputStream:74 - [STDERR_REDIRECT] 	at com.st.microxplorer.plugins.ip.gpio.model.IPTab.checkGPIOMode(IPTab.java:270)
2025-10-14 15:23:27,786 [ERROR] LogOutputStream:74 - [STDERR_REDIRECT] 	at com.st.microxplorer.plugins.ip.gpio.model.IPTab.checkCommonPossibleValues(IPTab.java:252)
2025-10-14 15:23:27,786 [ERROR] LogOutputStream:74 - [STDERR_REDIRECT] 	at com.st.microxplorer.plugins.ip.gpio.gui.GpioTablePanel.propertyChange(GpioTablePanel.java:484)
2025-10-14 15:23:27,786 [ERROR] LogOutputStream:74 - [STDERR_REDIRECT] 	at java.desktop/java.beans.PropertyChangeSupport.fire(PropertyChangeSupport.java:341)
2025-10-14 15:23:27,786 [ERROR] LogOutputStream:74 - [STDERR_REDIRECT] 	at java.desktop/java.beans.PropertyChangeSupport.firePropertyChange(PropertyChangeSupport.java:333)
2025-10-14 15:23:27,786 [ERROR] LogOutputStream:74 - [STDERR_REDIRECT] 	at com.st.microxplorer.mxsystem.MxSystem.propertyChange(MxSystem.java:446)
2025-10-14 15:23:27,786 [ERROR] LogOutputStream:74 - [STDERR_REDIRECT] 	at java.desktop/java.beans.PropertyChangeSupport.fire(PropertyChangeSupport.java:341)
2025-10-14 15:23:27,787 [ERROR] LogOutputStream:74 - [STDERR_REDIRECT] 	at java.desktop/java.beans.PropertyChangeSupport.firePropertyChange(PropertyChangeSupport.java:333)
2025-10-14 15:23:27,787 [ERROR] LogOutputStream:74 - [STDERR_REDIRECT] 	at java.desktop/java.beans.PropertyChangeSupport.firePropertyChange(PropertyChangeSupport.java:266)
2025-10-14 15:23:27,787 [ERROR] LogOutputStream:74 - [STDERR_REDIRECT] 	at com.st.microxplorer.util.MXPropertyChangeSupport.firePropertyChange(MXPropertyChangeSupport.java:50)
2025-10-14 15:23:27,787 [ERROR] LogOutputStream:74 - [STDERR_REDIRECT] 	at com.st.microxplorer.mcu.Mcu.propertyChange(Mcu.java:1660)
2025-10-14 15:23:27,787 [ERROR] LogOutputStream:74 - [STDERR_REDIRECT] 	at java.desktop/java.beans.PropertyChangeSupport.fire(PropertyChangeSupport.java:341)
2025-10-14 15:23:27,787 [ERROR] LogOutputStream:74 - [STDERR_REDIRECT] 	at java.desktop/java.beans.PropertyChangeSupport.firePropertyChange(PropertyChangeSupport.java:333)
2025-10-14 15:23:27,788 [ERROR] LogOutputStream:74 - [STDERR_REDIRECT] 	at java.desktop/java.beans.PropertyChangeSupport.firePropertyChange(PropertyChangeSupport.java:266)
2025-10-14 15:23:27,788 [ERROR] LogOutputStream:74 - [STDERR_REDIRECT] 	at com.st.microxplorer.util.MXPropertyChangeSupport.firePropertyChange(MXPropertyChangeSupport.java:50)
2025-10-14 15:23:27,788 [ERROR] LogOutputStream:74 - [STDERR_REDIRECT] 	at com.st.microxplorer.mcu.Pin.setPinLabel(Pin.java:2078)
2025-10-14 15:23:27,788 [ERROR] LogOutputStream:74 - [STDERR_REDIRECT] 	at com.st.microxplorer.plugins.pinoutconfig.gui.PinOutPanel$InputLabel$2.focusLost(PinOutPanel.java:2151)
2025-10-14 15:23:27,788 [ERROR] LogOutputStream:74 - [STDERR_REDIRECT] 	at java.desktop/java.awt.AWTEventMulticaster.focusLost(AWTEventMulticaster.java:238)
2025-10-14 15:23:27,789 [ERROR] LogOutputStream:74 - [STDERR_REDIRECT] 	at java.desktop/java.awt.AWTEventMulticaster.focusLost(AWTEventMulticaster.java:237)
2025-10-14 15:23:27,789 [ERROR] LogOutputStream:74 - [STDERR_REDIRECT] 	at java.desktop/java.awt.AWTEventMulticaster.focusLost(AWTEventMulticaster.java:237)
2025-10-14 15:23:27,789 [ERROR] LogOutputStream:74 - [STDERR_REDIRECT] 	at java.desktop/java.awt.Component.processFocusEvent(Component.java:6527)
2025-10-14 15:23:27,789 [ERROR] LogOutputStream:74 - [STDERR_REDIRECT] 	at java.desktop/java.awt.Component.processEvent(Component.java:6391)
2025-10-14 15:23:27,789 [ERROR] LogOutputStream:74 - [STDERR_REDIRECT] 	at java.desktop/java.awt.Container.processEvent(Container.java:2263)
2025-10-14 15:23:27,789 [ERROR] LogOutputStream:74 - [STDERR_REDIRECT] 	at java.desktop/java.awt.Component.dispatchEventImpl(Component.java:5011)
2025-10-14 15:23:27,789 [ERROR] LogOutputStream:74 - [STDERR_REDIRECT] 	at java.desktop/java.awt.Container.dispatchEventImpl(Container.java:2321)
2025-10-14 15:23:27,789 [ERROR] LogOutputStream:74 - [STDERR_REDIRECT] 	at java.desktop/java.awt.Component.dispatchEvent(Component.java:4843)
2025-10-14 15:23:27,790 [ERROR] LogOutputStream:74 - [STDERR_REDIRECT] 	at java.desktop/java.awt.KeyboardFocusManager.redispatchEvent(KeyboardFocusManager.java:1950)
2025-10-14 15:23:27,790 [ERROR] LogOutputStream:74 - [STDERR_REDIRECT] 	at java.desktop/java.awt.DefaultKeyboardFocusManager.typeAheadAssertions(DefaultKeyboardFocusManager.java:1059)
2025-10-14 15:23:27,790 [ERROR] LogOutputStream:74 - [STDERR_REDIRECT] 	at java.desktop/java.awt.DefaultKeyboardFocusManager.dispatchEvent(DefaultKeyboardFocusManager.java:725)
2025-10-14 15:23:27,790 [ERROR] LogOutputStream:74 - [STDERR_REDIRECT] 	at java.desktop/java.awt.Component.dispatchEventImpl(Component.java:4892)
2025-10-14 15:23:27,790 [ERROR] LogOutputStream:74 - [STDERR_REDIRECT] 	at java.desktop/java.awt.Container.dispatchEventImpl(Container.java:2321)
2025-10-14 15:23:27,790 [ERROR] LogOutputStream:74 - [STDERR_REDIRECT] 	at java.desktop/java.awt.Component.dispatchEvent(Component.java:4843)
2025-10-14 15:23:27,791 [ERROR] LogOutputStream:74 - [STDERR_REDIRECT] 	at java.desktop/java.awt.EventQueue.dispatchEventImpl(EventQueue.java:772)
2025-10-14 15:23:27,791 [ERROR] LogOutputStream:74 - [STDERR_REDIRECT] 	at java.desktop/java.awt.EventQueue$4.run(EventQueue.java:721)
2025-10-14 15:23:27,792 [ERROR] LogOutputStream:74 - [STDERR_REDIRECT] 	at java.desktop/java.awt.EventQueue$4.run(EventQueue.java:715)
2025-10-14 15:23:27,792 [ERROR] LogOutputStream:74 - [STDERR_REDIRECT] 	at java.base/java.security.AccessController.doPrivileged(Native Method)
2025-10-14 15:23:27,792 [ERROR] LogOutputStream:74 - [STDERR_REDIRECT] 	at java.base/java.security.ProtectionDomain$JavaSecurityAccessImpl.doIntersectionPrivilege(ProtectionDomain.java:85)
2025-10-14 15:23:27,792 [ERROR] LogOutputStream:74 - [STDERR_REDIRECT] 	at java.base/java.security.ProtectionDomain$JavaSecurityAccessImpl.doIntersectionPrivilege(ProtectionDomain.java:95)
2025-10-14 15:23:27,793 [ERROR] LogOutputStream:74 - [STDERR_REDIRECT] 	at java.desktop/java.awt.EventQueue$5.run(EventQueue.java:745)
2025-10-14 15:23:27,793 [ERROR] LogOutputStream:74 - [STDERR_REDIRECT] 	at java.desktop/java.awt.EventQueue$5.run(EventQueue.java:743)
2025-10-14 15:23:27,793 [ERROR] LogOutputStream:74 - [STDERR_REDIRECT] 	at java.base/java.security.AccessController.doPrivileged(Native Method)
2025-10-14 15:23:27,794 [ERROR] LogOutputStream:74 - [STDERR_REDIRECT] 	at java.base/java.security.ProtectionDomain$JavaSecurityAccessImpl.doIntersectionPrivilege(ProtectionDomain.java:85)
2025-10-14 15:23:27,794 [ERROR] LogOutputStream:74 - [STDERR_REDIRECT] 	at java.desktop/java.awt.EventQueue.dispatchEvent(EventQueue.java:742)
2025-10-14 15:23:27,794 [ERROR] LogOutputStream:74 - [STDERR_REDIRECT] 	at java.desktop/java.awt.EventDispatchThread.pumpOneEventForFilters(EventDispatchThread.java:203)
2025-10-14 15:23:27,794 [ERROR] LogOutputStream:74 - [STDERR_REDIRECT] 	at java.desktop/java.awt.EventDispatchThread.pumpEventsForFilter(EventDispatchThread.java:124)
2025-10-14 15:23:27,794 [ERROR] LogOutputStream:74 - [STDERR_REDIRECT] 	at java.desktop/java.awt.EventDispatchThread.pumpEventsForHierarchy(EventDispatchThread.java:113)
2025-10-14 15:23:27,794 [ERROR] LogOutputStream:74 - [STDERR_REDIRECT] 	at java.desktop/java.awt.EventDispatchThread.pumpEvents(EventDispatchThread.java:109)
2025-10-14 15:23:27,795 [ERROR] LogOutputStream:74 - [STDERR_REDIRECT] 	at java.desktop/java.awt.EventDispatchThread.pumpEvents(EventDispatchThread.java:101)
2025-10-14 15:23:27,795 [ERROR] LogOutputStream:74 - [STDERR_REDIRECT] 	at java.desktop/java.awt.EventDispatchThread.run(EventDispatchThread.java:90)
2025-10-14 15:23:31,540 [ERROR] LogOutputStream:74 - [STDERR_REDIRECT] Exception in thread "AWT-EventQueue-0" java.lang.NullPointerException
2025-10-14 15:23:31,540 [ERROR] LogOutputStream:74 - [STDERR_REDIRECT] 	at com.st.microxplorer.plugins.ip.gpio.model.IPTab.checkGPIOMode(IPTab.java:270)
2025-10-14 15:23:31,540 [ERROR] LogOutputStream:74 - [STDERR_REDIRECT] 	at com.st.microxplorer.plugins.ip.gpio.model.IPTab.checkCommonPossibleValues(IPTab.java:252)
2025-10-14 15:23:31,540 [ERROR] LogOutputStream:74 - [STDERR_REDIRECT] 	at com.st.microxplorer.plugins.ip.gpio.gui.GpioTablePanel.propertyChange(GpioTablePanel.java:484)
2025-10-14 15:23:31,541 [ERROR] LogOutputStream:74 - [STDERR_REDIRECT] 	at java.desktop/java.beans.PropertyChangeSupport.fire(PropertyChangeSupport.java:341)
2025-10-14 15:23:31,541 [ERROR] LogOutputStream:74 - [STDERR_REDIRECT] 	at java.desktop/java.beans.PropertyChangeSupport.firePropertyChange(PropertyChangeSupport.java:333)
2025-10-14 15:23:31,541 [ERROR] LogOutputStream:74 - [STDERR_REDIRECT] 	at com.st.microxplorer.mxsystem.MxSystem.propertyChange(MxSystem.java:446)
2025-10-14 15:23:31,541 [ERROR] LogOutputStream:74 - [STDERR_REDIRECT] 	at java.desktop/java.beans.PropertyChangeSupport.fire(PropertyChangeSupport.java:341)
2025-10-14 15:23:31,541 [ERROR] LogOutputStream:74 - [STDERR_REDIRECT] 	at java.desktop/java.beans.PropertyChangeSupport.firePropertyChange(PropertyChangeSupport.java:333)
2025-10-14 15:23:31,541 [ERROR] LogOutputStream:74 - [STDERR_REDIRECT] 	at java.desktop/java.beans.PropertyChangeSupport.firePropertyChange(PropertyChangeSupport.java:266)
2025-10-14 15:23:31,541 [ERROR] LogOutputStream:74 - [STDERR_REDIRECT] 	at com.st.microxplorer.util.MXPropertyChangeSupport.firePropertyChange(MXPropertyChangeSupport.java:50)
2025-10-14 15:23:31,541 [ERROR] LogOutputStream:74 - [STDERR_REDIRECT] 	at com.st.microxplorer.mcu.Mcu.propertyChange(Mcu.java:1660)
2025-10-14 15:23:31,541 [ERROR] LogOutputStream:74 - [STDERR_REDIRECT] 	at java.desktop/java.beans.PropertyChangeSupport.fire(PropertyChangeSupport.java:341)
2025-10-14 15:23:31,542 [ERROR] LogOutputStream:74 - [STDERR_REDIRECT] 	at java.desktop/java.beans.PropertyChangeSupport.firePropertyChange(PropertyChangeSupport.java:333)
2025-10-14 15:23:31,542 [ERROR] LogOutputStream:74 - [STDERR_REDIRECT] 	at java.desktop/java.beans.PropertyChangeSupport.firePropertyChange(PropertyChangeSupport.java:266)
2025-10-14 15:23:31,542 [ERROR] LogOutputStream:74 - [STDERR_REDIRECT] 	at com.st.microxplorer.util.MXPropertyChangeSupport.firePropertyChange(MXPropertyChangeSupport.java:50)
2025-10-14 15:23:31,542 [ERROR] LogOutputStream:74 - [STDERR_REDIRECT] 	at com.st.microxplorer.mcu.Pin.setPinLabel(Pin.java:2078)
2025-10-14 15:23:31,542 [ERROR] LogOutputStream:74 - [STDERR_REDIRECT] 	at com.st.microxplorer.plugins.pinoutconfig.gui.PinOutPanel$InputLabel$2.focusLost(PinOutPanel.java:2151)
2025-10-14 15:23:31,542 [ERROR] LogOutputStream:74 - [STDERR_REDIRECT] 	at java.desktop/java.awt.AWTEventMulticaster.focusLost(AWTEventMulticaster.java:238)
2025-10-14 15:23:31,542 [ERROR] LogOutputStream:74 - [STDERR_REDIRECT] 	at java.desktop/java.awt.AWTEventMulticaster.focusLost(AWTEventMulticaster.java:237)
2025-10-14 15:23:31,542 [ERROR] LogOutputStream:74 - [STDERR_REDIRECT] 	at java.desktop/java.awt.AWTEventMulticaster.focusLost(AWTEventMulticaster.java:237)
2025-10-14 15:23:31,542 [ERROR] LogOutputStream:74 - [STDERR_REDIRECT] 	at java.desktop/java.awt.Component.processFocusEvent(Component.java:6527)
2025-10-14 15:23:31,543 [ERROR] LogOutputStream:74 - [STDERR_REDIRECT] 	at java.desktop/java.awt.Component.processEvent(Component.java:6391)
2025-10-14 15:23:31,543 [ERROR] LogOutputStream:74 - [STDERR_REDIRECT] 	at java.desktop/java.awt.Container.processEvent(Container.java:2263)
2025-10-14 15:23:31,543 [ERROR] LogOutputStream:74 - [STDERR_REDIRECT] 	at java.desktop/java.awt.Component.dispatchEventImpl(Component.java:5011)
2025-10-14 15:23:31,543 [ERROR] LogOutputStream:74 - [STDERR_REDIRECT] 	at java.desktop/java.awt.Container.dispatchEventImpl(Container.java:2321)
2025-10-14 15:23:31,543 [ERROR] LogOutputStream:74 - [STDERR_REDIRECT] 	at java.desktop/java.awt.Component.dispatchEvent(Component.java:4843)
2025-10-14 15:23:31,543 [ERROR] LogOutputStream:74 - [STDERR_REDIRECT] 	at java.desktop/java.awt.KeyboardFocusManager.redispatchEvent(KeyboardFocusManager.java:1950)
2025-10-14 15:23:31,543 [ERROR] LogOutputStream:74 - [STDERR_REDIRECT] 	at java.desktop/java.awt.DefaultKeyboardFocusManager.typeAheadAssertions(DefaultKeyboardFocusManager.java:1059)
2025-10-14 15:23:31,543 [ERROR] LogOutputStream:74 - [STDERR_REDIRECT] 	at java.desktop/java.awt.DefaultKeyboardFocusManager.dispatchEvent(DefaultKeyboardFocusManager.java:725)
2025-10-14 15:23:31,544 [ERROR] LogOutputStream:74 - [STDERR_REDIRECT] 	at java.desktop/java.awt.Component.dispatchEventImpl(Component.java:4892)
2025-10-14 15:23:31,544 [ERROR] LogOutputStream:74 - [STDERR_REDIRECT] 	at java.desktop/java.awt.Container.dispatchEventImpl(Container.java:2321)
2025-10-14 15:23:31,544 [ERROR] LogOutputStream:74 - [STDERR_REDIRECT] 	at java.desktop/java.awt.Component.dispatchEvent(Component.java:4843)
2025-10-14 15:23:31,544 [ERROR] LogOutputStream:74 - [STDERR_REDIRECT] 	at java.desktop/java.awt.EventQueue.dispatchEventImpl(EventQueue.java:772)
2025-10-14 15:23:31,544 [ERROR] LogOutputStream:74 - [STDERR_REDIRECT] 	at java.desktop/java.awt.EventQueue$4.run(EventQueue.java:721)
2025-10-14 15:23:31,544 [ERROR] LogOutputStream:74 - [STDERR_REDIRECT] 	at java.desktop/java.awt.EventQueue$4.run(EventQueue.java:715)
2025-10-14 15:23:31,544 [ERROR] LogOutputStream:74 - [STDERR_REDIRECT] 	at java.base/java.security.AccessController.doPrivileged(Native Method)
2025-10-14 15:23:31,544 [ERROR] LogOutputStream:74 - [STDERR_REDIRECT] 	at java.base/java.security.ProtectionDomain$JavaSecurityAccessImpl.doIntersectionPrivilege(ProtectionDomain.java:85)
2025-10-14 15:23:31,544 [ERROR] LogOutputStream:74 - [STDERR_REDIRECT] 	at java.base/java.security.ProtectionDomain$JavaSecurityAccessImpl.doIntersectionPrivilege(ProtectionDomain.java:95)
2025-10-14 15:23:31,545 [ERROR] LogOutputStream:74 - [STDERR_REDIRECT] 	at java.desktop/java.awt.EventQueue$5.run(EventQueue.java:745)
2025-10-14 15:23:31,545 [ERROR] LogOutputStream:74 - [STDERR_REDIRECT] 	at java.desktop/java.awt.EventQueue$5.run(EventQueue.java:743)
2025-10-14 15:23:31,545 [ERROR] LogOutputStream:74 - [STDERR_REDIRECT] 	at java.base/java.security.AccessController.doPrivileged(Native Method)
2025-10-14 15:23:31,545 [ERROR] LogOutputStream:74 - [STDERR_REDIRECT] 	at java.base/java.security.ProtectionDomain$JavaSecurityAccessImpl.doIntersectionPrivilege(ProtectionDomain.java:85)
2025-10-14 15:23:31,545 [ERROR] LogOutputStream:74 - [STDERR_REDIRECT] 	at java.desktop/java.awt.EventQueue.dispatchEvent(EventQueue.java:742)
2025-10-14 15:23:31,545 [ERROR] LogOutputStream:74 - [STDERR_REDIRECT] 	at java.desktop/java.awt.EventDispatchThread.pumpOneEventForFilters(EventDispatchThread.java:203)
2025-10-14 15:23:31,545 [ERROR] LogOutputStream:74 - [STDERR_REDIRECT] 	at java.desktop/java.awt.EventDispatchThread.pumpEventsForFilter(EventDispatchThread.java:124)
2025-10-14 15:23:31,545 [ERROR] LogOutputStream:74 - [STDERR_REDIRECT] 	at java.desktop/java.awt.EventDispatchThread.pumpEventsForHierarchy(EventDispatchThread.java:113)
2025-10-14 15:23:31,545 [ERROR] LogOutputStream:74 - [STDERR_REDIRECT] 	at java.desktop/java.awt.EventDispatchThread.pumpEvents(EventDispatchThread.java:109)
2025-10-14 15:23:31,546 [ERROR] LogOutputStream:74 - [STDERR_REDIRECT] 	at java.desktop/java.awt.EventDispatchThread.pumpEvents(EventDispatchThread.java:101)
2025-10-14 15:23:31,546 [ERROR] LogOutputStream:74 - [STDERR_REDIRECT] 	at java.desktop/java.awt.EventDispatchThread.run(EventDispatchThread.java:90)
2025-10-14 15:23:36,232 [ERROR] LogOutputStream:74 - [STDERR_REDIRECT] Exception in thread "AWT-EventQueue-0" java.lang.NullPointerException
2025-10-14 15:23:36,233 [ERROR] LogOutputStream:74 - [STDERR_REDIRECT] 	at com.st.microxplorer.plugins.ip.gpio.model.IPTab.checkGPIOMode(IPTab.java:270)
2025-10-14 15:23:36,233 [ERROR] LogOutputStream:74 - [STDERR_REDIRECT] 	at com.st.microxplorer.plugins.ip.gpio.model.IPTab.checkCommonPossibleValues(IPTab.java:252)
2025-10-14 15:23:36,233 [ERROR] LogOutputStream:74 - [STDERR_REDIRECT] 	at com.st.microxplorer.plugins.ip.gpio.gui.GpioTablePanel.propertyChange(GpioTablePanel.java:484)
2025-10-14 15:23:36,233 [ERROR] LogOutputStream:74 - [STDERR_REDIRECT] 	at java.desktop/java.beans.PropertyChangeSupport.fire(PropertyChangeSupport.java:341)
2025-10-14 15:23:36,233 [ERROR] LogOutputStream:74 - [STDERR_REDIRECT] 	at java.desktop/java.beans.PropertyChangeSupport.firePropertyChange(PropertyChangeSupport.java:333)
2025-10-14 15:23:36,233 [ERROR] LogOutputStream:74 - [STDERR_REDIRECT] 	at com.st.microxplorer.mxsystem.MxSystem.propertyChange(MxSystem.java:446)
2025-10-14 15:23:36,233 [ERROR] LogOutputStream:74 - [STDERR_REDIRECT] 	at java.desktop/java.beans.PropertyChangeSupport.fire(PropertyChangeSupport.java:341)
2025-10-14 15:23:36,233 [ERROR] LogOutputStream:74 - [STDERR_REDIRECT] 	at java.desktop/java.beans.PropertyChangeSupport.firePropertyChange(PropertyChangeSupport.java:333)
2025-10-14 15:23:36,234 [ERROR] LogOutputStream:74 - [STDERR_REDIRECT] 	at java.desktop/java.beans.PropertyChangeSupport.firePropertyChange(PropertyChangeSupport.java:266)
2025-10-14 15:23:36,234 [ERROR] LogOutputStream:74 - [STDERR_REDIRECT] 	at com.st.microxplorer.util.MXPropertyChangeSupport.firePropertyChange(MXPropertyChangeSupport.java:50)
2025-10-14 15:23:36,234 [ERROR] LogOutputStream:74 - [STDERR_REDIRECT] 	at com.st.microxplorer.mcu.Mcu.propertyChange(Mcu.java:1660)
2025-10-14 15:23:36,234 [ERROR] LogOutputStream:74 - [STDERR_REDIRECT] 	at java.desktop/java.beans.PropertyChangeSupport.fire(PropertyChangeSupport.java:341)
2025-10-14 15:23:36,234 [ERROR] LogOutputStream:74 - [STDERR_REDIRECT] 	at java.desktop/java.beans.PropertyChangeSupport.firePropertyChange(PropertyChangeSupport.java:333)
2025-10-14 15:23:36,234 [ERROR] LogOutputStream:74 - [STDERR_REDIRECT] 	at java.desktop/java.beans.PropertyChangeSupport.firePropertyChange(PropertyChangeSupport.java:266)
2025-10-14 15:23:36,234 [ERROR] LogOutputStream:74 - [STDERR_REDIRECT] 	at com.st.microxplorer.util.MXPropertyChangeSupport.firePropertyChange(MXPropertyChangeSupport.java:50)
2025-10-14 15:23:36,234 [ERROR] LogOutputStream:74 - [STDERR_REDIRECT] 	at com.st.microxplorer.mcu.Pin.setPinLabel(Pin.java:2078)
2025-10-14 15:23:36,235 [ERROR] LogOutputStream:74 - [STDERR_REDIRECT] 	at com.st.microxplorer.plugins.pinoutconfig.gui.PinOutPanel$InputLabel$2.focusLost(PinOutPanel.java:2151)
2025-10-14 15:23:36,235 [ERROR] LogOutputStream:74 - [STDERR_REDIRECT] 	at java.desktop/java.awt.AWTEventMulticaster.focusLost(AWTEventMulticaster.java:238)
2025-10-14 15:23:36,235 [ERROR] LogOutputStream:74 - [STDERR_REDIRECT] 	at java.desktop/java.awt.AWTEventMulticaster.focusLost(AWTEventMulticaster.java:237)
2025-10-14 15:23:36,235 [ERROR] LogOutputStream:74 - [STDERR_REDIRECT] 	at java.desktop/java.awt.AWTEventMulticaster.focusLost(AWTEventMulticaster.java:237)
2025-10-14 15:23:36,235 [ERROR] LogOutputStream:74 - [STDERR_REDIRECT] 	at java.desktop/java.awt.Component.processFocusEvent(Component.java:6527)
2025-10-14 15:23:36,235 [ERROR] LogOutputStream:74 - [STDERR_REDIRECT] 	at java.desktop/java.awt.Component.processEvent(Component.java:6391)
2025-10-14 15:23:36,236 [ERROR] LogOutputStream:74 - [STDERR_REDIRECT] 	at java.desktop/java.awt.Container.processEvent(Container.java:2263)
2025-10-14 15:23:36,236 [ERROR] LogOutputStream:74 - [STDERR_REDIRECT] 	at java.desktop/java.awt.Component.dispatchEventImpl(Component.java:5011)
2025-10-14 15:23:36,236 [ERROR] LogOutputStream:74 - [STDERR_REDIRECT] 	at java.desktop/java.awt.Container.dispatchEventImpl(Container.java:2321)
2025-10-14 15:23:36,236 [ERROR] LogOutputStream:74 - [STDERR_REDIRECT] 	at java.desktop/java.awt.Component.dispatchEvent(Component.java:4843)
2025-10-14 15:23:36,236 [ERROR] LogOutputStream:74 - [STDERR_REDIRECT] 	at java.desktop/java.awt.KeyboardFocusManager.redispatchEvent(KeyboardFocusManager.java:1950)
2025-10-14 15:23:36,236 [ERROR] LogOutputStream:74 - [STDERR_REDIRECT] 	at java.desktop/java.awt.DefaultKeyboardFocusManager.typeAheadAssertions(DefaultKeyboardFocusManager.java:1059)
2025-10-14 15:23:36,236 [ERROR] LogOutputStream:74 - [STDERR_REDIRECT] 	at java.desktop/java.awt.DefaultKeyboardFocusManager.dispatchEvent(DefaultKeyboardFocusManager.java:725)
2025-10-14 15:23:36,236 [ERROR] LogOutputStream:74 - [STDERR_REDIRECT] 	at java.desktop/java.awt.Component.dispatchEventImpl(Component.java:4892)
2025-10-14 15:23:36,236 [ERROR] LogOutputStream:74 - [STDERR_REDIRECT] 	at java.desktop/java.awt.Container.dispatchEventImpl(Container.java:2321)
2025-10-14 15:23:36,237 [ERROR] LogOutputStream:74 - [STDERR_REDIRECT] 	at java.desktop/java.awt.Component.dispatchEvent(Component.java:4843)
2025-10-14 15:23:36,237 [ERROR] LogOutputStream:74 - [STDERR_REDIRECT] 	at java.desktop/java.awt.EventQueue.dispatchEventImpl(EventQueue.java:772)
2025-10-14 15:23:36,237 [ERROR] LogOutputStream:74 - [STDERR_REDIRECT] 	at java.desktop/java.awt.EventQueue$4.run(EventQueue.java:721)
2025-10-14 15:23:36,237 [ERROR] LogOutputStream:74 - [STDERR_REDIRECT] 	at java.desktop/java.awt.EventQueue$4.run(EventQueue.java:715)
2025-10-14 15:23:36,237 [ERROR] LogOutputStream:74 - [STDERR_REDIRECT] 	at java.base/java.security.AccessController.doPrivileged(Native Method)
2025-10-14 15:23:36,237 [ERROR] LogOutputStream:74 - [STDERR_REDIRECT] 	at java.base/java.security.ProtectionDomain$JavaSecurityAccessImpl.doIntersectionPrivilege(ProtectionDomain.java:85)
2025-10-14 15:23:36,237 [ERROR] LogOutputStream:74 - [STDERR_REDIRECT] 	at java.base/java.security.ProtectionDomain$JavaSecurityAccessImpl.doIntersectionPrivilege(ProtectionDomain.java:95)
2025-10-14 15:23:36,237 [ERROR] LogOutputStream:74 - [STDERR_REDIRECT] 	at java.desktop/java.awt.EventQueue$5.run(EventQueue.java:745)
2025-10-14 15:23:36,237 [ERROR] LogOutputStream:74 - [STDERR_REDIRECT] 	at java.desktop/java.awt.EventQueue$5.run(EventQueue.java:743)
2025-10-14 15:23:36,238 [ERROR] LogOutputStream:74 - [STDERR_REDIRECT] 	at java.base/java.security.AccessController.doPrivileged(Native Method)
2025-10-14 15:23:36,238 [ERROR] LogOutputStream:74 - [STDERR_REDIRECT] 	at java.base/java.security.ProtectionDomain$JavaSecurityAccessImpl.doIntersectionPrivilege(ProtectionDomain.java:85)
2025-10-14 15:23:36,238 [ERROR] LogOutputStream:74 - [STDERR_REDIRECT] 	at java.desktop/java.awt.EventQueue.dispatchEvent(EventQueue.java:742)
2025-10-14 15:23:36,238 [ERROR] LogOutputStream:74 - [STDERR_REDIRECT] 	at java.desktop/java.awt.EventDispatchThread.pumpOneEventForFilters(EventDispatchThread.java:203)
2025-10-14 15:23:36,238 [ERROR] LogOutputStream:74 - [STDERR_REDIRECT] 	at java.desktop/java.awt.EventDispatchThread.pumpEventsForFilter(EventDispatchThread.java:124)
2025-10-14 15:23:36,238 [ERROR] LogOutputStream:74 - [STDERR_REDIRECT] 	at java.desktop/java.awt.EventDispatchThread.pumpEventsForHierarchy(EventDispatchThread.java:113)
2025-10-14 15:23:36,238 [ERROR] LogOutputStream:74 - [STDERR_REDIRECT] 	at java.desktop/java.awt.EventDispatchThread.pumpEvents(EventDispatchThread.java:109)
2025-10-14 15:23:36,238 [ERROR] LogOutputStream:74 - [STDERR_REDIRECT] 	at java.desktop/java.awt.EventDispatchThread.pumpEvents(EventDispatchThread.java:101)
2025-10-14 15:23:36,238 [ERROR] LogOutputStream:74 - [STDERR_REDIRECT] 	at java.desktop/java.awt.EventDispatchThread.run(EventDispatchThread.java:90)
2025-10-14 15:23:40,339 [ERROR] LogOutputStream:74 - [STDERR_REDIRECT] Exception in thread "AWT-EventQueue-0" java.lang.NullPointerException
2025-10-14 15:23:40,339 [ERROR] LogOutputStream:74 - [STDERR_REDIRECT] 	at com.st.microxplorer.plugins.ip.gpio.model.IPTab.checkGPIOMode(IPTab.java:270)
2025-10-14 15:23:40,340 [ERROR] LogOutputStream:74 - [STDERR_REDIRECT] 	at com.st.microxplorer.plugins.ip.gpio.model.IPTab.checkCommonPossibleValues(IPTab.java:252)
2025-10-14 15:23:40,340 [ERROR] LogOutputStream:74 - [STDERR_REDIRECT] 	at com.st.microxplorer.plugins.ip.gpio.gui.GpioTablePanel.propertyChange(GpioTablePanel.java:484)
2025-10-14 15:23:40,340 [ERROR] LogOutputStream:74 - [STDERR_REDIRECT] 	at java.desktop/java.beans.PropertyChangeSupport.fire(PropertyChangeSupport.java:341)
2025-10-14 15:23:40,340 [ERROR] LogOutputStream:74 - [STDERR_REDIRECT] 	at java.desktop/java.beans.PropertyChangeSupport.firePropertyChange(PropertyChangeSupport.java:333)
2025-10-14 15:23:40,340 [ERROR] LogOutputStream:74 - [STDERR_REDIRECT] 	at com.st.microxplorer.mxsystem.MxSystem.propertyChange(MxSystem.java:446)
2025-10-14 15:23:40,340 [ERROR] LogOutputStream:74 - [STDERR_REDIRECT] 	at java.desktop/java.beans.PropertyChangeSupport.fire(PropertyChangeSupport.java:341)
2025-10-14 15:23:40,340 [ERROR] LogOutputStream:74 - [STDERR_REDIRECT] 	at java.desktop/java.beans.PropertyChangeSupport.firePropertyChange(PropertyChangeSupport.java:333)
2025-10-14 15:23:40,340 [ERROR] LogOutputStream:74 - [STDERR_REDIRECT] 	at java.desktop/java.beans.PropertyChangeSupport.firePropertyChange(PropertyChangeSupport.java:266)
2025-10-14 15:23:40,340 [ERROR] LogOutputStream:74 - [STDERR_REDIRECT] 	at com.st.microxplorer.util.MXPropertyChangeSupport.firePropertyChange(MXPropertyChangeSupport.java:50)
2025-10-14 15:23:40,341 [ERROR] LogOutputStream:74 - [STDERR_REDIRECT] 	at com.st.microxplorer.mcu.Mcu.propertyChange(Mcu.java:1660)
2025-10-14 15:23:40,341 [ERROR] LogOutputStream:74 - [STDERR_REDIRECT] 	at java.desktop/java.beans.PropertyChangeSupport.fire(PropertyChangeSupport.java:341)
2025-10-14 15:23:40,341 [ERROR] LogOutputStream:74 - [STDERR_REDIRECT] 	at java.desktop/java.beans.PropertyChangeSupport.firePropertyChange(PropertyChangeSupport.java:333)
2025-10-14 15:23:40,341 [ERROR] LogOutputStream:74 - [STDERR_REDIRECT] 	at java.desktop/java.beans.PropertyChangeSupport.firePropertyChange(PropertyChangeSupport.java:266)
2025-10-14 15:23:40,341 [ERROR] LogOutputStream:74 - [STDERR_REDIRECT] 	at com.st.microxplorer.util.MXPropertyChangeSupport.firePropertyChange(MXPropertyChangeSupport.java:50)
2025-10-14 15:23:40,341 [ERROR] LogOutputStream:74 - [STDERR_REDIRECT] 	at com.st.microxplorer.mcu.Pin.setPinLabel(Pin.java:2078)
2025-10-14 15:23:40,341 [ERROR] LogOutputStream:74 - [STDERR_REDIRECT] 	at com.st.microxplorer.plugins.pinoutconfig.gui.PinOutPanel$InputLabel$2.focusLost(PinOutPanel.java:2151)
2025-10-14 15:23:40,341 [ERROR] LogOutputStream:74 - [STDERR_REDIRECT] 	at java.desktop/java.awt.AWTEventMulticaster.focusLost(AWTEventMulticaster.java:238)
2025-10-14 15:23:40,341 [ERROR] LogOutputStream:74 - [STDERR_REDIRECT] 	at java.desktop/java.awt.AWTEventMulticaster.focusLost(AWTEventMulticaster.java:237)
2025-10-14 15:23:40,342 [ERROR] LogOutputStream:74 - [STDERR_REDIRECT] 	at java.desktop/java.awt.AWTEventMulticaster.focusLost(AWTEventMulticaster.java:237)
2025-10-14 15:23:40,342 [ERROR] LogOutputStream:74 - [STDERR_REDIRECT] 	at java.desktop/java.awt.Component.processFocusEvent(Component.java:6527)
2025-10-14 15:23:40,342 [ERROR] LogOutputStream:74 - [STDERR_REDIRECT] 	at java.desktop/java.awt.Component.processEvent(Component.java:6391)
2025-10-14 15:23:40,342 [ERROR] LogOutputStream:74 - [STDERR_REDIRECT] 	at java.desktop/java.awt.Container.processEvent(Container.java:2263)
2025-10-14 15:23:40,342 [ERROR] LogOutputStream:74 - [STDERR_REDIRECT] 	at java.desktop/java.awt.Component.dispatchEventImpl(Component.java:5011)
2025-10-14 15:23:40,342 [ERROR] LogOutputStream:74 - [STDERR_REDIRECT] 	at java.desktop/java.awt.Container.dispatchEventImpl(Container.java:2321)
2025-10-14 15:23:40,342 [ERROR] LogOutputStream:74 - [STDERR_REDIRECT] 	at java.desktop/java.awt.Component.dispatchEvent(Component.java:4843)
2025-10-14 15:23:40,342 [ERROR] LogOutputStream:74 - [STDERR_REDIRECT] 	at java.desktop/java.awt.KeyboardFocusManager.redispatchEvent(KeyboardFocusManager.java:1950)
2025-10-14 15:23:40,343 [ERROR] LogOutputStream:74 - [STDERR_REDIRECT] 	at java.desktop/java.awt.DefaultKeyboardFocusManager.typeAheadAssertions(DefaultKeyboardFocusManager.java:1059)
2025-10-14 15:23:40,343 [ERROR] LogOutputStream:74 - [STDERR_REDIRECT] 	at java.desktop/java.awt.DefaultKeyboardFocusManager.dispatchEvent(DefaultKeyboardFocusManager.java:725)
2025-10-14 15:23:40,343 [ERROR] LogOutputStream:74 - [STDERR_REDIRECT] 	at java.desktop/java.awt.Component.dispatchEventImpl(Component.java:4892)
2025-10-14 15:23:40,343 [ERROR] LogOutputStream:74 - [STDERR_REDIRECT] 	at java.desktop/java.awt.Container.dispatchEventImpl(Container.java:2321)
2025-10-14 15:23:40,343 [ERROR] LogOutputStream:74 - [STDERR_REDIRECT] 	at java.desktop/java.awt.Component.dispatchEvent(Component.java:4843)
2025-10-14 15:23:40,343 [ERROR] LogOutputStream:74 - [STDERR_REDIRECT] 	at java.desktop/java.awt.EventQueue.dispatchEventImpl(EventQueue.java:772)
2025-10-14 15:23:40,343 [ERROR] LogOutputStream:74 - [STDERR_REDIRECT] 	at java.desktop/java.awt.EventQueue$4.run(EventQueue.java:721)
2025-10-14 15:23:40,343 [ERROR] LogOutputStream:74 - [STDERR_REDIRECT] 	at java.desktop/java.awt.EventQueue$4.run(EventQueue.java:715)
2025-10-14 15:23:40,343 [ERROR] LogOutputStream:74 - [STDERR_REDIRECT] 	at java.base/java.security.AccessController.doPrivileged(Native Method)
2025-10-14 15:23:40,343 [ERROR] LogOutputStream:74 - [STDERR_REDIRECT] 	at java.base/java.security.ProtectionDomain$JavaSecurityAccessImpl.doIntersectionPrivilege(ProtectionDomain.java:85)
2025-10-14 15:23:40,344 [ERROR] LogOutputStream:74 - [STDERR_REDIRECT] 	at java.base/java.security.ProtectionDomain$JavaSecurityAccessImpl.doIntersectionPrivilege(ProtectionDomain.java:95)
2025-10-14 15:23:40,344 [ERROR] LogOutputStream:74 - [STDERR_REDIRECT] 	at java.desktop/java.awt.EventQueue$5.run(EventQueue.java:745)
2025-10-14 15:23:40,344 [ERROR] LogOutputStream:74 - [STDERR_REDIRECT] 	at java.desktop/java.awt.EventQueue$5.run(EventQueue.java:743)
2025-10-14 15:23:40,344 [ERROR] LogOutputStream:74 - [STDERR_REDIRECT] 	at java.base/java.security.AccessController.doPrivileged(Native Method)
2025-10-14 15:23:40,344 [ERROR] LogOutputStream:74 - [STDERR_REDIRECT] 	at java.base/java.security.ProtectionDomain$JavaSecurityAccessImpl.doIntersectionPrivilege(ProtectionDomain.java:85)
2025-10-14 15:23:40,344 [ERROR] LogOutputStream:74 - [STDERR_REDIRECT] 	at java.desktop/java.awt.EventQueue.dispatchEvent(EventQueue.java:742)
2025-10-14 15:23:40,344 [ERROR] LogOutputStream:74 - [STDERR_REDIRECT] 	at java.desktop/java.awt.EventDispatchThread.pumpOneEventForFilters(EventDispatchThread.java:203)
2025-10-14 15:23:40,344 [ERROR] LogOutputStream:74 - [STDERR_REDIRECT] 	at java.desktop/java.awt.EventDispatchThread.pumpEventsForFilter(EventDispatchThread.java:124)
2025-10-14 15:23:40,344 [ERROR] LogOutputStream:74 - [STDERR_REDIRECT] 	at java.desktop/java.awt.EventDispatchThread.pumpEventsForHierarchy(EventDispatchThread.java:113)
2025-10-14 15:23:40,345 [ERROR] LogOutputStream:74 - [STDERR_REDIRECT] 	at java.desktop/java.awt.EventDispatchThread.pumpEvents(EventDispatchThread.java:109)
2025-10-14 15:23:40,345 [ERROR] LogOutputStream:74 - [STDERR_REDIRECT] 	at java.desktop/java.awt.EventDispatchThread.pumpEvents(EventDispatchThread.java:101)
2025-10-14 15:23:40,345 [ERROR] LogOutputStream:74 - [STDERR_REDIRECT] 	at java.desktop/java.awt.EventDispatchThread.run(EventDispatchThread.java:90)
2025-10-14 15:23:44,594 [ERROR] LogOutputStream:74 - [STDERR_REDIRECT] Exception in thread "AWT-EventQueue-0" java.lang.NullPointerException
2025-10-14 15:23:44,594 [ERROR] LogOutputStream:74 - [STDERR_REDIRECT] 	at com.st.microxplorer.plugins.ip.gpio.model.IPTab.checkGPIOMode(IPTab.java:270)
2025-10-14 15:23:44,595 [ERROR] LogOutputStream:74 - [STDERR_REDIRECT] 	at com.st.microxplorer.plugins.ip.gpio.model.IPTab.checkCommonPossibleValues(IPTab.java:252)
2025-10-14 15:23:44,595 [ERROR] LogOutputStream:74 - [STDERR_REDIRECT] 	at com.st.microxplorer.plugins.ip.gpio.gui.GpioTablePanel.propertyChange(GpioTablePanel.java:484)
2025-10-14 15:23:44,595 [ERROR] LogOutputStream:74 - [STDERR_REDIRECT] 	at java.desktop/java.beans.PropertyChangeSupport.fire(PropertyChangeSupport.java:341)
2025-10-14 15:23:44,595 [ERROR] LogOutputStream:74 - [STDERR_REDIRECT] 	at java.desktop/java.beans.PropertyChangeSupport.firePropertyChange(PropertyChangeSupport.java:333)
2025-10-14 15:23:44,595 [ERROR] LogOutputStream:74 - [STDERR_REDIRECT] 	at com.st.microxplorer.mxsystem.MxSystem.propertyChange(MxSystem.java:446)
2025-10-14 15:23:44,595 [ERROR] LogOutputStream:74 - [STDERR_REDIRECT] 	at java.desktop/java.beans.PropertyChangeSupport.fire(PropertyChangeSupport.java:341)
2025-10-14 15:23:44,595 [ERROR] LogOutputStream:74 - [STDERR_REDIRECT] 	at java.desktop/java.beans.PropertyChangeSupport.firePropertyChange(PropertyChangeSupport.java:333)
2025-10-14 15:23:44,595 [ERROR] LogOutputStream:74 - [STDERR_REDIRECT] 	at java.desktop/java.beans.PropertyChangeSupport.firePropertyChange(PropertyChangeSupport.java:266)
2025-10-14 15:23:44,595 [ERROR] LogOutputStream:74 - [STDERR_REDIRECT] 	at com.st.microxplorer.util.MXPropertyChangeSupport.firePropertyChange(MXPropertyChangeSupport.java:50)
2025-10-14 15:23:44,596 [ERROR] LogOutputStream:74 - [STDERR_REDIRECT] 	at com.st.microxplorer.mcu.Mcu.propertyChange(Mcu.java:1660)
2025-10-14 15:23:44,596 [ERROR] LogOutputStream:74 - [STDERR_REDIRECT] 	at java.desktop/java.beans.PropertyChangeSupport.fire(PropertyChangeSupport.java:341)
2025-10-14 15:23:44,596 [ERROR] LogOutputStream:74 - [STDERR_REDIRECT] 	at java.desktop/java.beans.PropertyChangeSupport.firePropertyChange(PropertyChangeSupport.java:333)
2025-10-14 15:23:44,596 [ERROR] LogOutputStream:74 - [STDERR_REDIRECT] 	at java.desktop/java.beans.PropertyChangeSupport.firePropertyChange(PropertyChangeSupport.java:266)
2025-10-14 15:23:44,596 [ERROR] LogOutputStream:74 - [STDERR_REDIRECT] 	at com.st.microxplorer.util.MXPropertyChangeSupport.firePropertyChange(MXPropertyChangeSupport.java:50)
2025-10-14 15:23:44,596 [ERROR] LogOutputStream:74 - [STDERR_REDIRECT] 	at com.st.microxplorer.mcu.Pin.setPinLabel(Pin.java:2078)
2025-10-14 15:23:44,596 [ERROR] LogOutputStream:74 - [STDERR_REDIRECT] 	at com.st.microxplorer.plugins.pinoutconfig.gui.PinOutPanel$InputLabel$2.focusLost(PinOutPanel.java:2151)
2025-10-14 15:23:44,596 [ERROR] LogOutputStream:74 - [STDERR_REDIRECT] 	at java.desktop/java.awt.AWTEventMulticaster.focusLost(AWTEventMulticaster.java:238)
2025-10-14 15:23:44,596 [ERROR] LogOutputStream:74 - [STDERR_REDIRECT] 	at java.desktop/java.awt.AWTEventMulticaster.focusLost(AWTEventMulticaster.java:237)
2025-10-14 15:23:44,597 [ERROR] LogOutputStream:74 - [STDERR_REDIRECT] 	at java.desktop/java.awt.AWTEventMulticaster.focusLost(AWTEventMulticaster.java:237)
2025-10-14 15:23:44,597 [ERROR] LogOutputStream:74 - [STDERR_REDIRECT] 	at java.desktop/java.awt.Component.processFocusEvent(Component.java:6527)
2025-10-14 15:23:44,597 [ERROR] LogOutputStream:74 - [STDERR_REDIRECT] 	at java.desktop/java.awt.Component.processEvent(Component.java:6391)
2025-10-14 15:23:44,597 [ERROR] LogOutputStream:74 - [STDERR_REDIRECT] 	at java.desktop/java.awt.Container.processEvent(Container.java:2263)
2025-10-14 15:23:44,597 [ERROR] LogOutputStream:74 - [STDERR_REDIRECT] 	at java.desktop/java.awt.Component.dispatchEventImpl(Component.java:5011)
2025-10-14 15:23:44,597 [ERROR] LogOutputStream:74 - [STDERR_REDIRECT] 	at java.desktop/java.awt.Container.dispatchEventImpl(Container.java:2321)
2025-10-14 15:23:44,597 [ERROR] LogOutputStream:74 - [STDERR_REDIRECT] 	at java.desktop/java.awt.Component.dispatchEvent(Component.java:4843)
2025-10-14 15:23:44,598 [ERROR] LogOutputStream:74 - [STDERR_REDIRECT] 	at java.desktop/java.awt.KeyboardFocusManager.redispatchEvent(KeyboardFocusManager.java:1950)
2025-10-14 15:23:44,598 [ERROR] LogOutputStream:74 - [STDERR_REDIRECT] 	at java.desktop/java.awt.DefaultKeyboardFocusManager.typeAheadAssertions(DefaultKeyboardFocusManager.java:1059)
2025-10-14 15:23:44,598 [ERROR] LogOutputStream:74 - [STDERR_REDIRECT] 	at java.desktop/java.awt.DefaultKeyboardFocusManager.dispatchEvent(DefaultKeyboardFocusManager.java:725)
2025-10-14 15:23:44,598 [ERROR] LogOutputStream:74 - [STDERR_REDIRECT] 	at java.desktop/java.awt.Component.dispatchEventImpl(Component.java:4892)
2025-10-14 15:23:44,598 [ERROR] LogOutputStream:74 - [STDERR_REDIRECT] 	at java.desktop/java.awt.Container.dispatchEventImpl(Container.java:2321)
2025-10-14 15:23:44,598 [ERROR] LogOutputStream:74 - [STDERR_REDIRECT] 	at java.desktop/java.awt.Component.dispatchEvent(Component.java:4843)
2025-10-14 15:23:44,598 [ERROR] LogOutputStream:74 - [STDERR_REDIRECT] 	at java.desktop/java.awt.EventQueue.dispatchEventImpl(EventQueue.java:772)
2025-10-14 15:23:44,598 [ERROR] LogOutputStream:74 - [STDERR_REDIRECT] 	at java.desktop/java.awt.EventQueue$4.run(EventQueue.java:721)
2025-10-14 15:23:44,598 [ERROR] LogOutputStream:74 - [STDERR_REDIRECT] 	at java.desktop/java.awt.EventQueue$4.run(EventQueue.java:715)
2025-10-14 15:23:44,599 [ERROR] LogOutputStream:74 - [STDERR_REDIRECT] 	at java.base/java.security.AccessController.doPrivileged(Native Method)
2025-10-14 15:23:44,599 [ERROR] LogOutputStream:74 - [STDERR_REDIRECT] 	at java.base/java.security.ProtectionDomain$JavaSecurityAccessImpl.doIntersectionPrivilege(ProtectionDomain.java:85)
2025-10-14 15:23:44,599 [ERROR] LogOutputStream:74 - [STDERR_REDIRECT] 	at java.base/java.security.ProtectionDomain$JavaSecurityAccessImpl.doIntersectionPrivilege(ProtectionDomain.java:95)
2025-10-14 15:23:44,599 [ERROR] LogOutputStream:74 - [STDERR_REDIRECT] 	at java.desktop/java.awt.EventQueue$5.run(EventQueue.java:745)
2025-10-14 15:23:44,599 [ERROR] LogOutputStream:74 - [STDERR_REDIRECT] 	at java.desktop/java.awt.EventQueue$5.run(EventQueue.java:743)
2025-10-14 15:23:44,599 [ERROR] LogOutputStream:74 - [STDERR_REDIRECT] 	at java.base/java.security.AccessController.doPrivileged(Native Method)
2025-10-14 15:23:44,599 [ERROR] LogOutputStream:74 - [STDERR_REDIRECT] 	at java.base/java.security.ProtectionDomain$JavaSecurityAccessImpl.doIntersectionPrivilege(ProtectionDomain.java:85)
2025-10-14 15:23:44,599 [ERROR] LogOutputStream:74 - [STDERR_REDIRECT] 	at java.desktop/java.awt.EventQueue.dispatchEvent(EventQueue.java:742)
2025-10-14 15:23:44,599 [ERROR] LogOutputStream:74 - [STDERR_REDIRECT] 	at java.desktop/java.awt.EventDispatchThread.pumpOneEventForFilters(EventDispatchThread.java:203)
2025-10-14 15:23:44,599 [ERROR] LogOutputStream:74 - [STDERR_REDIRECT] 	at java.desktop/java.awt.EventDispatchThread.pumpEventsForFilter(EventDispatchThread.java:124)
2025-10-14 15:23:44,600 [ERROR] LogOutputStream:74 - [STDERR_REDIRECT] 	at java.desktop/java.awt.EventDispatchThread.pumpEventsForHierarchy(EventDispatchThread.java:113)
2025-10-14 15:23:44,600 [ERROR] LogOutputStream:74 - [STDERR_REDIRECT] 	at java.desktop/java.awt.EventDispatchThread.pumpEvents(EventDispatchThread.java:109)
2025-10-14 15:23:44,602 [ERROR] LogOutputStream:74 - [STDERR_REDIRECT] 	at java.desktop/java.awt.EventDispatchThread.pumpEvents(EventDispatchThread.java:101)
2025-10-14 15:23:44,602 [ERROR] LogOutputStream:74 - [STDERR_REDIRECT] 	at java.desktop/java.awt.EventDispatchThread.run(EventDispatchThread.java:90)
2025-10-14 15:23:48,983 [ERROR] LogOutputStream:74 - [STDERR_REDIRECT] Exception in thread "AWT-EventQueue-0" java.lang.NullPointerException
2025-10-14 15:23:48,984 [ERROR] LogOutputStream:74 - [STDERR_REDIRECT] 	at com.st.microxplorer.plugins.ip.gpio.model.IPTab.checkGPIOMode(IPTab.java:270)
2025-10-14 15:23:48,984 [ERROR] LogOutputStream:74 - [STDERR_REDIRECT] 	at com.st.microxplorer.plugins.ip.gpio.model.IPTab.checkCommonPossibleValues(IPTab.java:252)
2025-10-14 15:23:48,984 [ERROR] LogOutputStream:74 - [STDERR_REDIRECT] 	at com.st.microxplorer.plugins.ip.gpio.gui.GpioTablePanel.propertyChange(GpioTablePanel.java:484)
2025-10-14 15:23:48,984 [ERROR] LogOutputStream:74 - [STDERR_REDIRECT] 	at java.desktop/java.beans.PropertyChangeSupport.fire(PropertyChangeSupport.java:341)
2025-10-14 15:23:48,984 [ERROR] LogOutputStream:74 - [STDERR_REDIRECT] 	at java.desktop/java.beans.PropertyChangeSupport.firePropertyChange(PropertyChangeSupport.java:333)
2025-10-14 15:23:48,984 [ERROR] LogOutputStream:74 - [STDERR_REDIRECT] 	at com.st.microxplorer.mxsystem.MxSystem.propertyChange(MxSystem.java:446)
2025-10-14 15:23:48,984 [ERROR] LogOutputStream:74 - [STDERR_REDIRECT] 	at java.desktop/java.beans.PropertyChangeSupport.fire(PropertyChangeSupport.java:341)
2025-10-14 15:23:48,984 [ERROR] LogOutputStream:74 - [STDERR_REDIRECT] 	at java.desktop/java.beans.PropertyChangeSupport.firePropertyChange(PropertyChangeSupport.java:333)
2025-10-14 15:23:48,985 [ERROR] LogOutputStream:74 - [STDERR_REDIRECT] 	at java.desktop/java.beans.PropertyChangeSupport.firePropertyChange(PropertyChangeSupport.java:266)
2025-10-14 15:23:48,985 [ERROR] LogOutputStream:74 - [STDERR_REDIRECT] 	at com.st.microxplorer.util.MXPropertyChangeSupport.firePropertyChange(MXPropertyChangeSupport.java:50)
2025-10-14 15:23:48,985 [ERROR] LogOutputStream:74 - [STDERR_REDIRECT] 	at com.st.microxplorer.mcu.Mcu.propertyChange(Mcu.java:1660)
2025-10-14 15:23:48,985 [ERROR] LogOutputStream:74 - [STDERR_REDIRECT] 	at java.desktop/java.beans.PropertyChangeSupport.fire(PropertyChangeSupport.java:341)
2025-10-14 15:23:48,985 [ERROR] LogOutputStream:74 - [STDERR_REDIRECT] 	at java.desktop/java.beans.PropertyChangeSupport.firePropertyChange(PropertyChangeSupport.java:333)
2025-10-14 15:23:48,985 [ERROR] LogOutputStream:74 - [STDERR_REDIRECT] 	at java.desktop/java.beans.PropertyChangeSupport.firePropertyChange(PropertyChangeSupport.java:266)
2025-10-14 15:23:48,985 [ERROR] LogOutputStream:74 - [STDERR_REDIRECT] 	at com.st.microxplorer.util.MXPropertyChangeSupport.firePropertyChange(MXPropertyChangeSupport.java:50)
2025-10-14 15:23:48,985 [ERROR] LogOutputStream:74 - [STDERR_REDIRECT] 	at com.st.microxplorer.mcu.Pin.setPinLabel(Pin.java:2078)
2025-10-14 15:23:48,985 [ERROR] LogOutputStream:74 - [STDERR_REDIRECT] 	at com.st.microxplorer.plugins.pinoutconfig.gui.PinOutPanel$InputLabel$2.focusLost(PinOutPanel.java:2151)
2025-10-14 15:23:48,986 [ERROR] LogOutputStream:74 - [STDERR_REDIRECT] 	at java.desktop/java.awt.AWTEventMulticaster.focusLost(AWTEventMulticaster.java:238)
2025-10-14 15:23:48,986 [ERROR] LogOutputStream:74 - [STDERR_REDIRECT] 	at java.desktop/java.awt.AWTEventMulticaster.focusLost(AWTEventMulticaster.java:237)
2025-10-14 15:23:48,986 [ERROR] LogOutputStream:74 - [STDERR_REDIRECT] 	at java.desktop/java.awt.AWTEventMulticaster.focusLost(AWTEventMulticaster.java:237)
2025-10-14 15:23:48,986 [ERROR] LogOutputStream:74 - [STDERR_REDIRECT] 	at java.desktop/java.awt.Component.processFocusEvent(Component.java:6527)
2025-10-14 15:23:48,986 [ERROR] LogOutputStream:74 - [STDERR_REDIRECT] 	at java.desktop/java.awt.Component.processEvent(Component.java:6391)
2025-10-14 15:23:48,986 [ERROR] LogOutputStream:74 - [STDERR_REDIRECT] 	at java.desktop/java.awt.Container.processEvent(Container.java:2263)
2025-10-14 15:23:48,986 [ERROR] LogOutputStream:74 - [STDERR_REDIRECT] 	at java.desktop/java.awt.Component.dispatchEventImpl(Component.java:5011)
2025-10-14 15:23:48,986 [ERROR] LogOutputStream:74 - [STDERR_REDIRECT] 	at java.desktop/java.awt.Container.dispatchEventImpl(Container.java:2321)
2025-10-14 15:23:48,986 [ERROR] LogOutputStream:74 - [STDERR_REDIRECT] 	at java.desktop/java.awt.Component.dispatchEvent(Component.java:4843)
2025-10-14 15:23:48,987 [ERROR] LogOutputStream:74 - [STDERR_REDIRECT] 	at java.desktop/java.awt.KeyboardFocusManager.redispatchEvent(KeyboardFocusManager.java:1950)
2025-10-14 15:23:48,987 [ERROR] LogOutputStream:74 - [STDERR_REDIRECT] 	at java.desktop/java.awt.DefaultKeyboardFocusManager.typeAheadAssertions(DefaultKeyboardFocusManager.java:1059)
2025-10-14 15:23:48,987 [ERROR] LogOutputStream:74 - [STDERR_REDIRECT] 	at java.desktop/java.awt.DefaultKeyboardFocusManager.dispatchEvent(DefaultKeyboardFocusManager.java:725)
2025-10-14 15:23:48,987 [ERROR] LogOutputStream:74 - [STDERR_REDIRECT] 	at java.desktop/java.awt.Component.dispatchEventImpl(Component.java:4892)
2025-10-14 15:23:48,987 [ERROR] LogOutputStream:74 - [STDERR_REDIRECT] 	at java.desktop/java.awt.Container.dispatchEventImpl(Container.java:2321)
2025-10-14 15:23:48,987 [ERROR] LogOutputStream:74 - [STDERR_REDIRECT] 	at java.desktop/java.awt.Component.dispatchEvent(Component.java:4843)
2025-10-14 15:23:48,987 [ERROR] LogOutputStream:74 - [STDERR_REDIRECT] 	at java.desktop/java.awt.EventQueue.dispatchEventImpl(EventQueue.java:772)
2025-10-14 15:23:48,987 [ERROR] LogOutputStream:74 - [STDERR_REDIRECT] 	at java.desktop/java.awt.EventQueue$4.run(EventQueue.java:721)
2025-10-14 15:23:48,987 [ERROR] LogOutputStream:74 - [STDERR_REDIRECT] 	at java.desktop/java.awt.EventQueue$4.run(EventQueue.java:715)
2025-10-14 15:23:48,988 [ERROR] LogOutputStream:74 - [STDERR_REDIRECT] 	at java.base/java.security.AccessController.doPrivileged(Native Method)
2025-10-14 15:23:48,988 [ERROR] LogOutputStream:74 - [STDERR_REDIRECT] 	at java.base/java.security.ProtectionDomain$JavaSecurityAccessImpl.doIntersectionPrivilege(ProtectionDomain.java:85)
2025-10-14 15:23:48,988 [ERROR] LogOutputStream:74 - [STDERR_REDIRECT] 	at java.base/java.security.ProtectionDomain$JavaSecurityAccessImpl.doIntersectionPrivilege(ProtectionDomain.java:95)
2025-10-14 15:23:48,988 [ERROR] LogOutputStream:74 - [STDERR_REDIRECT] 	at java.desktop/java.awt.EventQueue$5.run(EventQueue.java:745)
2025-10-14 15:23:48,988 [ERROR] LogOutputStream:74 - [STDERR_REDIRECT] 	at java.desktop/java.awt.EventQueue$5.run(EventQueue.java:743)
2025-10-14 15:23:48,988 [ERROR] LogOutputStream:74 - [STDERR_REDIRECT] 	at java.base/java.security.AccessController.doPrivileged(Native Method)
2025-10-14 15:23:48,988 [ERROR] LogOutputStream:74 - [STDERR_REDIRECT] 	at java.base/java.security.ProtectionDomain$JavaSecurityAccessImpl.doIntersectionPrivilege(ProtectionDomain.java:85)
2025-10-14 15:23:48,988 [ERROR] LogOutputStream:74 - [STDERR_REDIRECT] 	at java.desktop/java.awt.EventQueue.dispatchEvent(EventQueue.java:742)
2025-10-14 15:23:48,988 [ERROR] LogOutputStream:74 - [STDERR_REDIRECT] 	at java.desktop/java.awt.EventDispatchThread.pumpOneEventForFilters(EventDispatchThread.java:203)
2025-10-14 15:23:48,989 [ERROR] LogOutputStream:74 - [STDERR_REDIRECT] 	at java.desktop/java.awt.EventDispatchThread.pumpEventsForFilter(EventDispatchThread.java:124)
2025-10-14 15:23:48,989 [ERROR] LogOutputStream:74 - [STDERR_REDIRECT] 	at java.desktop/java.awt.EventDispatchThread.pumpEventsForHierarchy(EventDispatchThread.java:113)
2025-10-14 15:23:48,989 [ERROR] LogOutputStream:74 - [STDERR_REDIRECT] 	at java.desktop/java.awt.EventDispatchThread.pumpEvents(EventDispatchThread.java:109)
2025-10-14 15:23:48,989 [ERROR] LogOutputStream:74 - [STDERR_REDIRECT] 	at java.desktop/java.awt.EventDispatchThread.pumpEvents(EventDispatchThread.java:101)
2025-10-14 15:23:48,989 [ERROR] LogOutputStream:74 - [STDERR_REDIRECT] 	at java.desktop/java.awt.EventDispatchThread.run(EventDispatchThread.java:90)
2025-10-14 15:23:55,645 [INFO] Gpio:254 - dependency for GPIO []
2025-10-14 15:23:58,169 [INFO] Gpio:254 - dependency for GPIO []
2025-10-14 15:24:07,593 [INFO] Pin:2088 - value.trim() 3
2025-10-14 15:24:07,594 [INFO] Pin:2089 - Pin value PB14
2025-10-14 15:24:12,262 [ERROR] LogOutputStream:74 - [STDERR_REDIRECT] Exception in thread "AWT-EventQueue-0" java.lang.NullPointerException
2025-10-14 15:24:12,263 [ERROR] LogOutputStream:74 - [STDERR_REDIRECT] 	at com.st.microxplorer.plugins.ip.gpio.model.IPTab.checkGPIOMode(IPTab.java:270)
2025-10-14 15:24:12,263 [ERROR] LogOutputStream:74 - [STDERR_REDIRECT] 	at com.st.microxplorer.plugins.ip.gpio.model.IPTab.checkCommonPossibleValues(IPTab.java:252)
2025-10-14 15:24:12,263 [ERROR] LogOutputStream:74 - [STDERR_REDIRECT] 	at com.st.microxplorer.plugins.ip.gpio.gui.GpioTablePanel.propertyChange(GpioTablePanel.java:484)
2025-10-14 15:24:12,263 [ERROR] LogOutputStream:74 - [STDERR_REDIRECT] 	at java.desktop/java.beans.PropertyChangeSupport.fire(PropertyChangeSupport.java:341)
2025-10-14 15:24:12,263 [ERROR] LogOutputStream:74 - [STDERR_REDIRECT] 	at java.desktop/java.beans.PropertyChangeSupport.firePropertyChange(PropertyChangeSupport.java:333)
2025-10-14 15:24:12,263 [ERROR] LogOutputStream:74 - [STDERR_REDIRECT] 	at com.st.microxplorer.mxsystem.MxSystem.propertyChange(MxSystem.java:446)
2025-10-14 15:24:12,263 [ERROR] LogOutputStream:74 - [STDERR_REDIRECT] 	at java.desktop/java.beans.PropertyChangeSupport.fire(PropertyChangeSupport.java:341)
2025-10-14 15:24:12,264 [ERROR] LogOutputStream:74 - [STDERR_REDIRECT] 	at java.desktop/java.beans.PropertyChangeSupport.firePropertyChange(PropertyChangeSupport.java:333)
2025-10-14 15:24:12,264 [ERROR] LogOutputStream:74 - [STDERR_REDIRECT] 	at java.desktop/java.beans.PropertyChangeSupport.firePropertyChange(PropertyChangeSupport.java:266)
2025-10-14 15:24:12,264 [ERROR] LogOutputStream:74 - [STDERR_REDIRECT] 	at com.st.microxplorer.util.MXPropertyChangeSupport.firePropertyChange(MXPropertyChangeSupport.java:50)
2025-10-14 15:24:12,264 [ERROR] LogOutputStream:74 - [STDERR_REDIRECT] 	at com.st.microxplorer.mcu.Mcu.propertyChange(Mcu.java:1660)
2025-10-14 15:24:12,264 [ERROR] LogOutputStream:74 - [STDERR_REDIRECT] 	at java.desktop/java.beans.PropertyChangeSupport.fire(PropertyChangeSupport.java:341)
2025-10-14 15:24:12,264 [ERROR] LogOutputStream:74 - [STDERR_REDIRECT] 	at java.desktop/java.beans.PropertyChangeSupport.firePropertyChange(PropertyChangeSupport.java:333)
2025-10-14 15:24:12,265 [ERROR] LogOutputStream:74 - [STDERR_REDIRECT] 	at java.desktop/java.beans.PropertyChangeSupport.firePropertyChange(PropertyChangeSupport.java:266)
2025-10-14 15:24:12,265 [ERROR] LogOutputStream:74 - [STDERR_REDIRECT] 	at com.st.microxplorer.util.MXPropertyChangeSupport.firePropertyChange(MXPropertyChangeSupport.java:50)
2025-10-14 15:24:12,265 [ERROR] LogOutputStream:74 - [STDERR_REDIRECT] 	at com.st.microxplorer.mcu.Pin.setPinLabel(Pin.java:2078)
2025-10-14 15:24:12,265 [ERROR] LogOutputStream:74 - [STDERR_REDIRECT] 	at com.st.microxplorer.plugins.pinoutconfig.gui.PinOutPanel$InputLabel$2.focusLost(PinOutPanel.java:2151)
2025-10-14 15:24:12,265 [ERROR] LogOutputStream:74 - [STDERR_REDIRECT] 	at java.desktop/java.awt.AWTEventMulticaster.focusLost(AWTEventMulticaster.java:238)
2025-10-14 15:24:12,265 [ERROR] LogOutputStream:74 - [STDERR_REDIRECT] 	at java.desktop/java.awt.AWTEventMulticaster.focusLost(AWTEventMulticaster.java:237)
2025-10-14 15:24:12,265 [ERROR] LogOutputStream:74 - [STDERR_REDIRECT] 	at java.desktop/java.awt.AWTEventMulticaster.focusLost(AWTEventMulticaster.java:237)
2025-10-14 15:24:12,265 [ERROR] LogOutputStream:74 - [STDERR_REDIRECT] 	at java.desktop/java.awt.Component.processFocusEvent(Component.java:6527)
2025-10-14 15:24:12,266 [ERROR] LogOutputStream:74 - [STDERR_REDIRECT] 	at java.desktop/java.awt.Component.processEvent(Component.java:6391)
2025-10-14 15:24:12,266 [ERROR] LogOutputStream:74 - [STDERR_REDIRECT] 	at java.desktop/java.awt.Container.processEvent(Container.java:2263)
2025-10-14 15:24:12,266 [ERROR] LogOutputStream:74 - [STDERR_REDIRECT] 	at java.desktop/java.awt.Component.dispatchEventImpl(Component.java:5011)
2025-10-14 15:24:12,266 [ERROR] LogOutputStream:74 - [STDERR_REDIRECT] 	at java.desktop/java.awt.Container.dispatchEventImpl(Container.java:2321)
2025-10-14 15:24:12,266 [ERROR] LogOutputStream:74 - [STDERR_REDIRECT] 	at java.desktop/java.awt.Component.dispatchEvent(Component.java:4843)
2025-10-14 15:24:12,266 [ERROR] LogOutputStream:74 - [STDERR_REDIRECT] 	at java.desktop/java.awt.KeyboardFocusManager.redispatchEvent(KeyboardFocusManager.java:1950)
2025-10-14 15:24:12,266 [ERROR] LogOutputStream:74 - [STDERR_REDIRECT] 	at java.desktop/java.awt.DefaultKeyboardFocusManager.typeAheadAssertions(DefaultKeyboardFocusManager.java:1059)
2025-10-14 15:24:12,266 [ERROR] LogOutputStream:74 - [STDERR_REDIRECT] 	at java.desktop/java.awt.DefaultKeyboardFocusManager.dispatchEvent(DefaultKeyboardFocusManager.java:725)
2025-10-14 15:24:12,266 [ERROR] LogOutputStream:74 - [STDERR_REDIRECT] 	at java.desktop/java.awt.Component.dispatchEventImpl(Component.java:4892)
2025-10-14 15:24:12,266 [ERROR] LogOutputStream:74 - [STDERR_REDIRECT] 	at java.desktop/java.awt.Container.dispatchEventImpl(Container.java:2321)
2025-10-14 15:24:12,267 [ERROR] LogOutputStream:74 - [STDERR_REDIRECT] 	at java.desktop/java.awt.Component.dispatchEvent(Component.java:4843)
2025-10-14 15:24:12,267 [ERROR] LogOutputStream:74 - [STDERR_REDIRECT] 	at java.desktop/java.awt.EventQueue.dispatchEventImpl(EventQueue.java:772)
2025-10-14 15:24:12,267 [ERROR] LogOutputStream:74 - [STDERR_REDIRECT] 	at java.desktop/java.awt.EventQueue$4.run(EventQueue.java:721)
2025-10-14 15:24:12,267 [ERROR] LogOutputStream:74 - [STDERR_REDIRECT] 	at java.desktop/java.awt.EventQueue$4.run(EventQueue.java:715)
2025-10-14 15:24:12,267 [ERROR] LogOutputStream:74 - [STDERR_REDIRECT] 	at java.base/java.security.AccessController.doPrivileged(Native Method)
2025-10-14 15:24:12,267 [ERROR] LogOutputStream:74 - [STDERR_REDIRECT] 	at java.base/java.security.ProtectionDomain$JavaSecurityAccessImpl.doIntersectionPrivilege(ProtectionDomain.java:85)
2025-10-14 15:24:12,267 [ERROR] LogOutputStream:74 - [STDERR_REDIRECT] 	at java.base/java.security.ProtectionDomain$JavaSecurityAccessImpl.doIntersectionPrivilege(ProtectionDomain.java:95)
2025-10-14 15:24:12,267 [ERROR] LogOutputStream:74 - [STDERR_REDIRECT] 	at java.desktop/java.awt.EventQueue$5.run(EventQueue.java:745)
2025-10-14 15:24:12,267 [ERROR] LogOutputStream:74 - [STDERR_REDIRECT] 	at java.desktop/java.awt.EventQueue$5.run(EventQueue.java:743)
2025-10-14 15:24:12,268 [ERROR] LogOutputStream:74 - [STDERR_REDIRECT] 	at java.base/java.security.AccessController.doPrivileged(Native Method)
2025-10-14 15:24:12,268 [ERROR] LogOutputStream:74 - [STDERR_REDIRECT] 	at java.base/java.security.ProtectionDomain$JavaSecurityAccessImpl.doIntersectionPrivilege(ProtectionDomain.java:85)
2025-10-14 15:24:12,268 [ERROR] LogOutputStream:74 - [STDERR_REDIRECT] 	at java.desktop/java.awt.EventQueue.dispatchEvent(EventQueue.java:742)
2025-10-14 15:24:12,268 [ERROR] LogOutputStream:74 - [STDERR_REDIRECT] 	at java.desktop/java.awt.EventDispatchThread.pumpOneEventForFilters(EventDispatchThread.java:203)
2025-10-14 15:24:12,268 [ERROR] LogOutputStream:74 - [STDERR_REDIRECT] 	at java.desktop/java.awt.EventDispatchThread.pumpEventsForFilter(EventDispatchThread.java:124)
2025-10-14 15:24:12,268 [ERROR] LogOutputStream:74 - [STDERR_REDIRECT] 	at java.desktop/java.awt.EventDispatchThread.pumpEventsForHierarchy(EventDispatchThread.java:113)
2025-10-14 15:24:12,268 [ERROR] LogOutputStream:74 - [STDERR_REDIRECT] 	at java.desktop/java.awt.EventDispatchThread.pumpEvents(EventDispatchThread.java:109)
2025-10-14 15:24:12,268 [ERROR] LogOutputStream:74 - [STDERR_REDIRECT] 	at java.desktop/java.awt.EventDispatchThread.pumpEvents(EventDispatchThread.java:101)
2025-10-14 15:24:12,268 [ERROR] LogOutputStream:74 - [STDERR_REDIRECT] 	at java.desktop/java.awt.EventDispatchThread.run(EventDispatchThread.java:90)
2025-10-14 15:24:15,272 [ERROR] LogOutputStream:74 - [STDERR_REDIRECT] Exception in thread "AWT-EventQueue-0" java.lang.NullPointerException
2025-10-14 15:24:15,272 [ERROR] LogOutputStream:74 - [STDERR_REDIRECT] 	at com.st.microxplorer.plugins.ip.gpio.model.IPTab.checkGPIOMode(IPTab.java:270)
2025-10-14 15:24:15,272 [ERROR] LogOutputStream:74 - [STDERR_REDIRECT] 	at com.st.microxplorer.plugins.ip.gpio.model.IPTab.checkCommonPossibleValues(IPTab.java:252)
2025-10-14 15:24:15,272 [ERROR] LogOutputStream:74 - [STDERR_REDIRECT] 	at com.st.microxplorer.plugins.ip.gpio.gui.GpioTablePanel.propertyChange(GpioTablePanel.java:484)
2025-10-14 15:24:15,272 [ERROR] LogOutputStream:74 - [STDERR_REDIRECT] 	at java.desktop/java.beans.PropertyChangeSupport.fire(PropertyChangeSupport.java:341)
2025-10-14 15:24:15,272 [ERROR] LogOutputStream:74 - [STDERR_REDIRECT] 	at java.desktop/java.beans.PropertyChangeSupport.firePropertyChange(PropertyChangeSupport.java:333)
2025-10-14 15:24:15,273 [ERROR] LogOutputStream:74 - [STDERR_REDIRECT] 	at com.st.microxplorer.mxsystem.MxSystem.propertyChange(MxSystem.java:446)
2025-10-14 15:24:15,273 [ERROR] LogOutputStream:74 - [STDERR_REDIRECT] 	at java.desktop/java.beans.PropertyChangeSupport.fire(PropertyChangeSupport.java:341)
2025-10-14 15:24:15,273 [ERROR] LogOutputStream:74 - [STDERR_REDIRECT] 	at java.desktop/java.beans.PropertyChangeSupport.firePropertyChange(PropertyChangeSupport.java:333)
2025-10-14 15:24:15,273 [ERROR] LogOutputStream:74 - [STDERR_REDIRECT] 	at java.desktop/java.beans.PropertyChangeSupport.firePropertyChange(PropertyChangeSupport.java:266)
2025-10-14 15:24:15,273 [ERROR] LogOutputStream:74 - [STDERR_REDIRECT] 	at com.st.microxplorer.util.MXPropertyChangeSupport.firePropertyChange(MXPropertyChangeSupport.java:50)
2025-10-14 15:24:15,273 [ERROR] LogOutputStream:74 - [STDERR_REDIRECT] 	at com.st.microxplorer.mcu.Mcu.propertyChange(Mcu.java:1660)
2025-10-14 15:24:15,273 [ERROR] LogOutputStream:74 - [STDERR_REDIRECT] 	at java.desktop/java.beans.PropertyChangeSupport.fire(PropertyChangeSupport.java:341)
2025-10-14 15:24:15,273 [ERROR] LogOutputStream:74 - [STDERR_REDIRECT] 	at java.desktop/java.beans.PropertyChangeSupport.firePropertyChange(PropertyChangeSupport.java:333)
2025-10-14 15:24:15,274 [ERROR] LogOutputStream:74 - [STDERR_REDIRECT] 	at java.desktop/java.beans.PropertyChangeSupport.firePropertyChange(PropertyChangeSupport.java:266)
2025-10-14 15:24:15,274 [ERROR] LogOutputStream:74 - [STDERR_REDIRECT] 	at com.st.microxplorer.util.MXPropertyChangeSupport.firePropertyChange(MXPropertyChangeSupport.java:50)
2025-10-14 15:24:15,274 [ERROR] LogOutputStream:74 - [STDERR_REDIRECT] 	at com.st.microxplorer.mcu.Pin.setPinLabel(Pin.java:2078)
2025-10-14 15:24:15,274 [ERROR] LogOutputStream:74 - [STDERR_REDIRECT] 	at com.st.microxplorer.plugins.pinoutconfig.gui.PinOutPanel$InputLabel$2.focusLost(PinOutPanel.java:2151)
2025-10-14 15:24:15,274 [ERROR] LogOutputStream:74 - [STDERR_REDIRECT] 	at java.desktop/java.awt.AWTEventMulticaster.focusLost(AWTEventMulticaster.java:238)
2025-10-14 15:24:15,274 [ERROR] LogOutputStream:74 - [STDERR_REDIRECT] 	at java.desktop/java.awt.AWTEventMulticaster.focusLost(AWTEventMulticaster.java:237)
2025-10-14 15:24:15,274 [ERROR] LogOutputStream:74 - [STDERR_REDIRECT] 	at java.desktop/java.awt.AWTEventMulticaster.focusLost(AWTEventMulticaster.java:237)
2025-10-14 15:24:15,274 [ERROR] LogOutputStream:74 - [STDERR_REDIRECT] 	at java.desktop/java.awt.Component.processFocusEvent(Component.java:6527)
2025-10-14 15:24:15,274 [ERROR] LogOutputStream:74 - [STDERR_REDIRECT] 	at java.desktop/java.awt.Component.processEvent(Component.java:6391)
2025-10-14 15:24:15,275 [ERROR] LogOutputStream:74 - [STDERR_REDIRECT] 	at java.desktop/java.awt.Container.processEvent(Container.java:2263)
2025-10-14 15:24:15,275 [ERROR] LogOutputStream:74 - [STDERR_REDIRECT] 	at java.desktop/java.awt.Component.dispatchEventImpl(Component.java:5011)
2025-10-14 15:24:15,275 [ERROR] LogOutputStream:74 - [STDERR_REDIRECT] 	at java.desktop/java.awt.Container.dispatchEventImpl(Container.java:2321)
2025-10-14 15:24:15,275 [ERROR] LogOutputStream:74 - [STDERR_REDIRECT] 	at java.desktop/java.awt.Component.dispatchEvent(Component.java:4843)
2025-10-14 15:24:15,275 [ERROR] LogOutputStream:74 - [STDERR_REDIRECT] 	at java.desktop/java.awt.KeyboardFocusManager.redispatchEvent(KeyboardFocusManager.java:1950)
2025-10-14 15:24:15,275 [ERROR] LogOutputStream:74 - [STDERR_REDIRECT] 	at java.desktop/java.awt.DefaultKeyboardFocusManager.typeAheadAssertions(DefaultKeyboardFocusManager.java:1059)
2025-10-14 15:24:15,275 [ERROR] LogOutputStream:74 - [STDERR_REDIRECT] 	at java.desktop/java.awt.DefaultKeyboardFocusManager.dispatchEvent(DefaultKeyboardFocusManager.java:725)
2025-10-14 15:24:15,275 [ERROR] LogOutputStream:74 - [STDERR_REDIRECT] 	at java.desktop/java.awt.Component.dispatchEventImpl(Component.java:4892)
2025-10-14 15:24:15,275 [ERROR] LogOutputStream:74 - [STDERR_REDIRECT] 	at java.desktop/java.awt.Container.dispatchEventImpl(Container.java:2321)
2025-10-14 15:24:15,276 [ERROR] LogOutputStream:74 - [STDERR_REDIRECT] 	at java.desktop/java.awt.Component.dispatchEvent(Component.java:4843)
2025-10-14 15:24:15,276 [ERROR] LogOutputStream:74 - [STDERR_REDIRECT] 	at java.desktop/java.awt.EventQueue.dispatchEventImpl(EventQueue.java:772)
2025-10-14 15:24:15,276 [ERROR] LogOutputStream:74 - [STDERR_REDIRECT] 	at java.desktop/java.awt.EventQueue$4.run(EventQueue.java:721)
2025-10-14 15:24:15,276 [ERROR] LogOutputStream:74 - [STDERR_REDIRECT] 	at java.desktop/java.awt.EventQueue$4.run(EventQueue.java:715)
2025-10-14 15:24:15,276 [ERROR] LogOutputStream:74 - [STDERR_REDIRECT] 	at java.base/java.security.AccessController.doPrivileged(Native Method)
2025-10-14 15:24:15,276 [ERROR] LogOutputStream:74 - [STDERR_REDIRECT] 	at java.base/java.security.ProtectionDomain$JavaSecurityAccessImpl.doIntersectionPrivilege(ProtectionDomain.java:85)
2025-10-14 15:24:15,276 [ERROR] LogOutputStream:74 - [STDERR_REDIRECT] 	at java.base/java.security.ProtectionDomain$JavaSecurityAccessImpl.doIntersectionPrivilege(ProtectionDomain.java:95)
2025-10-14 15:24:15,276 [ERROR] LogOutputStream:74 - [STDERR_REDIRECT] 	at java.desktop/java.awt.EventQueue$5.run(EventQueue.java:745)
2025-10-14 15:24:15,276 [ERROR] LogOutputStream:74 - [STDERR_REDIRECT] 	at java.desktop/java.awt.EventQueue$5.run(EventQueue.java:743)
2025-10-14 15:24:15,276 [ERROR] LogOutputStream:74 - [STDERR_REDIRECT] 	at java.base/java.security.AccessController.doPrivileged(Native Method)
2025-10-14 15:24:15,277 [ERROR] LogOutputStream:74 - [STDERR_REDIRECT] 	at java.base/java.security.ProtectionDomain$JavaSecurityAccessImpl.doIntersectionPrivilege(ProtectionDomain.java:85)
2025-10-14 15:24:15,277 [ERROR] LogOutputStream:74 - [STDERR_REDIRECT] 	at java.desktop/java.awt.EventQueue.dispatchEvent(EventQueue.java:742)
2025-10-14 15:24:15,277 [ERROR] LogOutputStream:74 - [STDERR_REDIRECT] 	at java.desktop/java.awt.EventDispatchThread.pumpOneEventForFilters(EventDispatchThread.java:203)
2025-10-14 15:24:15,277 [ERROR] LogOutputStream:74 - [STDERR_REDIRECT] 	at java.desktop/java.awt.EventDispatchThread.pumpEventsForFilter(EventDispatchThread.java:124)
2025-10-14 15:24:15,277 [ERROR] LogOutputStream:74 - [STDERR_REDIRECT] 	at java.desktop/java.awt.EventDispatchThread.pumpEventsForHierarchy(EventDispatchThread.java:113)
2025-10-14 15:24:15,277 [ERROR] LogOutputStream:74 - [STDERR_REDIRECT] 	at java.desktop/java.awt.EventDispatchThread.pumpEvents(EventDispatchThread.java:109)
2025-10-14 15:24:15,277 [ERROR] LogOutputStream:74 - [STDERR_REDIRECT] 	at java.desktop/java.awt.EventDispatchThread.pumpEvents(EventDispatchThread.java:101)
2025-10-14 15:24:15,277 [ERROR] LogOutputStream:74 - [STDERR_REDIRECT] 	at java.desktop/java.awt.EventDispatchThread.run(EventDispatchThread.java:90)
2025-10-14 15:24:22,513 [INFO] Gpio:254 - dependency for GPIO []
2025-10-14 15:24:24,842 [INFO] Gpio:254 - dependency for GPIO []
2025-10-14 15:24:31,959 [ERROR] LogOutputStream:74 - [STDERR_REDIRECT] Exception in thread "AWT-EventQueue-0" java.lang.NullPointerException
2025-10-14 15:24:31,960 [ERROR] LogOutputStream:74 - [STDERR_REDIRECT] 	at com.st.microxplorer.plugins.ip.gpio.model.IPTab.checkGPIOMode(IPTab.java:270)
2025-10-14 15:24:31,960 [ERROR] LogOutputStream:74 - [STDERR_REDIRECT] 	at com.st.microxplorer.plugins.ip.gpio.model.IPTab.checkCommonPossibleValues(IPTab.java:252)
2025-10-14 15:24:31,960 [ERROR] LogOutputStream:74 - [STDERR_REDIRECT] 	at com.st.microxplorer.plugins.ip.gpio.gui.GpioTablePanel.propertyChange(GpioTablePanel.java:484)
2025-10-14 15:24:31,960 [ERROR] LogOutputStream:74 - [STDERR_REDIRECT] 	at java.desktop/java.beans.PropertyChangeSupport.fire(PropertyChangeSupport.java:341)
2025-10-14 15:24:31,960 [ERROR] LogOutputStream:74 - [STDERR_REDIRECT] 	at java.desktop/java.beans.PropertyChangeSupport.firePropertyChange(PropertyChangeSupport.java:333)
2025-10-14 15:24:31,960 [ERROR] LogOutputStream:74 - [STDERR_REDIRECT] 	at com.st.microxplorer.mxsystem.MxSystem.propertyChange(MxSystem.java:446)
2025-10-14 15:24:31,960 [ERROR] LogOutputStream:74 - [STDERR_REDIRECT] 	at java.desktop/java.beans.PropertyChangeSupport.fire(PropertyChangeSupport.java:341)
2025-10-14 15:24:31,961 [ERROR] LogOutputStream:74 - [STDERR_REDIRECT] 	at java.desktop/java.beans.PropertyChangeSupport.firePropertyChange(PropertyChangeSupport.java:333)
2025-10-14 15:24:31,961 [ERROR] LogOutputStream:74 - [STDERR_REDIRECT] 	at java.desktop/java.beans.PropertyChangeSupport.firePropertyChange(PropertyChangeSupport.java:266)
2025-10-14 15:24:31,961 [ERROR] LogOutputStream:74 - [STDERR_REDIRECT] 	at com.st.microxplorer.util.MXPropertyChangeSupport.firePropertyChange(MXPropertyChangeSupport.java:50)
2025-10-14 15:24:31,961 [ERROR] LogOutputStream:74 - [STDERR_REDIRECT] 	at com.st.microxplorer.mcu.Mcu.propertyChange(Mcu.java:1660)
2025-10-14 15:24:31,961 [ERROR] LogOutputStream:74 - [STDERR_REDIRECT] 	at java.desktop/java.beans.PropertyChangeSupport.fire(PropertyChangeSupport.java:341)
2025-10-14 15:24:31,961 [ERROR] LogOutputStream:74 - [STDERR_REDIRECT] 	at java.desktop/java.beans.PropertyChangeSupport.firePropertyChange(PropertyChangeSupport.java:333)
2025-10-14 15:24:31,961 [ERROR] LogOutputStream:74 - [STDERR_REDIRECT] 	at java.desktop/java.beans.PropertyChangeSupport.firePropertyChange(PropertyChangeSupport.java:266)
2025-10-14 15:24:31,961 [ERROR] LogOutputStream:74 - [STDERR_REDIRECT] 	at com.st.microxplorer.util.MXPropertyChangeSupport.firePropertyChange(MXPropertyChangeSupport.java:50)
2025-10-14 15:24:31,961 [ERROR] LogOutputStream:74 - [STDERR_REDIRECT] 	at com.st.microxplorer.mcu.Pin.setPinLabel(Pin.java:2078)
2025-10-14 15:24:31,962 [ERROR] LogOutputStream:74 - [STDERR_REDIRECT] 	at com.st.microxplorer.plugins.pinoutconfig.gui.PinOutPanel$InputLabel$2.focusLost(PinOutPanel.java:2151)
2025-10-14 15:24:31,962 [ERROR] LogOutputStream:74 - [STDERR_REDIRECT] 	at java.desktop/java.awt.AWTEventMulticaster.focusLost(AWTEventMulticaster.java:238)
2025-10-14 15:24:31,962 [ERROR] LogOutputStream:74 - [STDERR_REDIRECT] 	at java.desktop/java.awt.AWTEventMulticaster.focusLost(AWTEventMulticaster.java:237)
2025-10-14 15:24:31,962 [ERROR] LogOutputStream:74 - [STDERR_REDIRECT] 	at java.desktop/java.awt.AWTEventMulticaster.focusLost(AWTEventMulticaster.java:237)
2025-10-14 15:24:31,962 [ERROR] LogOutputStream:74 - [STDERR_REDIRECT] 	at java.desktop/java.awt.Component.processFocusEvent(Component.java:6527)
2025-10-14 15:24:31,962 [ERROR] LogOutputStream:74 - [STDERR_REDIRECT] 	at java.desktop/java.awt.Component.processEvent(Component.java:6391)
2025-10-14 15:24:31,962 [ERROR] LogOutputStream:74 - [STDERR_REDIRECT] 	at java.desktop/java.awt.Container.processEvent(Container.java:2263)
2025-10-14 15:24:31,962 [ERROR] LogOutputStream:74 - [STDERR_REDIRECT] 	at java.desktop/java.awt.Component.dispatchEventImpl(Component.java:5011)
2025-10-14 15:24:31,962 [ERROR] LogOutputStream:74 - [STDERR_REDIRECT] 	at java.desktop/java.awt.Container.dispatchEventImpl(Container.java:2321)
2025-10-14 15:24:31,962 [ERROR] LogOutputStream:74 - [STDERR_REDIRECT] 	at java.desktop/java.awt.Component.dispatchEvent(Component.java:4843)
2025-10-14 15:24:31,963 [ERROR] LogOutputStream:74 - [STDERR_REDIRECT] 	at java.desktop/java.awt.KeyboardFocusManager.redispatchEvent(KeyboardFocusManager.java:1950)
2025-10-14 15:24:31,963 [ERROR] LogOutputStream:74 - [STDERR_REDIRECT] 	at java.desktop/java.awt.DefaultKeyboardFocusManager.typeAheadAssertions(DefaultKeyboardFocusManager.java:1059)
2025-10-14 15:24:31,963 [ERROR] LogOutputStream:74 - [STDERR_REDIRECT] 	at java.desktop/java.awt.DefaultKeyboardFocusManager.dispatchEvent(DefaultKeyboardFocusManager.java:725)
2025-10-14 15:24:31,963 [ERROR] LogOutputStream:74 - [STDERR_REDIRECT] 	at java.desktop/java.awt.Component.dispatchEventImpl(Component.java:4892)
2025-10-14 15:24:31,963 [ERROR] LogOutputStream:74 - [STDERR_REDIRECT] 	at java.desktop/java.awt.Container.dispatchEventImpl(Container.java:2321)
2025-10-14 15:24:31,963 [ERROR] LogOutputStream:74 - [STDERR_REDIRECT] 	at java.desktop/java.awt.Component.dispatchEvent(Component.java:4843)
2025-10-14 15:24:31,963 [ERROR] LogOutputStream:74 - [STDERR_REDIRECT] 	at java.desktop/java.awt.EventQueue.dispatchEventImpl(EventQueue.java:772)
2025-10-14 15:24:31,963 [ERROR] LogOutputStream:74 - [STDERR_REDIRECT] 	at java.desktop/java.awt.EventQueue$4.run(EventQueue.java:721)
2025-10-14 15:24:31,963 [ERROR] LogOutputStream:74 - [STDERR_REDIRECT] 	at java.desktop/java.awt.EventQueue$4.run(EventQueue.java:715)
2025-10-14 15:24:31,964 [ERROR] LogOutputStream:74 - [STDERR_REDIRECT] 	at java.base/java.security.AccessController.doPrivileged(Native Method)
2025-10-14 15:24:31,964 [ERROR] LogOutputStream:74 - [STDERR_REDIRECT] 	at java.base/java.security.ProtectionDomain$JavaSecurityAccessImpl.doIntersectionPrivilege(ProtectionDomain.java:85)
2025-10-14 15:24:31,964 [ERROR] LogOutputStream:74 - [STDERR_REDIRECT] 	at java.base/java.security.ProtectionDomain$JavaSecurityAccessImpl.doIntersectionPrivilege(ProtectionDomain.java:95)
2025-10-14 15:24:31,964 [ERROR] LogOutputStream:74 - [STDERR_REDIRECT] 	at java.desktop/java.awt.EventQueue$5.run(EventQueue.java:745)
2025-10-14 15:24:31,964 [ERROR] LogOutputStream:74 - [STDERR_REDIRECT] 	at java.desktop/java.awt.EventQueue$5.run(EventQueue.java:743)
2025-10-14 15:24:31,964 [ERROR] LogOutputStream:74 - [STDERR_REDIRECT] 	at java.base/java.security.AccessController.doPrivileged(Native Method)
2025-10-14 15:24:31,964 [ERROR] LogOutputStream:74 - [STDERR_REDIRECT] 	at java.base/java.security.ProtectionDomain$JavaSecurityAccessImpl.doIntersectionPrivilege(ProtectionDomain.java:85)
2025-10-14 15:24:31,964 [ERROR] LogOutputStream:74 - [STDERR_REDIRECT] 	at java.desktop/java.awt.EventQueue.dispatchEvent(EventQueue.java:742)
2025-10-14 15:24:31,964 [ERROR] LogOutputStream:74 - [STDERR_REDIRECT] 	at java.desktop/java.awt.EventDispatchThread.pumpOneEventForFilters(EventDispatchThread.java:203)
2025-10-14 15:24:31,964 [ERROR] LogOutputStream:74 - [STDERR_REDIRECT] 	at java.desktop/java.awt.EventDispatchThread.pumpEventsForFilter(EventDispatchThread.java:124)
2025-10-14 15:24:31,965 [ERROR] LogOutputStream:74 - [STDERR_REDIRECT] 	at java.desktop/java.awt.EventDispatchThread.pumpEventsForHierarchy(EventDispatchThread.java:113)
2025-10-14 15:24:31,965 [ERROR] LogOutputStream:74 - [STDERR_REDIRECT] 	at java.desktop/java.awt.EventDispatchThread.pumpEvents(EventDispatchThread.java:109)
2025-10-14 15:24:31,965 [ERROR] LogOutputStream:74 - [STDERR_REDIRECT] 	at java.desktop/java.awt.EventDispatchThread.pumpEvents(EventDispatchThread.java:101)
2025-10-14 15:24:31,965 [ERROR] LogOutputStream:74 - [STDERR_REDIRECT] 	at java.desktop/java.awt.EventDispatchThread.run(EventDispatchThread.java:90)
2025-10-14 15:24:35,863 [ERROR] LogOutputStream:74 - [STDERR_REDIRECT] Exception in thread "AWT-EventQueue-0" java.lang.NullPointerException
2025-10-14 15:24:35,863 [ERROR] LogOutputStream:74 - [STDERR_REDIRECT] 	at com.st.microxplorer.plugins.ip.gpio.model.IPTab.checkGPIOMode(IPTab.java:270)
2025-10-14 15:24:35,863 [ERROR] LogOutputStream:74 - [STDERR_REDIRECT] 	at com.st.microxplorer.plugins.ip.gpio.model.IPTab.checkCommonPossibleValues(IPTab.java:252)
2025-10-14 15:24:35,863 [ERROR] LogOutputStream:74 - [STDERR_REDIRECT] 	at com.st.microxplorer.plugins.ip.gpio.gui.GpioTablePanel.propertyChange(GpioTablePanel.java:484)
2025-10-14 15:24:35,863 [ERROR] LogOutputStream:74 - [STDERR_REDIRECT] 	at java.desktop/java.beans.PropertyChangeSupport.fire(PropertyChangeSupport.java:341)
2025-10-14 15:24:35,863 [ERROR] LogOutputStream:74 - [STDERR_REDIRECT] 	at java.desktop/java.beans.PropertyChangeSupport.firePropertyChange(PropertyChangeSupport.java:333)
2025-10-14 15:24:35,863 [ERROR] LogOutputStream:74 - [STDERR_REDIRECT] 	at com.st.microxplorer.mxsystem.MxSystem.propertyChange(MxSystem.java:446)
2025-10-14 15:24:35,864 [ERROR] LogOutputStream:74 - [STDERR_REDIRECT] 	at java.desktop/java.beans.PropertyChangeSupport.fire(PropertyChangeSupport.java:341)
2025-10-14 15:24:35,864 [ERROR] LogOutputStream:74 - [STDERR_REDIRECT] 	at java.desktop/java.beans.PropertyChangeSupport.firePropertyChange(PropertyChangeSupport.java:333)
2025-10-14 15:24:35,864 [ERROR] LogOutputStream:74 - [STDERR_REDIRECT] 	at java.desktop/java.beans.PropertyChangeSupport.firePropertyChange(PropertyChangeSupport.java:266)
2025-10-14 15:24:35,864 [ERROR] LogOutputStream:74 - [STDERR_REDIRECT] 	at com.st.microxplorer.util.MXPropertyChangeSupport.firePropertyChange(MXPropertyChangeSupport.java:50)
2025-10-14 15:24:35,864 [ERROR] LogOutputStream:74 - [STDERR_REDIRECT] 	at com.st.microxplorer.mcu.Mcu.propertyChange(Mcu.java:1660)
2025-10-14 15:24:35,864 [ERROR] LogOutputStream:74 - [STDERR_REDIRECT] 	at java.desktop/java.beans.PropertyChangeSupport.fire(PropertyChangeSupport.java:341)
2025-10-14 15:24:35,864 [ERROR] LogOutputStream:74 - [STDERR_REDIRECT] 	at java.desktop/java.beans.PropertyChangeSupport.firePropertyChange(PropertyChangeSupport.java:333)
2025-10-14 15:24:35,864 [ERROR] LogOutputStream:74 - [STDERR_REDIRECT] 	at java.desktop/java.beans.PropertyChangeSupport.firePropertyChange(PropertyChangeSupport.java:266)
2025-10-14 15:24:35,865 [ERROR] LogOutputStream:74 - [STDERR_REDIRECT] 	at com.st.microxplorer.util.MXPropertyChangeSupport.firePropertyChange(MXPropertyChangeSupport.java:50)
2025-10-14 15:24:35,865 [ERROR] LogOutputStream:74 - [STDERR_REDIRECT] 	at com.st.microxplorer.mcu.Pin.setPinLabel(Pin.java:2078)
2025-10-14 15:24:35,865 [ERROR] LogOutputStream:74 - [STDERR_REDIRECT] 	at com.st.microxplorer.plugins.pinoutconfig.gui.PinOutPanel$InputLabel$2.focusLost(PinOutPanel.java:2151)
2025-10-14 15:24:35,865 [ERROR] LogOutputStream:74 - [STDERR_REDIRECT] 	at java.desktop/java.awt.AWTEventMulticaster.focusLost(AWTEventMulticaster.java:238)
2025-10-14 15:24:35,865 [ERROR] LogOutputStream:74 - [STDERR_REDIRECT] 	at java.desktop/java.awt.AWTEventMulticaster.focusLost(AWTEventMulticaster.java:237)
2025-10-14 15:24:35,865 [ERROR] LogOutputStream:74 - [STDERR_REDIRECT] 	at java.desktop/java.awt.AWTEventMulticaster.focusLost(AWTEventMulticaster.java:237)
2025-10-14 15:24:35,865 [ERROR] LogOutputStream:74 - [STDERR_REDIRECT] 	at java.desktop/java.awt.Component.processFocusEvent(Component.java:6527)
2025-10-14 15:24:35,865 [ERROR] LogOutputStream:74 - [STDERR_REDIRECT] 	at java.desktop/java.awt.Component.processEvent(Component.java:6391)
2025-10-14 15:24:35,865 [ERROR] LogOutputStream:74 - [STDERR_REDIRECT] 	at java.desktop/java.awt.Container.processEvent(Container.java:2263)
2025-10-14 15:24:35,866 [ERROR] LogOutputStream:74 - [STDERR_REDIRECT] 	at java.desktop/java.awt.Component.dispatchEventImpl(Component.java:5011)
2025-10-14 15:24:35,866 [ERROR] LogOutputStream:74 - [STDERR_REDIRECT] 	at java.desktop/java.awt.Container.dispatchEventImpl(Container.java:2321)
2025-10-14 15:24:35,866 [ERROR] LogOutputStream:74 - [STDERR_REDIRECT] 	at java.desktop/java.awt.Component.dispatchEvent(Component.java:4843)
2025-10-14 15:24:35,866 [ERROR] LogOutputStream:74 - [STDERR_REDIRECT] 	at java.desktop/java.awt.KeyboardFocusManager.redispatchEvent(KeyboardFocusManager.java:1950)
2025-10-14 15:24:35,866 [ERROR] LogOutputStream:74 - [STDERR_REDIRECT] 	at java.desktop/java.awt.DefaultKeyboardFocusManager.typeAheadAssertions(DefaultKeyboardFocusManager.java:1059)
2025-10-14 15:24:35,866 [ERROR] LogOutputStream:74 - [STDERR_REDIRECT] 	at java.desktop/java.awt.DefaultKeyboardFocusManager.dispatchEvent(DefaultKeyboardFocusManager.java:725)
2025-10-14 15:24:35,866 [ERROR] LogOutputStream:74 - [STDERR_REDIRECT] 	at java.desktop/java.awt.Component.dispatchEventImpl(Component.java:4892)
2025-10-14 15:24:35,866 [ERROR] LogOutputStream:74 - [STDERR_REDIRECT] 	at java.desktop/java.awt.Container.dispatchEventImpl(Container.java:2321)
2025-10-14 15:24:35,867 [ERROR] LogOutputStream:74 - [STDERR_REDIRECT] 	at java.desktop/java.awt.Component.dispatchEvent(Component.java:4843)
2025-10-14 15:24:35,867 [ERROR] LogOutputStream:74 - [STDERR_REDIRECT] 	at java.desktop/java.awt.EventQueue.dispatchEventImpl(EventQueue.java:772)
2025-10-14 15:24:35,867 [ERROR] LogOutputStream:74 - [STDERR_REDIRECT] 	at java.desktop/java.awt.EventQueue$4.run(EventQueue.java:721)
2025-10-14 15:24:35,867 [ERROR] LogOutputStream:74 - [STDERR_REDIRECT] 	at java.desktop/java.awt.EventQueue$4.run(EventQueue.java:715)
2025-10-14 15:24:35,867 [ERROR] LogOutputStream:74 - [STDERR_REDIRECT] 	at java.base/java.security.AccessController.doPrivileged(Native Method)
2025-10-14 15:24:35,867 [ERROR] LogOutputStream:74 - [STDERR_REDIRECT] 	at java.base/java.security.ProtectionDomain$JavaSecurityAccessImpl.doIntersectionPrivilege(ProtectionDomain.java:85)
2025-10-14 15:24:35,867 [ERROR] LogOutputStream:74 - [STDERR_REDIRECT] 	at java.base/java.security.ProtectionDomain$JavaSecurityAccessImpl.doIntersectionPrivilege(ProtectionDomain.java:95)
2025-10-14 15:24:35,867 [ERROR] LogOutputStream:74 - [STDERR_REDIRECT] 	at java.desktop/java.awt.EventQueue$5.run(EventQueue.java:745)
2025-10-14 15:24:35,868 [ERROR] LogOutputStream:74 - [STDERR_REDIRECT] 	at java.desktop/java.awt.EventQueue$5.run(EventQueue.java:743)
2025-10-14 15:24:35,868 [ERROR] LogOutputStream:74 - [STDERR_REDIRECT] 	at java.base/java.security.AccessController.doPrivileged(Native Method)
2025-10-14 15:24:35,868 [ERROR] LogOutputStream:74 - [STDERR_REDIRECT] 	at java.base/java.security.ProtectionDomain$JavaSecurityAccessImpl.doIntersectionPrivilege(ProtectionDomain.java:85)
2025-10-14 15:24:35,868 [ERROR] LogOutputStream:74 - [STDERR_REDIRECT] 	at java.desktop/java.awt.EventQueue.dispatchEvent(EventQueue.java:742)
2025-10-14 15:24:35,868 [ERROR] LogOutputStream:74 - [STDERR_REDIRECT] 	at java.desktop/java.awt.EventDispatchThread.pumpOneEventForFilters(EventDispatchThread.java:203)
2025-10-14 15:24:35,868 [ERROR] LogOutputStream:74 - [STDERR_REDIRECT] 	at java.desktop/java.awt.EventDispatchThread.pumpEventsForFilter(EventDispatchThread.java:124)
2025-10-14 15:24:35,868 [ERROR] LogOutputStream:74 - [STDERR_REDIRECT] 	at java.desktop/java.awt.EventDispatchThread.pumpEventsForHierarchy(EventDispatchThread.java:113)
2025-10-14 15:24:35,868 [ERROR] LogOutputStream:74 - [STDERR_REDIRECT] 	at java.desktop/java.awt.EventDispatchThread.pumpEvents(EventDispatchThread.java:109)
2025-10-14 15:24:35,868 [ERROR] LogOutputStream:74 - [STDERR_REDIRECT] 	at java.desktop/java.awt.EventDispatchThread.pumpEvents(EventDispatchThread.java:101)
2025-10-14 15:24:35,869 [ERROR] LogOutputStream:74 - [STDERR_REDIRECT] 	at java.desktop/java.awt.EventDispatchThread.run(EventDispatchThread.java:90)
2025-10-14 15:26:08,692 [ERROR] LogOutputStream:74 - [STDERR_REDIRECT] Exception in thread "AWT-EventQueue-0" java.lang.NullPointerException
2025-10-14 15:26:08,699 [ERROR] LogOutputStream:74 - [STDERR_REDIRECT] 	at com.st.microxplorer.plugins.ip.gpio.model.IPTab.checkGPIOMode(IPTab.java:270)
2025-10-14 15:26:08,699 [ERROR] LogOutputStream:74 - [STDERR_REDIRECT] 	at com.st.microxplorer.plugins.ip.gpio.model.IPTab.checkCommonPossibleValues(IPTab.java:252)
2025-10-14 15:26:08,699 [ERROR] LogOutputStream:74 - [STDERR_REDIRECT] 	at com.st.microxplorer.plugins.ip.gpio.gui.GpioTablePanel.propertyChange(GpioTablePanel.java:484)
2025-10-14 15:26:08,699 [ERROR] LogOutputStream:74 - [STDERR_REDIRECT] 	at java.desktop/java.beans.PropertyChangeSupport.fire(PropertyChangeSupport.java:341)
2025-10-14 15:26:08,699 [ERROR] LogOutputStream:74 - [STDERR_REDIRECT] 	at java.desktop/java.beans.PropertyChangeSupport.firePropertyChange(PropertyChangeSupport.java:333)
2025-10-14 15:26:08,699 [ERROR] LogOutputStream:74 - [STDERR_REDIRECT] 	at com.st.microxplorer.mxsystem.MxSystem.propertyChange(MxSystem.java:446)
2025-10-14 15:26:08,699 [ERROR] LogOutputStream:74 - [STDERR_REDIRECT] 	at java.desktop/java.beans.PropertyChangeSupport.fire(PropertyChangeSupport.java:341)
2025-10-14 15:26:08,700 [ERROR] LogOutputStream:74 - [STDERR_REDIRECT] 	at java.desktop/java.beans.PropertyChangeSupport.firePropertyChange(PropertyChangeSupport.java:333)
2025-10-14 15:26:08,700 [ERROR] LogOutputStream:74 - [STDERR_REDIRECT] 	at java.desktop/java.beans.PropertyChangeSupport.firePropertyChange(PropertyChangeSupport.java:266)
2025-10-14 15:26:08,700 [ERROR] LogOutputStream:74 - [STDERR_REDIRECT] 	at com.st.microxplorer.util.MXPropertyChangeSupport.firePropertyChange(MXPropertyChangeSupport.java:50)
2025-10-14 15:26:08,700 [ERROR] LogOutputStream:74 - [STDERR_REDIRECT] 	at com.st.microxplorer.mcu.Mcu.propertyChange(Mcu.java:1660)
2025-10-14 15:26:08,700 [ERROR] LogOutputStream:74 - [STDERR_REDIRECT] 	at java.desktop/java.beans.PropertyChangeSupport.fire(PropertyChangeSupport.java:341)
2025-10-14 15:26:08,700 [ERROR] LogOutputStream:74 - [STDERR_REDIRECT] 	at java.desktop/java.beans.PropertyChangeSupport.firePropertyChange(PropertyChangeSupport.java:333)
2025-10-14 15:26:08,700 [ERROR] LogOutputStream:74 - [STDERR_REDIRECT] 	at java.desktop/java.beans.PropertyChangeSupport.firePropertyChange(PropertyChangeSupport.java:266)
2025-10-14 15:26:08,700 [ERROR] LogOutputStream:74 - [STDERR_REDIRECT] 	at com.st.microxplorer.util.MXPropertyChangeSupport.firePropertyChange(MXPropertyChangeSupport.java:50)
2025-10-14 15:26:08,701 [ERROR] LogOutputStream:74 - [STDERR_REDIRECT] 	at com.st.microxplorer.mcu.Pin.setPinLabel(Pin.java:2078)
2025-10-14 15:26:08,701 [ERROR] LogOutputStream:74 - [STDERR_REDIRECT] 	at com.st.microxplorer.mcu.Pin.setGPIOParameterValue(Pin.java:1993)
2025-10-14 15:26:08,701 [ERROR] LogOutputStream:74 - [STDERR_REDIRECT] 	at com.st.microxplorer.plugins.ip.gpio.gui.TextFieldParameterUI.updateParameterValue(ParameterUI.java:333)
2025-10-14 15:26:08,701 [ERROR] LogOutputStream:74 - [STDERR_REDIRECT] 	at com.st.microxplorer.plugins.ip.gpio.gui.TextFieldParameterUI$1.insertUpdate(ParameterUI.java:263)
2025-10-14 15:26:08,701 [ERROR] LogOutputStream:74 - [STDERR_REDIRECT] 	at java.desktop/javax.swing.text.AbstractDocument.fireInsertUpdate(AbstractDocument.java:203)
2025-10-14 15:26:08,701 [ERROR] LogOutputStream:74 - [STDERR_REDIRECT] 	at java.desktop/javax.swing.text.AbstractDocument.handleInsertString(AbstractDocument.java:757)
2025-10-14 15:26:08,701 [ERROR] LogOutputStream:74 - [STDERR_REDIRECT] 	at java.desktop/javax.swing.text.AbstractDocument.insertString(AbstractDocument.java:716)
2025-10-14 15:26:08,702 [ERROR] LogOutputStream:74 - [STDERR_REDIRECT] 	at java.desktop/javax.swing.text.PlainDocument.insertString(PlainDocument.java:131)
2025-10-14 15:26:08,702 [ERROR] LogOutputStream:74 - [STDERR_REDIRECT] 	at java.desktop/javax.swing.text.AbstractDocument.replace(AbstractDocument.java:675)
2025-10-14 15:26:08,702 [ERROR] LogOutputStream:74 - [STDERR_REDIRECT] 	at java.desktop/javax.swing.text.JTextComponent.replaceSelection(JTextComponent.java:1339)
2025-10-14 15:26:08,702 [ERROR] LogOutputStream:74 - [STDERR_REDIRECT] 	at java.desktop/javax.swing.text.DefaultEditorKit$DefaultKeyTypedAction.actionPerformed(DefaultEditorKit.java:884)
2025-10-14 15:26:08,702 [ERROR] LogOutputStream:74 - [STDERR_REDIRECT] 	at java.desktop/javax.swing.SwingUtilities.notifyAction(SwingUtilities.java:1810)
2025-10-14 15:26:08,702 [ERROR] LogOutputStream:74 - [STDERR_REDIRECT] 	at java.desktop/javax.swing.JComponent.processKeyBinding(JComponent.java:2900)
2025-10-14 15:26:08,702 [ERROR] LogOutputStream:74 - [STDERR_REDIRECT] 	at java.desktop/javax.swing.JComponent.processKeyBindings(JComponent.java:2948)
2025-10-14 15:26:08,702 [ERROR] LogOutputStream:74 - [STDERR_REDIRECT] 	at java.desktop/javax.swing.JComponent.processKeyEvent(JComponent.java:2862)
2025-10-14 15:26:08,702 [ERROR] LogOutputStream:74 - [STDERR_REDIRECT] 	at java.desktop/java.awt.Component.processEvent(Component.java:6412)
2025-10-14 15:26:08,703 [ERROR] LogOutputStream:74 - [STDERR_REDIRECT] 	at java.desktop/java.awt.Container.processEvent(Container.java:2263)
2025-10-14 15:26:08,703 [ERROR] LogOutputStream:74 - [STDERR_REDIRECT] 	at java.desktop/java.awt.Component.dispatchEventImpl(Component.java:5011)
2025-10-14 15:26:08,703 [ERROR] LogOutputStream:74 - [STDERR_REDIRECT] 	at java.desktop/java.awt.Container.dispatchEventImpl(Container.java:2321)
2025-10-14 15:26:08,703 [ERROR] LogOutputStream:74 - [STDERR_REDIRECT] 	at java.desktop/java.awt.Component.dispatchEvent(Component.java:4843)
2025-10-14 15:26:08,703 [ERROR] LogOutputStream:74 - [STDERR_REDIRECT] 	at java.desktop/java.awt.KeyboardFocusManager.redispatchEvent(KeyboardFocusManager.java:1950)
2025-10-14 15:26:08,703 [ERROR] LogOutputStream:74 - [STDERR_REDIRECT] 	at java.desktop/java.awt.DefaultKeyboardFocusManager.dispatchKeyEvent(DefaultKeyboardFocusManager.java:870)
2025-10-14 15:26:08,703 [ERROR] LogOutputStream:74 - [STDERR_REDIRECT] 	at java.desktop/java.awt.DefaultKeyboardFocusManager.preDispatchKeyEvent(DefaultKeyboardFocusManager.java:1139)
2025-10-14 15:26:08,703 [ERROR] LogOutputStream:74 - [STDERR_REDIRECT] 	at java.desktop/java.awt.DefaultKeyboardFocusManager.typeAheadAssertions(DefaultKeyboardFocusManager.java:1009)
2025-10-14 15:26:08,703 [ERROR] LogOutputStream:74 - [STDERR_REDIRECT] 	at java.desktop/java.awt.DefaultKeyboardFocusManager.dispatchEvent(DefaultKeyboardFocusManager.java:835)
2025-10-14 15:26:08,704 [ERROR] LogOutputStream:74 - [STDERR_REDIRECT] 	at java.desktop/java.awt.Component.dispatchEventImpl(Component.java:4892)
2025-10-14 15:26:08,704 [ERROR] LogOutputStream:74 - [STDERR_REDIRECT] 	at java.desktop/java.awt.Container.dispatchEventImpl(Container.java:2321)
2025-10-14 15:26:08,704 [ERROR] LogOutputStream:74 - [STDERR_REDIRECT] 	at java.desktop/java.awt.Component.dispatchEvent(Component.java:4843)
2025-10-14 15:26:08,704 [ERROR] LogOutputStream:74 - [STDERR_REDIRECT] 	at java.desktop/java.awt.EventQueue.dispatchEventImpl(EventQueue.java:772)
2025-10-14 15:26:08,704 [ERROR] LogOutputStream:74 - [STDERR_REDIRECT] 	at java.desktop/java.awt.EventQueue$4.run(EventQueue.java:721)
2025-10-14 15:26:08,704 [ERROR] LogOutputStream:74 - [STDERR_REDIRECT] 	at java.desktop/java.awt.EventQueue$4.run(EventQueue.java:715)
2025-10-14 15:26:08,705 [ERROR] LogOutputStream:74 - [STDERR_REDIRECT] 	at java.base/java.security.AccessController.doPrivileged(Native Method)
2025-10-14 15:26:08,705 [ERROR] LogOutputStream:74 - [STDERR_REDIRECT] 	at java.base/java.security.ProtectionDomain$JavaSecurityAccessImpl.doIntersectionPrivilege(ProtectionDomain.java:85)
2025-10-14 15:26:08,705 [ERROR] LogOutputStream:74 - [STDERR_REDIRECT] 	at java.base/java.security.ProtectionDomain$JavaSecurityAccessImpl.doIntersectionPrivilege(ProtectionDomain.java:95)
2025-10-14 15:26:08,705 [ERROR] LogOutputStream:74 - [STDERR_REDIRECT] 	at java.desktop/java.awt.EventQueue$5.run(EventQueue.java:745)
2025-10-14 15:26:08,705 [ERROR] LogOutputStream:74 - [STDERR_REDIRECT] 	at java.desktop/java.awt.EventQueue$5.run(EventQueue.java:743)
2025-10-14 15:26:08,705 [ERROR] LogOutputStream:74 - [STDERR_REDIRECT] 	at java.base/java.security.AccessController.doPrivileged(Native Method)
2025-10-14 15:26:08,706 [ERROR] LogOutputStream:74 - [STDERR_REDIRECT] 	at java.base/java.security.ProtectionDomain$JavaSecurityAccessImpl.doIntersectionPrivilege(ProtectionDomain.java:85)
2025-10-14 15:26:08,706 [ERROR] LogOutputStream:74 - [STDERR_REDIRECT] 	at java.desktop/java.awt.EventQueue.dispatchEvent(EventQueue.java:742)
2025-10-14 15:26:08,706 [ERROR] LogOutputStream:74 - [STDERR_REDIRECT] 	at java.desktop/java.awt.EventDispatchThread.pumpOneEventForFilters(EventDispatchThread.java:203)
2025-10-14 15:26:08,706 [ERROR] LogOutputStream:74 - [STDERR_REDIRECT] 	at java.desktop/java.awt.EventDispatchThread.pumpEventsForFilter(EventDispatchThread.java:124)
2025-10-14 15:26:08,706 [ERROR] LogOutputStream:74 - [STDERR_REDIRECT] 	at java.desktop/java.awt.EventDispatchThread.pumpEventsForHierarchy(EventDispatchThread.java:113)
2025-10-14 15:26:08,706 [ERROR] LogOutputStream:74 - [STDERR_REDIRECT] 	at java.desktop/java.awt.EventDispatchThread.pumpEvents(EventDispatchThread.java:109)
2025-10-14 15:26:08,707 [ERROR] LogOutputStream:74 - [STDERR_REDIRECT] 	at java.desktop/java.awt.EventDispatchThread.pumpEvents(EventDispatchThread.java:101)
2025-10-14 15:26:08,707 [ERROR] LogOutputStream:74 - [STDERR_REDIRECT] 	at java.desktop/java.awt.EventDispatchThread.run(EventDispatchThread.java:90)
2025-10-14 15:26:08,868 [ERROR] LogOutputStream:74 - [STDERR_REDIRECT] Exception in thread "AWT-EventQueue-0" java.lang.NullPointerException
2025-10-14 15:26:08,869 [ERROR] LogOutputStream:74 - [STDERR_REDIRECT] 	at com.st.microxplorer.plugins.ip.gpio.model.IPTab.checkGPIOMode(IPTab.java:270)
2025-10-14 15:26:08,869 [ERROR] LogOutputStream:74 - [STDERR_REDIRECT] 	at com.st.microxplorer.plugins.ip.gpio.model.IPTab.checkCommonPossibleValues(IPTab.java:252)
2025-10-14 15:26:08,869 [ERROR] LogOutputStream:74 - [STDERR_REDIRECT] 	at com.st.microxplorer.plugins.ip.gpio.gui.GpioTablePanel.propertyChange(GpioTablePanel.java:484)
2025-10-14 15:26:08,869 [ERROR] LogOutputStream:74 - [STDERR_REDIRECT] 	at java.desktop/java.beans.PropertyChangeSupport.fire(PropertyChangeSupport.java:341)
2025-10-14 15:26:08,869 [ERROR] LogOutputStream:74 - [STDERR_REDIRECT] 	at java.desktop/java.beans.PropertyChangeSupport.firePropertyChange(PropertyChangeSupport.java:333)
2025-10-14 15:26:08,869 [ERROR] LogOutputStream:74 - [STDERR_REDIRECT] 	at com.st.microxplorer.mxsystem.MxSystem.propertyChange(MxSystem.java:446)
2025-10-14 15:26:08,869 [ERROR] LogOutputStream:74 - [STDERR_REDIRECT] 	at java.desktop/java.beans.PropertyChangeSupport.fire(PropertyChangeSupport.java:341)
2025-10-14 15:26:08,870 [ERROR] LogOutputStream:74 - [STDERR_REDIRECT] 	at java.desktop/java.beans.PropertyChangeSupport.firePropertyChange(PropertyChangeSupport.java:333)
2025-10-14 15:26:08,870 [ERROR] LogOutputStream:74 - [STDERR_REDIRECT] 	at java.desktop/java.beans.PropertyChangeSupport.firePropertyChange(PropertyChangeSupport.java:266)
2025-10-14 15:26:08,870 [ERROR] LogOutputStream:74 - [STDERR_REDIRECT] 	at com.st.microxplorer.util.MXPropertyChangeSupport.firePropertyChange(MXPropertyChangeSupport.java:50)
2025-10-14 15:26:08,870 [ERROR] LogOutputStream:74 - [STDERR_REDIRECT] 	at com.st.microxplorer.mcu.Mcu.propertyChange(Mcu.java:1660)
2025-10-14 15:26:08,870 [ERROR] LogOutputStream:74 - [STDERR_REDIRECT] 	at java.desktop/java.beans.PropertyChangeSupport.fire(PropertyChangeSupport.java:341)
2025-10-14 15:26:08,870 [ERROR] LogOutputStream:74 - [STDERR_REDIRECT] 	at java.desktop/java.beans.PropertyChangeSupport.firePropertyChange(PropertyChangeSupport.java:333)
2025-10-14 15:26:08,870 [ERROR] LogOutputStream:74 - [STDERR_REDIRECT] 	at java.desktop/java.beans.PropertyChangeSupport.firePropertyChange(PropertyChangeSupport.java:266)
2025-10-14 15:26:08,870 [ERROR] LogOutputStream:74 - [STDERR_REDIRECT] 	at com.st.microxplorer.util.MXPropertyChangeSupport.firePropertyChange(MXPropertyChangeSupport.java:50)
2025-10-14 15:26:08,870 [ERROR] LogOutputStream:74 - [STDERR_REDIRECT] 	at com.st.microxplorer.mcu.Pin.setPinLabel(Pin.java:2078)
2025-10-14 15:26:08,871 [ERROR] LogOutputStream:74 - [STDERR_REDIRECT] 	at com.st.microxplorer.mcu.Pin.setGPIOParameterValue(Pin.java:1993)
2025-10-14 15:26:08,871 [ERROR] LogOutputStream:74 - [STDERR_REDIRECT] 	at com.st.microxplorer.plugins.ip.gpio.gui.TextFieldParameterUI.updateParameterValue(ParameterUI.java:333)
2025-10-14 15:26:08,871 [ERROR] LogOutputStream:74 - [STDERR_REDIRECT] 	at com.st.microxplorer.plugins.ip.gpio.gui.TextFieldParameterUI$1.insertUpdate(ParameterUI.java:263)
2025-10-14 15:26:08,871 [ERROR] LogOutputStream:74 - [STDERR_REDIRECT] 	at java.desktop/javax.swing.text.AbstractDocument.fireInsertUpdate(AbstractDocument.java:203)
2025-10-14 15:26:08,871 [ERROR] LogOutputStream:74 - [STDERR_REDIRECT] 	at java.desktop/javax.swing.text.AbstractDocument.handleInsertString(AbstractDocument.java:757)
2025-10-14 15:26:08,871 [ERROR] LogOutputStream:74 - [STDERR_REDIRECT] 	at java.desktop/javax.swing.text.AbstractDocument.insertString(AbstractDocument.java:716)
2025-10-14 15:26:08,871 [ERROR] LogOutputStream:74 - [STDERR_REDIRECT] 	at java.desktop/javax.swing.text.PlainDocument.insertString(PlainDocument.java:131)
2025-10-14 15:26:08,871 [ERROR] LogOutputStream:74 - [STDERR_REDIRECT] 	at java.desktop/javax.swing.text.AbstractDocument.replace(AbstractDocument.java:675)
2025-10-14 15:26:08,871 [ERROR] LogOutputStream:74 - [STDERR_REDIRECT] 	at java.desktop/javax.swing.text.JTextComponent.replaceSelection(JTextComponent.java:1339)
2025-10-14 15:26:08,872 [ERROR] LogOutputStream:74 - [STDERR_REDIRECT] 	at java.desktop/javax.swing.text.DefaultEditorKit$DefaultKeyTypedAction.actionPerformed(DefaultEditorKit.java:884)
2025-10-14 15:26:08,872 [ERROR] LogOutputStream:74 - [STDERR_REDIRECT] 	at java.desktop/javax.swing.SwingUtilities.notifyAction(SwingUtilities.java:1810)
2025-10-14 15:26:08,872 [ERROR] LogOutputStream:74 - [STDERR_REDIRECT] 	at java.desktop/javax.swing.JComponent.processKeyBinding(JComponent.java:2900)
2025-10-14 15:26:08,872 [ERROR] LogOutputStream:74 - [STDERR_REDIRECT] 	at java.desktop/javax.swing.JComponent.processKeyBindings(JComponent.java:2948)
2025-10-14 15:26:08,872 [ERROR] LogOutputStream:74 - [STDERR_REDIRECT] 	at java.desktop/javax.swing.JComponent.processKeyEvent(JComponent.java:2862)
2025-10-14 15:26:08,872 [ERROR] LogOutputStream:74 - [STDERR_REDIRECT] 	at java.desktop/java.awt.Component.processEvent(Component.java:6412)
2025-10-14 15:26:08,872 [ERROR] LogOutputStream:74 - [STDERR_REDIRECT] 	at java.desktop/java.awt.Container.processEvent(Container.java:2263)
2025-10-14 15:26:08,872 [ERROR] LogOutputStream:74 - [STDERR_REDIRECT] 	at java.desktop/java.awt.Component.dispatchEventImpl(Component.java:5011)
2025-10-14 15:26:08,872 [ERROR] LogOutputStream:74 - [STDERR_REDIRECT] 	at java.desktop/java.awt.Container.dispatchEventImpl(Container.java:2321)
2025-10-14 15:26:08,873 [ERROR] LogOutputStream:74 - [STDERR_REDIRECT] 	at java.desktop/java.awt.Component.dispatchEvent(Component.java:4843)
2025-10-14 15:26:08,873 [ERROR] LogOutputStream:74 - [STDERR_REDIRECT] 	at java.desktop/java.awt.KeyboardFocusManager.redispatchEvent(KeyboardFocusManager.java:1950)
2025-10-14 15:26:08,873 [ERROR] LogOutputStream:74 - [STDERR_REDIRECT] 	at java.desktop/java.awt.DefaultKeyboardFocusManager.dispatchKeyEvent(DefaultKeyboardFocusManager.java:870)
2025-10-14 15:26:08,873 [ERROR] LogOutputStream:74 - [STDERR_REDIRECT] 	at java.desktop/java.awt.DefaultKeyboardFocusManager.preDispatchKeyEvent(DefaultKeyboardFocusManager.java:1139)
2025-10-14 15:26:08,873 [ERROR] LogOutputStream:74 - [STDERR_REDIRECT] 	at java.desktop/java.awt.DefaultKeyboardFocusManager.typeAheadAssertions(DefaultKeyboardFocusManager.java:1009)
2025-10-14 15:26:08,874 [ERROR] LogOutputStream:74 - [STDERR_REDIRECT] 	at java.desktop/java.awt.DefaultKeyboardFocusManager.dispatchEvent(DefaultKeyboardFocusManager.java:835)
2025-10-14 15:26:08,874 [ERROR] LogOutputStream:74 - [STDERR_REDIRECT] 	at java.desktop/java.awt.Component.dispatchEventImpl(Component.java:4892)
2025-10-14 15:26:08,874 [ERROR] LogOutputStream:74 - [STDERR_REDIRECT] 	at java.desktop/java.awt.Container.dispatchEventImpl(Container.java:2321)
2025-10-14 15:26:08,874 [ERROR] LogOutputStream:74 - [STDERR_REDIRECT] 	at java.desktop/java.awt.Component.dispatchEvent(Component.java:4843)
2025-10-14 15:26:08,874 [ERROR] LogOutputStream:74 - [STDERR_REDIRECT] 	at java.desktop/java.awt.EventQueue.dispatchEventImpl(EventQueue.java:772)
2025-10-14 15:26:08,874 [ERROR] LogOutputStream:74 - [STDERR_REDIRECT] 	at java.desktop/java.awt.EventQueue$4.run(EventQueue.java:721)
2025-10-14 15:26:08,874 [ERROR] LogOutputStream:74 - [STDERR_REDIRECT] 	at java.desktop/java.awt.EventQueue$4.run(EventQueue.java:715)
2025-10-14 15:26:08,874 [ERROR] LogOutputStream:74 - [STDERR_REDIRECT] 	at java.base/java.security.AccessController.doPrivileged(Native Method)
2025-10-14 15:26:08,874 [ERROR] LogOutputStream:74 - [STDERR_REDIRECT] 	at java.base/java.security.ProtectionDomain$JavaSecurityAccessImpl.doIntersectionPrivilege(ProtectionDomain.java:85)
2025-10-14 15:26:08,875 [ERROR] LogOutputStream:74 - [STDERR_REDIRECT] 	at java.base/java.security.ProtectionDomain$JavaSecurityAccessImpl.doIntersectionPrivilege(ProtectionDomain.java:95)
2025-10-14 15:26:08,875 [ERROR] LogOutputStream:74 - [STDERR_REDIRECT] 	at java.desktop/java.awt.EventQueue$5.run(EventQueue.java:745)
2025-10-14 15:26:08,875 [ERROR] LogOutputStream:74 - [STDERR_REDIRECT] 	at java.desktop/java.awt.EventQueue$5.run(EventQueue.java:743)
2025-10-14 15:26:08,875 [ERROR] LogOutputStream:74 - [STDERR_REDIRECT] 	at java.base/java.security.AccessController.doPrivileged(Native Method)
2025-10-14 15:26:08,875 [ERROR] LogOutputStream:74 - [STDERR_REDIRECT] 	at java.base/java.security.ProtectionDomain$JavaSecurityAccessImpl.doIntersectionPrivilege(ProtectionDomain.java:85)
2025-10-14 15:26:08,875 [ERROR] LogOutputStream:74 - [STDERR_REDIRECT] 	at java.desktop/java.awt.EventQueue.dispatchEvent(EventQueue.java:742)
2025-10-14 15:26:08,875 [ERROR] LogOutputStream:74 - [STDERR_REDIRECT] 	at java.desktop/java.awt.EventDispatchThread.pumpOneEventForFilters(EventDispatchThread.java:203)
2025-10-14 15:26:08,876 [ERROR] LogOutputStream:74 - [STDERR_REDIRECT] 	at java.desktop/java.awt.EventDispatchThread.pumpEventsForFilter(EventDispatchThread.java:124)
2025-10-14 15:26:08,876 [ERROR] LogOutputStream:74 - [STDERR_REDIRECT] 	at java.desktop/java.awt.EventDispatchThread.pumpEventsForHierarchy(EventDispatchThread.java:113)
2025-10-14 15:26:08,876 [ERROR] LogOutputStream:74 - [STDERR_REDIRECT] 	at java.desktop/java.awt.EventDispatchThread.pumpEvents(EventDispatchThread.java:109)
2025-10-14 15:26:08,876 [ERROR] LogOutputStream:74 - [STDERR_REDIRECT] 	at java.desktop/java.awt.EventDispatchThread.pumpEvents(EventDispatchThread.java:101)
2025-10-14 15:26:08,876 [ERROR] LogOutputStream:74 - [STDERR_REDIRECT] 	at java.desktop/java.awt.EventDispatchThread.run(EventDispatchThread.java:90)
2025-10-14 15:26:12,187 [ERROR] LogOutputStream:74 - [STDERR_REDIRECT] Exception in thread "AWT-EventQueue-0" java.lang.NullPointerException
2025-10-14 15:26:12,188 [ERROR] LogOutputStream:74 - [STDERR_REDIRECT] 	at com.st.microxplorer.plugins.ip.gpio.model.IPTab.checkGPIOMode(IPTab.java:270)
2025-10-14 15:26:12,188 [ERROR] LogOutputStream:74 - [STDERR_REDIRECT] 	at com.st.microxplorer.plugins.ip.gpio.model.IPTab.checkCommonPossibleValues(IPTab.java:252)
2025-10-14 15:26:12,188 [ERROR] LogOutputStream:74 - [STDERR_REDIRECT] 	at com.st.microxplorer.plugins.ip.gpio.gui.GpioTablePanel.propertyChange(GpioTablePanel.java:484)
2025-10-14 15:26:12,188 [ERROR] LogOutputStream:74 - [STDERR_REDIRECT] 	at java.desktop/java.beans.PropertyChangeSupport.fire(PropertyChangeSupport.java:341)
2025-10-14 15:26:12,188 [ERROR] LogOutputStream:74 - [STDERR_REDIRECT] 	at java.desktop/java.beans.PropertyChangeSupport.firePropertyChange(PropertyChangeSupport.java:333)
2025-10-14 15:26:12,188 [ERROR] LogOutputStream:74 - [STDERR_REDIRECT] 	at com.st.microxplorer.mxsystem.MxSystem.propertyChange(MxSystem.java:446)
2025-10-14 15:26:12,189 [ERROR] LogOutputStream:74 - [STDERR_REDIRECT] 	at java.desktop/java.beans.PropertyChangeSupport.fire(PropertyChangeSupport.java:341)
2025-10-14 15:26:12,189 [ERROR] LogOutputStream:74 - [STDERR_REDIRECT] 	at java.desktop/java.beans.PropertyChangeSupport.firePropertyChange(PropertyChangeSupport.java:333)
2025-10-14 15:26:12,189 [ERROR] LogOutputStream:74 - [STDERR_REDIRECT] 	at java.desktop/java.beans.PropertyChangeSupport.firePropertyChange(PropertyChangeSupport.java:266)
2025-10-14 15:26:12,189 [ERROR] LogOutputStream:74 - [STDERR_REDIRECT] 	at com.st.microxplorer.util.MXPropertyChangeSupport.firePropertyChange(MXPropertyChangeSupport.java:50)
2025-10-14 15:26:12,189 [ERROR] LogOutputStream:74 - [STDERR_REDIRECT] 	at com.st.microxplorer.mcu.Mcu.propertyChange(Mcu.java:1660)
2025-10-14 15:26:12,189 [ERROR] LogOutputStream:74 - [STDERR_REDIRECT] 	at java.desktop/java.beans.PropertyChangeSupport.fire(PropertyChangeSupport.java:341)
2025-10-14 15:26:12,189 [ERROR] LogOutputStream:74 - [STDERR_REDIRECT] 	at java.desktop/java.beans.PropertyChangeSupport.firePropertyChange(PropertyChangeSupport.java:333)
2025-10-14 15:26:12,189 [ERROR] LogOutputStream:74 - [STDERR_REDIRECT] 	at java.desktop/java.beans.PropertyChangeSupport.firePropertyChange(PropertyChangeSupport.java:266)
2025-10-14 15:26:12,190 [ERROR] LogOutputStream:74 - [STDERR_REDIRECT] 	at com.st.microxplorer.util.MXPropertyChangeSupport.firePropertyChange(MXPropertyChangeSupport.java:50)
2025-10-14 15:26:12,190 [ERROR] LogOutputStream:74 - [STDERR_REDIRECT] 	at com.st.microxplorer.mcu.Pin.setPinLabel(Pin.java:2078)
2025-10-14 15:26:12,190 [ERROR] LogOutputStream:74 - [STDERR_REDIRECT] 	at com.st.microxplorer.mcu.Pin.setGPIOParameterValue(Pin.java:1993)
2025-10-14 15:26:12,190 [ERROR] LogOutputStream:74 - [STDERR_REDIRECT] 	at com.st.microxplorer.plugins.ip.gpio.gui.TextFieldParameterUI.updateParameterValue(ParameterUI.java:333)
2025-10-14 15:26:12,190 [ERROR] LogOutputStream:74 - [STDERR_REDIRECT] 	at com.st.microxplorer.plugins.ip.gpio.gui.TextFieldParameterUI$1.removeUpdate(ParameterUI.java:269)
2025-10-14 15:26:12,190 [ERROR] LogOutputStream:74 - [STDERR_REDIRECT] 	at java.desktop/javax.swing.text.AbstractDocument.fireRemoveUpdate(AbstractDocument.java:261)
2025-10-14 15:26:12,190 [ERROR] LogOutputStream:74 - [STDERR_REDIRECT] 	at java.desktop/javax.swing.text.AbstractDocument.handleRemove(AbstractDocument.java:628)
2025-10-14 15:26:12,190 [ERROR] LogOutputStream:74 - [STDERR_REDIRECT] 	at java.desktop/javax.swing.text.AbstractDocument.remove(AbstractDocument.java:596)
2025-10-14 15:26:12,190 [ERROR] LogOutputStream:74 - [STDERR_REDIRECT] 	at java.desktop/javax.swing.text.DefaultEditorKit$DeletePrevCharAction.actionPerformed(DefaultEditorKit.java:1074)
2025-10-14 15:26:12,191 [ERROR] LogOutputStream:74 - [STDERR_REDIRECT] 	at java.desktop/javax.swing.SwingUtilities.notifyAction(SwingUtilities.java:1810)
2025-10-14 15:26:12,191 [ERROR] LogOutputStream:74 - [STDERR_REDIRECT] 	at java.desktop/javax.swing.JComponent.processKeyBinding(JComponent.java:2900)
2025-10-14 15:26:12,191 [ERROR] LogOutputStream:74 - [STDERR_REDIRECT] 	at java.desktop/javax.swing.JComponent.processKeyBindings(JComponent.java:2948)
2025-10-14 15:26:12,191 [ERROR] LogOutputStream:74 - [STDERR_REDIRECT] 	at java.desktop/javax.swing.JComponent.processKeyEvent(JComponent.java:2862)
2025-10-14 15:26:12,191 [ERROR] LogOutputStream:74 - [STDERR_REDIRECT] 	at java.desktop/java.awt.Component.processEvent(Component.java:6412)
2025-10-14 15:26:12,191 [ERROR] LogOutputStream:74 - [STDERR_REDIRECT] 	at java.desktop/java.awt.Container.processEvent(Container.java:2263)
2025-10-14 15:26:12,192 [ERROR] LogOutputStream:74 - [STDERR_REDIRECT] 	at java.desktop/java.awt.Component.dispatchEventImpl(Component.java:5011)
2025-10-14 15:26:12,192 [ERROR] LogOutputStream:74 - [STDERR_REDIRECT] 	at java.desktop/java.awt.Container.dispatchEventImpl(Container.java:2321)
2025-10-14 15:26:12,192 [ERROR] LogOutputStream:74 - [STDERR_REDIRECT] 	at java.desktop/java.awt.Component.dispatchEvent(Component.java:4843)
2025-10-14 15:26:12,192 [ERROR] LogOutputStream:74 - [STDERR_REDIRECT] 	at java.desktop/java.awt.KeyboardFocusManager.redispatchEvent(KeyboardFocusManager.java:1950)
2025-10-14 15:26:12,192 [ERROR] LogOutputStream:74 - [STDERR_REDIRECT] 	at java.desktop/java.awt.DefaultKeyboardFocusManager.dispatchKeyEvent(DefaultKeyboardFocusManager.java:870)
2025-10-14 15:26:12,192 [ERROR] LogOutputStream:74 - [STDERR_REDIRECT] 	at java.desktop/java.awt.DefaultKeyboardFocusManager.preDispatchKeyEvent(DefaultKeyboardFocusManager.java:1139)
2025-10-14 15:26:12,193 [ERROR] LogOutputStream:74 - [STDERR_REDIRECT] 	at java.desktop/java.awt.DefaultKeyboardFocusManager.typeAheadAssertions(DefaultKeyboardFocusManager.java:1009)
2025-10-14 15:26:12,193 [ERROR] LogOutputStream:74 - [STDERR_REDIRECT] 	at java.desktop/java.awt.DefaultKeyboardFocusManager.dispatchEvent(DefaultKeyboardFocusManager.java:835)
2025-10-14 15:26:12,193 [ERROR] LogOutputStream:74 - [STDERR_REDIRECT] 	at java.desktop/java.awt.Component.dispatchEventImpl(Component.java:4892)
2025-10-14 15:26:12,193 [ERROR] LogOutputStream:74 - [STDERR_REDIRECT] 	at java.desktop/java.awt.Container.dispatchEventImpl(Container.java:2321)
2025-10-14 15:26:12,193 [ERROR] LogOutputStream:74 - [STDERR_REDIRECT] 	at java.desktop/java.awt.Component.dispatchEvent(Component.java:4843)
2025-10-14 15:26:12,193 [ERROR] LogOutputStream:74 - [STDERR_REDIRECT] 	at java.desktop/java.awt.EventQueue.dispatchEventImpl(EventQueue.java:772)
2025-10-14 15:26:12,193 [ERROR] LogOutputStream:74 - [STDERR_REDIRECT] 	at java.desktop/java.awt.EventQueue$4.run(EventQueue.java:721)
2025-10-14 15:26:12,193 [ERROR] LogOutputStream:74 - [STDERR_REDIRECT] 	at java.desktop/java.awt.EventQueue$4.run(EventQueue.java:715)
2025-10-14 15:26:12,194 [ERROR] LogOutputStream:74 - [STDERR_REDIRECT] 	at java.base/java.security.AccessController.doPrivileged(Native Method)
2025-10-14 15:26:12,194 [ERROR] LogOutputStream:74 - [STDERR_REDIRECT] 	at java.base/java.security.ProtectionDomain$JavaSecurityAccessImpl.doIntersectionPrivilege(ProtectionDomain.java:85)
2025-10-14 15:26:12,194 [ERROR] LogOutputStream:74 - [STDERR_REDIRECT] 	at java.base/java.security.ProtectionDomain$JavaSecurityAccessImpl.doIntersectionPrivilege(ProtectionDomain.java:95)
2025-10-14 15:26:12,194 [ERROR] LogOutputStream:74 - [STDERR_REDIRECT] 	at java.desktop/java.awt.EventQueue$5.run(EventQueue.java:745)
2025-10-14 15:26:12,194 [ERROR] LogOutputStream:74 - [STDERR_REDIRECT] 	at java.desktop/java.awt.EventQueue$5.run(EventQueue.java:743)
2025-10-14 15:26:12,194 [ERROR] LogOutputStream:74 - [STDERR_REDIRECT] 	at java.base/java.security.AccessController.doPrivileged(Native Method)
2025-10-14 15:26:12,194 [ERROR] LogOutputStream:74 - [STDERR_REDIRECT] 	at java.base/java.security.ProtectionDomain$JavaSecurityAccessImpl.doIntersectionPrivilege(ProtectionDomain.java:85)
2025-10-14 15:26:12,194 [ERROR] LogOutputStream:74 - [STDERR_REDIRECT] 	at java.desktop/java.awt.EventQueue.dispatchEvent(EventQueue.java:742)
2025-10-14 15:26:12,195 [ERROR] LogOutputStream:74 - [STDERR_REDIRECT] 	at java.desktop/java.awt.EventDispatchThread.pumpOneEventForFilters(EventDispatchThread.java:203)
2025-10-14 15:26:12,195 [ERROR] LogOutputStream:74 - [STDERR_REDIRECT] 	at java.desktop/java.awt.EventDispatchThread.pumpEventsForFilter(EventDispatchThread.java:124)
2025-10-14 15:26:12,195 [ERROR] LogOutputStream:74 - [STDERR_REDIRECT] 	at java.desktop/java.awt.EventDispatchThread.pumpEventsForHierarchy(EventDispatchThread.java:113)
2025-10-14 15:26:12,195 [ERROR] LogOutputStream:74 - [STDERR_REDIRECT] 	at java.desktop/java.awt.EventDispatchThread.pumpEvents(EventDispatchThread.java:109)
2025-10-14 15:26:12,195 [ERROR] LogOutputStream:74 - [STDERR_REDIRECT] 	at java.desktop/java.awt.EventDispatchThread.pumpEvents(EventDispatchThread.java:101)
2025-10-14 15:26:12,195 [ERROR] LogOutputStream:74 - [STDERR_REDIRECT] 	at java.desktop/java.awt.EventDispatchThread.run(EventDispatchThread.java:90)
2025-10-14 15:26:20,753 [ERROR] LogOutputStream:74 - [STDERR_REDIRECT] Exception in thread "AWT-EventQueue-0" java.lang.NullPointerException
2025-10-14 15:26:20,753 [ERROR] LogOutputStream:74 - [STDERR_REDIRECT] 	at com.st.microxplorer.plugins.ip.gpio.model.IPTab.checkGPIOMode(IPTab.java:270)
2025-10-14 15:26:20,753 [ERROR] LogOutputStream:74 - [STDERR_REDIRECT] 	at com.st.microxplorer.plugins.ip.gpio.model.IPTab.checkCommonPossibleValues(IPTab.java:252)
2025-10-14 15:26:20,753 [ERROR] LogOutputStream:74 - [STDERR_REDIRECT] 	at com.st.microxplorer.plugins.ip.gpio.gui.GpioTablePanel.propertyChange(GpioTablePanel.java:484)
2025-10-14 15:26:20,753 [ERROR] LogOutputStream:74 - [STDERR_REDIRECT] 	at java.desktop/java.beans.PropertyChangeSupport.fire(PropertyChangeSupport.java:341)
2025-10-14 15:26:20,754 [ERROR] LogOutputStream:74 - [STDERR_REDIRECT] 	at java.desktop/java.beans.PropertyChangeSupport.firePropertyChange(PropertyChangeSupport.java:333)
2025-10-14 15:26:20,754 [ERROR] LogOutputStream:74 - [STDERR_REDIRECT] 	at com.st.microxplorer.mxsystem.MxSystem.propertyChange(MxSystem.java:446)
2025-10-14 15:26:20,754 [ERROR] LogOutputStream:74 - [STDERR_REDIRECT] 	at java.desktop/java.beans.PropertyChangeSupport.fire(PropertyChangeSupport.java:341)
2025-10-14 15:26:20,754 [ERROR] LogOutputStream:74 - [STDERR_REDIRECT] 	at java.desktop/java.beans.PropertyChangeSupport.firePropertyChange(PropertyChangeSupport.java:333)
2025-10-14 15:26:20,754 [ERROR] LogOutputStream:74 - [STDERR_REDIRECT] 	at java.desktop/java.beans.PropertyChangeSupport.firePropertyChange(PropertyChangeSupport.java:266)
2025-10-14 15:26:20,754 [ERROR] LogOutputStream:74 - [STDERR_REDIRECT] 	at com.st.microxplorer.util.MXPropertyChangeSupport.firePropertyChange(MXPropertyChangeSupport.java:50)
2025-10-14 15:26:20,754 [ERROR] LogOutputStream:74 - [STDERR_REDIRECT] 	at com.st.microxplorer.mcu.Mcu.propertyChange(Mcu.java:1660)
2025-10-14 15:26:20,754 [ERROR] LogOutputStream:74 - [STDERR_REDIRECT] 	at java.desktop/java.beans.PropertyChangeSupport.fire(PropertyChangeSupport.java:341)
2025-10-14 15:26:20,755 [ERROR] LogOutputStream:74 - [STDERR_REDIRECT] 	at java.desktop/java.beans.PropertyChangeSupport.firePropertyChange(PropertyChangeSupport.java:333)
2025-10-14 15:26:20,755 [ERROR] LogOutputStream:74 - [STDERR_REDIRECT] 	at java.desktop/java.beans.PropertyChangeSupport.firePropertyChange(PropertyChangeSupport.java:266)
2025-10-14 15:26:20,755 [ERROR] LogOutputStream:74 - [STDERR_REDIRECT] 	at com.st.microxplorer.util.MXPropertyChangeSupport.firePropertyChange(MXPropertyChangeSupport.java:50)
2025-10-14 15:26:20,755 [ERROR] LogOutputStream:74 - [STDERR_REDIRECT] 	at com.st.microxplorer.mcu.Pin.setPinLabel(Pin.java:2078)
2025-10-14 15:26:20,755 [ERROR] LogOutputStream:74 - [STDERR_REDIRECT] 	at com.st.microxplorer.plugins.pinoutconfig.gui.PinOutPanel$InputLabel$2.focusLost(PinOutPanel.java:2151)
2025-10-14 15:26:20,755 [ERROR] LogOutputStream:74 - [STDERR_REDIRECT] 	at java.desktop/java.awt.AWTEventMulticaster.focusLost(AWTEventMulticaster.java:238)
2025-10-14 15:26:20,755 [ERROR] LogOutputStream:74 - [STDERR_REDIRECT] 	at java.desktop/java.awt.AWTEventMulticaster.focusLost(AWTEventMulticaster.java:237)
2025-10-14 15:26:20,755 [ERROR] LogOutputStream:74 - [STDERR_REDIRECT] 	at java.desktop/java.awt.AWTEventMulticaster.focusLost(AWTEventMulticaster.java:237)
2025-10-14 15:26:20,755 [ERROR] LogOutputStream:74 - [STDERR_REDIRECT] 	at java.desktop/java.awt.Component.processFocusEvent(Component.java:6527)
2025-10-14 15:26:20,756 [ERROR] LogOutputStream:74 - [STDERR_REDIRECT] 	at java.desktop/java.awt.Component.processEvent(Component.java:6391)
2025-10-14 15:26:20,756 [ERROR] LogOutputStream:74 - [STDERR_REDIRECT] 	at java.desktop/java.awt.Container.processEvent(Container.java:2263)
2025-10-14 15:26:20,756 [ERROR] LogOutputStream:74 - [STDERR_REDIRECT] 	at java.desktop/java.awt.Component.dispatchEventImpl(Component.java:5011)
2025-10-14 15:26:20,756 [ERROR] LogOutputStream:74 - [STDERR_REDIRECT] 	at java.desktop/java.awt.Container.dispatchEventImpl(Container.java:2321)
2025-10-14 15:26:20,756 [ERROR] LogOutputStream:74 - [STDERR_REDIRECT] 	at java.desktop/java.awt.Component.dispatchEvent(Component.java:4843)
2025-10-14 15:26:20,756 [ERROR] LogOutputStream:74 - [STDERR_REDIRECT] 	at java.desktop/java.awt.KeyboardFocusManager.redispatchEvent(KeyboardFocusManager.java:1950)
2025-10-14 15:26:20,756 [ERROR] LogOutputStream:74 - [STDERR_REDIRECT] 	at java.desktop/java.awt.DefaultKeyboardFocusManager.typeAheadAssertions(DefaultKeyboardFocusManager.java:1059)
2025-10-14 15:26:20,756 [ERROR] LogOutputStream:74 - [STDERR_REDIRECT] 	at java.desktop/java.awt.DefaultKeyboardFocusManager.dispatchEvent(DefaultKeyboardFocusManager.java:725)
2025-10-14 15:26:20,756 [ERROR] LogOutputStream:74 - [STDERR_REDIRECT] 	at java.desktop/java.awt.Component.dispatchEventImpl(Component.java:4892)
2025-10-14 15:26:20,756 [ERROR] LogOutputStream:74 - [STDERR_REDIRECT] 	at java.desktop/java.awt.Container.dispatchEventImpl(Container.java:2321)
2025-10-14 15:26:20,757 [ERROR] LogOutputStream:74 - [STDERR_REDIRECT] 	at java.desktop/java.awt.Component.dispatchEvent(Component.java:4843)
2025-10-14 15:26:20,757 [ERROR] LogOutputStream:74 - [STDERR_REDIRECT] 	at java.desktop/java.awt.EventQueue.dispatchEventImpl(EventQueue.java:772)
2025-10-14 15:26:20,757 [ERROR] LogOutputStream:74 - [STDERR_REDIRECT] 	at java.desktop/java.awt.EventQueue$4.run(EventQueue.java:721)
2025-10-14 15:26:20,757 [ERROR] LogOutputStream:74 - [STDERR_REDIRECT] 	at java.desktop/java.awt.EventQueue$4.run(EventQueue.java:715)
2025-10-14 15:26:20,757 [ERROR] LogOutputStream:74 - [STDERR_REDIRECT] 	at java.base/java.security.AccessController.doPrivileged(Native Method)
2025-10-14 15:26:20,757 [ERROR] LogOutputStream:74 - [STDERR_REDIRECT] 	at java.base/java.security.ProtectionDomain$JavaSecurityAccessImpl.doIntersectionPrivilege(ProtectionDomain.java:85)
2025-10-14 15:26:20,757 [ERROR] LogOutputStream:74 - [STDERR_REDIRECT] 	at java.base/java.security.ProtectionDomain$JavaSecurityAccessImpl.doIntersectionPrivilege(ProtectionDomain.java:95)
2025-10-14 15:26:20,757 [ERROR] LogOutputStream:74 - [STDERR_REDIRECT] 	at java.desktop/java.awt.EventQueue$5.run(EventQueue.java:745)
2025-10-14 15:26:20,757 [ERROR] LogOutputStream:74 - [STDERR_REDIRECT] 	at java.desktop/java.awt.EventQueue$5.run(EventQueue.java:743)
2025-10-14 15:26:20,757 [ERROR] LogOutputStream:74 - [STDERR_REDIRECT] 	at java.base/java.security.AccessController.doPrivileged(Native Method)
2025-10-14 15:26:20,758 [ERROR] LogOutputStream:74 - [STDERR_REDIRECT] 	at java.base/java.security.ProtectionDomain$JavaSecurityAccessImpl.doIntersectionPrivilege(ProtectionDomain.java:85)
2025-10-14 15:26:20,758 [ERROR] LogOutputStream:74 - [STDERR_REDIRECT] 	at java.desktop/java.awt.EventQueue.dispatchEvent(EventQueue.java:742)
2025-10-14 15:26:20,758 [ERROR] LogOutputStream:74 - [STDERR_REDIRECT] 	at java.desktop/java.awt.EventDispatchThread.pumpOneEventForFilters(EventDispatchThread.java:203)
2025-10-14 15:26:20,758 [ERROR] LogOutputStream:74 - [STDERR_REDIRECT] 	at java.desktop/java.awt.EventDispatchThread.pumpEventsForFilter(EventDispatchThread.java:124)
2025-10-14 15:26:20,758 [ERROR] LogOutputStream:74 - [STDERR_REDIRECT] 	at java.desktop/java.awt.EventDispatchThread.pumpEventsForHierarchy(EventDispatchThread.java:113)
2025-10-14 15:26:20,758 [ERROR] LogOutputStream:74 - [STDERR_REDIRECT] 	at java.desktop/java.awt.EventDispatchThread.pumpEvents(EventDispatchThread.java:109)
2025-10-14 15:26:20,758 [ERROR] LogOutputStream:74 - [STDERR_REDIRECT] 	at java.desktop/java.awt.EventDispatchThread.pumpEvents(EventDispatchThread.java:101)
2025-10-14 15:26:20,758 [ERROR] LogOutputStream:74 - [STDERR_REDIRECT] 	at java.desktop/java.awt.EventDispatchThread.run(EventDispatchThread.java:90)
2025-10-14 15:26:32,158 [INFO] UtilMem:74 - End SaveConfig() Used Memory: 620097808 Bytes (750780416)
2025-10-14 15:26:34,054 [INFO] UtilMem:74 - End SaveConfig() Used Memory: 647887120 Bytes (750780416)
2025-10-14 15:26:37,346 [INFO] UtilMem:74 - End SaveConfig() Used Memory: 637433488 Bytes (750780416)
2025-10-14 15:26:38,003 [INFO] BlockDiagram:2740 - set Specific Code input for plugin: NVIC
2025-10-14 15:26:38,003 [INFO] BlockDiagram:2740 - set Specific Code input for plugin: SYS
2025-10-14 15:26:38,003 [INFO] BlockDiagram:2740 - set Specific Code input for plugin: GPIO
2025-10-14 15:26:38,003 [INFO] BlockDiagram:2740 - set Specific Code input for plugin: RCC
2025-10-14 15:26:38,004 [INFO] CodeGenerator:663 - code generatio: config db path: /Applications/STM32CubeIDE.app/Contents/Eclipse/plugins/com.st.stm32cube.common.mx_6.3.0.202107141111//db/
2025-10-14 15:26:38,563 [INFO] CodeEngine:239 - oldGeneratedFile, /Users/admin/Documents/BK-University/VXL/LAB/VXL-1652026-Lab-3/lab3/MXTmpFiles/license.tmp_save
2025-10-14 15:26:39,131 [INFO] CodeEngine:257 - Generated code: /Users/admin/Documents/BK-University/VXL/LAB/VXL-1652026-Lab-3/lab3/MXTmpFiles/license.tmp
2025-10-14 15:26:39,385 [INFO] CodeEngine:239 - oldGeneratedFile, /Users/admin/Documents/BK-University/VXL/LAB/VXL-1652026-Lab-3/lab3/MXTmpFiles/gpio.tmp_save
2025-10-14 15:26:39,554 [INFO] CodeEngine:257 - Generated code: /Users/admin/Documents/BK-University/VXL/LAB/VXL-1652026-Lab-3/lab3/MXTmpFiles/gpio.tmp
2025-10-14 15:26:39,657 [INFO] CodeEngine:239 - oldGeneratedFile, /Users/admin/Documents/BK-University/VXL/LAB/VXL-1652026-Lab-3/lab3/Core/Src/stm32f1xx_it.c_save
2025-10-14 15:26:39,854 [INFO] CodeEngine:257 - Generated code: /Users/admin/Documents/BK-University/VXL/LAB/VXL-1652026-Lab-3/lab3/Core/Src/stm32f1xx_it.c
2025-10-14 15:26:39,858 [INFO] CodeEngine:239 - oldGeneratedFile, /Users/admin/Documents/BK-University/VXL/LAB/VXL-1652026-Lab-3/lab3/Core/Inc/stm32f1xx_it.h_save
2025-10-14 15:26:39,980 [INFO] CodeEngine:257 - Generated code: /Users/admin/Documents/BK-University/VXL/LAB/VXL-1652026-Lab-3/lab3/Core/Inc/stm32f1xx_it.h
2025-10-14 15:26:39,990 [INFO] CodeEngine:239 - oldGeneratedFile, /Users/admin/Documents/BK-University/VXL/LAB/VXL-1652026-Lab-3/lab3/Core/Src/stm32f1xx_hal_msp.c_save
2025-10-14 15:26:40,326 [INFO] CodeEngine:257 - Generated code: /Users/admin/Documents/BK-University/VXL/LAB/VXL-1652026-Lab-3/lab3/Core/Src/stm32f1xx_hal_msp.c
2025-10-14 15:26:40,329 [INFO] CodeEngine:239 - oldGeneratedFile, /Users/admin/Documents/BK-University/VXL/LAB/VXL-1652026-Lab-3/lab3/MXTmpFiles/system.tmp_save
2025-10-14 15:26:40,430 [INFO] CodeEngine:257 - Generated code: /Users/admin/Documents/BK-University/VXL/LAB/VXL-1652026-Lab-3/lab3/MXTmpFiles/system.tmp
2025-10-14 15:26:40,436 [INFO] CodeEngine:239 - oldGeneratedFile, /Users/admin/Documents/BK-University/VXL/LAB/VXL-1652026-Lab-3/lab3/Core/Inc/stm32f1xx_hal_conf.h_save
2025-10-14 15:26:40,554 [INFO] CodeEngine:257 - Generated code: /Users/admin/Documents/BK-University/VXL/LAB/VXL-1652026-Lab-3/lab3/Core/Inc/stm32f1xx_hal_conf.h
2025-10-14 15:26:40,620 [INFO] CodeEngine:239 - oldGeneratedFile, /Users/admin/Documents/BK-University/VXL/LAB/VXL-1652026-Lab-3/lab3/Core/Inc/main.h_save
2025-10-14 15:26:40,750 [INFO] CodeEngine:257 - Generated code: /Users/admin/Documents/BK-University/VXL/LAB/VXL-1652026-Lab-3/lab3/Core/Inc/main.h
2025-10-14 15:26:40,754 [INFO] CodeEngine:239 - oldGeneratedFile, /Users/admin/Documents/BK-University/VXL/LAB/VXL-1652026-Lab-3/lab3/Core/Src/main.c_save
2025-10-14 15:26:41,044 [INFO] CodeEngine:257 - Generated code: /Users/admin/Documents/BK-University/VXL/LAB/VXL-1652026-Lab-3/lab3/Core/Src/main.c
2025-10-14 15:26:42,541 [INFO] ProjectBuilder:2578 - Time for Copy HAL[1] : 180mS.
2025-10-14 15:26:42,551 [INFO] ProjectBuilder:3622 - Project Generator version: 3.14.1
2025-10-14 15:26:43,655 [INFO] ConfigFileManager:1271 - The Die is : DIE412
2025-10-14 15:26:43,691 [INFO] ApiDbMcu:468 - Load IP Config File for FATFS
2025-10-14 15:26:43,772 [INFO] ApiDbMcu:468 - Load IP Config File for FREERTOS
2025-10-14 15:26:43,844 [INFO] ApiDbMcu:468 - Load IP Config File for USB_DEVICE
2025-10-14 15:26:46,535 [INFO] ProjectBuilder:3789 - Time for Generating toolchain IDE Files: 3984mS.
2025-10-14 15:26:46,536 [INFO] ProjectBuilder:2457 - Time for Copy CMSIS : 0mS.
2025-10-14 15:26:46,538 [INFO] ProjectBuilder:2457 - Time for Copy CMSIS : 0mS.
2025-10-14 15:27:41,086 [INFO] Gpio:254 - dependency for GPIO []
2025-10-14 15:28:33,901 [INFO] DbMcusDocs:143 - JSON generation date=Tue Nov 16 23:17:54 ICT 2021 (1637079474)
2025-10-14 15:28:34,122 [INFO] DbMcusDocs:79 - Found 682 MCUs documents
2025-10-14 15:28:34,517 [INFO] Gpio:254 - dependency for GPIO []
2025-10-14 15:29:35,117 [INFO] NvicIntPanel:96 - NVIC parent = com.st.microxplorer.plugins.ip.nvic.MultiNvicIntPanel[,0,0,0x0,invalid,layout=javax.swing.BoxLayout,alignmentX=0.0,alignmentY=0.0,border=,flags=9,maximumSize=,minimumSize=,preferredSize=]
2025-10-14 15:29:41,064 [INFO] NvicIntPanel:96 - NVIC parent = com.st.microxplorer.plugins.ip.nvic.MultiNvicIntPanel[,0,0,0x0,invalid,layout=javax.swing.BoxLayout,alignmentX=0.0,alignmentY=0.0,border=,flags=9,maximumSize=,minimumSize=,preferredSize=]
2025-10-14 15:30:19,713 [INFO] UtilMem:74 - End SaveConfig() Used Memory: 760042608 Bytes (975175680)
2025-10-14 15:30:21,475 [INFO] UtilMem:74 - End SaveConfig() Used Memory: 769393064 Bytes (975175680)
2025-10-14 15:30:23,942 [INFO] UtilMem:74 - End SaveConfig() Used Memory: 665363616 Bytes (975175680)
2025-10-14 15:30:24,224 [INFO] BlockDiagram:2740 - set Specific Code input for plugin: NVIC
2025-10-14 15:30:24,224 [INFO] BlockDiagram:2740 - set Specific Code input for plugin: SYS
2025-10-14 15:30:24,225 [INFO] BlockDiagram:2740 - set Specific Code input for plugin: GPIO
2025-10-14 15:30:24,225 [INFO] BlockDiagram:2740 - set Specific Code input for plugin: RCC
2025-10-14 15:30:24,225 [INFO] BlockDiagram:2740 - set Specific Code input for plugin: TIM1_8F1
2025-10-14 15:30:24,226 [INFO] CodeGenerator:663 - code generatio: config db path: /Applications/STM32CubeIDE.app/Contents/Eclipse/plugins/com.st.stm32cube.common.mx_6.3.0.202107141111//db/
2025-10-14 15:30:24,501 [INFO] CodeEngine:239 - oldGeneratedFile, /Users/admin/Documents/BK-University/VXL/LAB/VXL-1652026-Lab-3/lab3/MXTmpFiles/license.tmp_save
2025-10-14 15:30:24,588 [INFO] CodeEngine:257 - Generated code: /Users/admin/Documents/BK-University/VXL/LAB/VXL-1652026-Lab-3/lab3/MXTmpFiles/license.tmp
2025-10-14 15:30:24,719 [INFO] CodeEngine:239 - oldGeneratedFile, /Users/admin/Documents/BK-University/VXL/LAB/VXL-1652026-Lab-3/lab3/MXTmpFiles/gpio.tmp_save
2025-10-14 15:30:24,814 [INFO] CodeEngine:257 - Generated code: /Users/admin/Documents/BK-University/VXL/LAB/VXL-1652026-Lab-3/lab3/MXTmpFiles/gpio.tmp
2025-10-14 15:30:25,192 [INFO] CodeEngine:239 - oldGeneratedFile, /Users/admin/Documents/BK-University/VXL/LAB/VXL-1652026-Lab-3/lab3/Core/Src/stm32f1xx_it.c_save
2025-10-14 15:30:25,422 [INFO] CodeEngine:257 - Generated code: /Users/admin/Documents/BK-University/VXL/LAB/VXL-1652026-Lab-3/lab3/Core/Src/stm32f1xx_it.c
2025-10-14 15:30:25,426 [INFO] CodeEngine:239 - oldGeneratedFile, /Users/admin/Documents/BK-University/VXL/LAB/VXL-1652026-Lab-3/lab3/Core/Inc/stm32f1xx_it.h_save
2025-10-14 15:30:25,519 [INFO] CodeEngine:257 - Generated code: /Users/admin/Documents/BK-University/VXL/LAB/VXL-1652026-Lab-3/lab3/Core/Inc/stm32f1xx_it.h
2025-10-14 15:30:25,527 [INFO] CodeEngine:239 - oldGeneratedFile, /Users/admin/Documents/BK-University/VXL/LAB/VXL-1652026-Lab-3/lab3/Core/Src/stm32f1xx_hal_msp.c_save
2025-10-14 15:30:25,671 [INFO] CodeEngine:257 - Generated code: /Users/admin/Documents/BK-University/VXL/LAB/VXL-1652026-Lab-3/lab3/Core/Src/stm32f1xx_hal_msp.c
2025-10-14 15:30:25,674 [INFO] CodeEngine:239 - oldGeneratedFile, /Users/admin/Documents/BK-University/VXL/LAB/VXL-1652026-Lab-3/lab3/MXTmpFiles/system.tmp_save
2025-10-14 15:30:25,759 [INFO] CodeEngine:257 - Generated code: /Users/admin/Documents/BK-University/VXL/LAB/VXL-1652026-Lab-3/lab3/MXTmpFiles/system.tmp
2025-10-14 15:30:25,765 [INFO] CodeEngine:239 - oldGeneratedFile, /Users/admin/Documents/BK-University/VXL/LAB/VXL-1652026-Lab-3/lab3/Core/Inc/stm32f1xx_hal_conf.h_save
2025-10-14 15:30:25,859 [INFO] CodeEngine:257 - Generated code: /Users/admin/Documents/BK-University/VXL/LAB/VXL-1652026-Lab-3/lab3/Core/Inc/stm32f1xx_hal_conf.h
2025-10-14 15:30:25,870 [WARN] IPConfigManager:3148 - IP not found : TIM
2025-10-14 15:30:25,871 [WARN] CodeGenerator:3268 - IP not found : null
2025-10-14 15:30:25,877 [INFO] CodeEngine:239 - oldGeneratedFile, /Users/admin/Documents/BK-University/VXL/LAB/VXL-1652026-Lab-3/lab3/Core/Inc/main.h_save
2025-10-14 15:30:25,971 [INFO] CodeEngine:257 - Generated code: /Users/admin/Documents/BK-University/VXL/LAB/VXL-1652026-Lab-3/lab3/Core/Inc/main.h
2025-10-14 15:30:25,975 [INFO] CodeEngine:239 - oldGeneratedFile, /Users/admin/Documents/BK-University/VXL/LAB/VXL-1652026-Lab-3/lab3/Core/Src/main.c_save
2025-10-14 15:30:26,175 [INFO] CodeEngine:257 - Generated code: /Users/admin/Documents/BK-University/VXL/LAB/VXL-1652026-Lab-3/lab3/Core/Src/main.c
2025-10-14 15:30:27,002 [INFO] ProjectBuilder:2578 - Time for Copy HAL[1] : 160mS.
2025-10-14 15:30:27,006 [INFO] ProjectBuilder:3622 - Project Generator version: 3.14.1
2025-10-14 15:30:27,645 [INFO] ConfigFileManager:1271 - The Die is : DIE412
2025-10-14 15:30:30,360 [INFO] ProjectBuilder:3789 - Time for Generating toolchain IDE Files: 3354mS.
2025-10-14 15:30:30,362 [INFO] ProjectBuilder:2457 - Time for Copy CMSIS : 1mS.
2025-10-14 15:30:30,364 [INFO] ProjectBuilder:2457 - Time for Copy CMSIS : 0mS.
2025-10-16 08:07:18,535 [INFO] Activator:177 - 


2025-10-16 08:07:18,541 [INFO] Activator:178 - !SESSION log4j initialized
2025-10-16 08:07:30,273 [ERROR] LogOutputStream:74 - [STDERR_REDIRECT] 
2025-10-22 16:55:33,095 [INFO] Activator:177 - 


2025-10-22 16:55:33,097 [INFO] Activator:178 - !SESSION log4j initialized
2025-10-22 16:55:37,755 [ERROR] LogOutputStream:74 - [STDERR_REDIRECT] 
2025-10-27 22:27:26,794 [INFO] Activator:177 - 


2025-10-27 22:27:26,797 [INFO] Activator:178 - !SESSION log4j initialized
2025-10-27 22:27:34,530 [ERROR] LogOutputStream:74 - [STDERR_REDIRECT] 
2025-10-28 00:39:20,183 [INFO] McuFinderGlobals:39 - Set McuFinder mode to 2 (CubeIDE integrated)
2025-10-28 00:39:20,435 [INFO] ApplicationProperties:181 - Using Application install path: /Applications/STM32CubeIDE.app/Contents/Eclipse/plugins/com.st.stm32cube.common.mx_6.3.0.202107141111
2025-10-28 00:39:20,454 [INFO] DbMcusXml:74 - Set database path to: /Applications/STM32CubeIDE.app/Contents/Eclipse/plugins/com.st.stm32cube.common.mx_6.3.0.202107141111//db//mcu/
2025-10-28 00:39:20,460 [INFO] DbBoardsPdsc:56 - Set plugin database path to: /Applications/STM32CubeIDE.app/Contents/Eclipse/plugins/com.st.stm32cube.common.mx_6.3.0.202107141111//db//plugins/boardmanager/
2025-10-28 00:39:20,461 [INFO] DbMcus:258 - Set plugin images path to: /Applications/STM32CubeIDE.app/Contents/Eclipse/plugins/com.st.stm32cube.common.mx_6.3.0.202107141111//db//plugins/mcufinder/images/
2025-10-28 00:39:20,461 [INFO] DbBoards:264 - Set plugin images path to: /Applications/STM32CubeIDE.app/Contents/Eclipse/plugins/com.st.stm32cube.common.mx_6.3.0.202107141111//db//plugins/mcufinder/images/
2025-10-28 00:39:20,465 [INFO] DbExamples:333 - Set plugin images path to: /Applications/STM32CubeIDE.app/Contents/Eclipse/plugins/com.st.stm32cube.common.mx_6.3.0.202107141111//db//plugins/mcufinder/images/
2025-10-28 00:39:20,474 [INFO] DbMcusAds:119 - Set database path to: /Users/admin/.stmcufinder/plugins/mcufinder//mcu/
2025-10-28 00:39:20,476 [INFO] DbMcusDocs:110 - Set database path to: /Users/admin/.stmcufinder/plugins/mcufinder//mcu/
2025-10-28 00:39:20,479 [INFO] DbMcusJson:64 - Set database path to: /Users/admin/.stmcufinder/plugins/mcufinder//mcu/
2025-10-28 00:39:20,480 [INFO] DbBoardsDocs:110 - Set database path to: /Users/admin/.stmcufinder/plugins/mcufinder//mcu/
2025-10-28 00:39:20,482 [INFO] DbBoardsJson:57 - Set database path to: /Users/admin/.stmcufinder/plugins/mcufinder//mcu/
2025-10-28 00:39:20,620 [INFO] CrossReferenceDbSqlite:196 - Set database path to: /Users/admin/.stmcufinder/plugins/mcufinder//mcu/cs/
2025-10-28 00:39:20,630 [INFO] DbExamplesSqlite:767 - Set database path to: /Users/admin/.stmcufinder/plugins/mcufinder//mcu/
2025-10-28 00:39:20,816 [INFO] RulesReader:57 - Compatibility file has been processed (242 Rules)
2025-10-28 00:39:20,932 [INFO] DbMcusXml:74 - Set database path to: /Applications/STM32CubeIDE.app/Contents/Eclipse/plugins/com.st.stm32cube.common.mx_6.3.0.202107141111//db//mcu/
2025-10-28 00:39:20,934 [INFO] DbBoardsPdsc:56 - Set plugin database path to: /Applications/STM32CubeIDE.app/Contents/Eclipse/plugins/com.st.stm32cube.common.mx_6.3.0.202107141111//db//plugins/boardmanager/
2025-10-28 00:39:20,934 [INFO] DbMcus:258 - Set plugin images path to: /Applications/STM32CubeIDE.app/Contents/Eclipse/plugins/com.st.stm32cube.common.mx_6.3.0.202107141111//db//plugins/mcufinder/images/
2025-10-28 00:39:20,934 [INFO] DbBoards:264 - Set plugin images path to: /Applications/STM32CubeIDE.app/Contents/Eclipse/plugins/com.st.stm32cube.common.mx_6.3.0.202107141111//db//plugins/mcufinder/images/
2025-10-28 00:39:20,934 [INFO] DbExamples:333 - Set plugin images path to: /Applications/STM32CubeIDE.app/Contents/Eclipse/plugins/com.st.stm32cube.common.mx_6.3.0.202107141111//db//plugins/mcufinder/images/
2025-10-28 00:39:20,935 [WARN] DbFile:35 - Overriding database path with different value: /Users/admin/.stmcufinder/plugins/mcufinder/ => /Users/admin/.stmcufinder/plugins/mcufinder
2025-10-28 00:39:20,935 [INFO] DbMcusAds:119 - Set database path to: /Users/admin/.stmcufinder/plugins/mcufinder//mcu/
2025-10-28 00:39:20,935 [WARN] DbFile:35 - Overriding database path with different value: /Users/admin/.stmcufinder/plugins/mcufinder/ => /Users/admin/.stmcufinder/plugins/mcufinder
2025-10-28 00:39:20,935 [INFO] DbMcusDocs:110 - Set database path to: /Users/admin/.stmcufinder/plugins/mcufinder//mcu/
2025-10-28 00:39:20,935 [WARN] DbFile:35 - Overriding database path with different value: /Users/admin/.stmcufinder/plugins/mcufinder/ => /Users/admin/.stmcufinder/plugins/mcufinder
2025-10-28 00:39:20,936 [INFO] DbMcusJson:64 - Set database path to: /Users/admin/.stmcufinder/plugins/mcufinder//mcu/
2025-10-28 00:39:20,936 [WARN] DbFile:35 - Overriding database path with different value: /Users/admin/.stmcufinder/plugins/mcufinder/ => /Users/admin/.stmcufinder/plugins/mcufinder
2025-10-28 00:39:20,936 [INFO] DbBoardsDocs:110 - Set database path to: /Users/admin/.stmcufinder/plugins/mcufinder//mcu/
2025-10-28 00:39:20,936 [WARN] DbFile:35 - Overriding database path with different value: /Users/admin/.stmcufinder/plugins/mcufinder/ => /Users/admin/.stmcufinder/plugins/mcufinder
2025-10-28 00:39:20,936 [INFO] DbBoardsJson:57 - Set database path to: /Users/admin/.stmcufinder/plugins/mcufinder//mcu/
2025-10-28 00:39:20,937 [WARN] DbFile:35 - Overriding database path with different value: /Users/admin/.stmcufinder/plugins/mcufinder/ => /Users/admin/.stmcufinder/plugins/mcufinder
2025-10-28 00:39:20,937 [WARN] DbFile:35 - Overriding database path with different value: /Users/admin/.stmcufinder/plugins/mcufinder/ => /Users/admin/.stmcufinder/plugins/mcufinder
2025-10-28 00:39:20,937 [INFO] CrossReferenceDbSqlite:196 - Set database path to: /Users/admin/.stmcufinder/plugins/mcufinder//mcu/cs/
2025-10-28 00:39:20,937 [WARN] DbFile:35 - Overriding database path with different value: /Users/admin/.stmcufinder/plugins/mcufinder/ => /Users/admin/.stmcufinder/plugins/mcufinder
2025-10-28 00:39:20,938 [INFO] DbExamplesSqlite:767 - Set database path to: /Users/admin/.stmcufinder/plugins/mcufinder//mcu/
2025-10-28 00:39:21,046 [INFO] MainPanel:214 - HeapMemory: 817889280
2025-10-28 00:39:21,200 [INFO] DbMcusXml:74 - Set database path to: /Applications/STM32CubeIDE.app/Contents/Eclipse/plugins/com.st.stm32cube.common.mx_6.3.0.202107141111//db//mcu/
2025-10-28 00:39:21,201 [INFO] DbBoardsPdsc:56 - Set plugin database path to: /Applications/STM32CubeIDE.app/Contents/Eclipse/plugins/com.st.stm32cube.common.mx_6.3.0.202107141111//db//plugins/boardmanager/
2025-10-28 00:39:21,201 [INFO] DbMcus:258 - Set plugin images path to: /Applications/STM32CubeIDE.app/Contents/Eclipse/plugins/com.st.stm32cube.common.mx_6.3.0.202107141111//db//plugins/mcufinder/images/
2025-10-28 00:39:21,201 [INFO] DbBoards:264 - Set plugin images path to: /Applications/STM32CubeIDE.app/Contents/Eclipse/plugins/com.st.stm32cube.common.mx_6.3.0.202107141111//db//plugins/mcufinder/images/
2025-10-28 00:39:21,201 [INFO] DbExamples:333 - Set plugin images path to: /Applications/STM32CubeIDE.app/Contents/Eclipse/plugins/com.st.stm32cube.common.mx_6.3.0.202107141111//db//plugins/mcufinder/images/
2025-10-28 00:39:21,202 [WARN] DbFile:35 - Overriding database path with different value: /Users/admin/.stmcufinder/plugins/mcufinder/ => /Users/admin/.stmcufinder/plugins/mcufinder
2025-10-28 00:39:21,202 [INFO] DbMcusAds:119 - Set database path to: /Users/admin/.stmcufinder/plugins/mcufinder//mcu/
2025-10-28 00:39:21,202 [WARN] DbFile:35 - Overriding database path with different value: /Users/admin/.stmcufinder/plugins/mcufinder/ => /Users/admin/.stmcufinder/plugins/mcufinder
2025-10-28 00:39:21,203 [INFO] DbMcusDocs:110 - Set database path to: /Users/admin/.stmcufinder/plugins/mcufinder//mcu/
2025-10-28 00:39:21,203 [WARN] DbFile:35 - Overriding database path with different value: /Users/admin/.stmcufinder/plugins/mcufinder/ => /Users/admin/.stmcufinder/plugins/mcufinder
2025-10-28 00:39:21,203 [INFO] DbMcusJson:64 - Set database path to: /Users/admin/.stmcufinder/plugins/mcufinder//mcu/
2025-10-28 00:39:21,203 [WARN] DbFile:35 - Overriding database path with different value: /Users/admin/.stmcufinder/plugins/mcufinder/ => /Users/admin/.stmcufinder/plugins/mcufinder
2025-10-28 00:39:21,204 [INFO] DbBoardsDocs:110 - Set database path to: /Users/admin/.stmcufinder/plugins/mcufinder//mcu/
2025-10-28 00:39:21,204 [WARN] DbFile:35 - Overriding database path with different value: /Users/admin/.stmcufinder/plugins/mcufinder/ => /Users/admin/.stmcufinder/plugins/mcufinder
2025-10-28 00:39:21,204 [INFO] DbBoardsJson:57 - Set database path to: /Users/admin/.stmcufinder/plugins/mcufinder//mcu/
2025-10-28 00:39:21,204 [WARN] DbFile:35 - Overriding database path with different value: /Users/admin/.stmcufinder/plugins/mcufinder/ => /Users/admin/.stmcufinder/plugins/mcufinder
2025-10-28 00:39:21,204 [WARN] DbFile:35 - Overriding database path with different value: /Users/admin/.stmcufinder/plugins/mcufinder/ => /Users/admin/.stmcufinder/plugins/mcufinder
2025-10-28 00:39:21,205 [INFO] CrossReferenceDbSqlite:196 - Set database path to: /Users/admin/.stmcufinder/plugins/mcufinder//mcu/cs/
2025-10-28 00:39:21,205 [WARN] DbFile:35 - Overriding database path with different value: /Users/admin/.stmcufinder/plugins/mcufinder/ => /Users/admin/.stmcufinder/plugins/mcufinder
2025-10-28 00:39:21,205 [INFO] DbExamplesSqlite:767 - Set database path to: /Users/admin/.stmcufinder/plugins/mcufinder//mcu/
2025-10-28 00:39:21,229 [INFO] ApplicationProperties:181 - Using Application install path: /Applications/STM32CubeIDE.app/Contents/Eclipse/plugins/com.st.stm32cube.common.mx_6.3.0.202107141111
2025-10-28 00:39:21,231 [INFO] PluginManage:188 - Search for loadable plugins [exclusion list=, ]
2025-10-28 00:39:21,234 [INFO] PluginManage:302 - Check plugin analytics
2025-10-28 00:39:21,482 [INFO] AnalyticsPlugin:257 - Accepted Software Licenses: 
2025-10-28 00:39:21,483 [INFO] AnalyticsPlugin:259 - Accepted CMSIS Pack Licenses: 
2025-10-28 00:39:21,483 [INFO] AnalyticsPlugin:261 - Accepted Firmware Licenses: 
2025-10-28 00:39:21,484 [INFO] PluginManage:352 - Loaded plugin analytics (category:tool,tabindex:-1)
2025-10-28 00:39:21,485 [INFO] PluginManage:302 - Check plugin clock
2025-10-28 00:39:21,503 [INFO] PluginManage:352 - Loaded plugin clock (category:base,tabindex:2)
2025-10-28 00:39:21,504 [INFO] PluginManage:302 - Check plugin ddr
2025-10-28 00:39:21,508 [INFO] PluginManage:352 - Loaded plugin ddr (category:tool,tabindex:6)
2025-10-28 00:39:21,508 [INFO] PluginManage:302 - Check plugin filemanager
2025-10-28 00:39:21,714 [INFO] PluginManage:352 - Loaded plugin filemanager (category:base,tabindex:10)
2025-10-28 00:39:21,714 [INFO] PluginManage:302 - Check plugin ipmanager
2025-10-28 00:39:21,724 [INFO] PluginManage:352 - Loaded plugin ipmanager (category:base,tabindex:5)
2025-10-28 00:39:21,724 [INFO] PluginManage:302 - Check plugin pinoutandconfiguration
2025-10-28 00:39:21,737 [INFO] PluginManage:352 - Loaded plugin pinoutandconfiguration (category:base,tabindex:1)
2025-10-28 00:39:21,737 [INFO] PluginManage:302 - Check plugin pinoutconfig
2025-10-28 00:39:21,782 [INFO] PluginManage:352 - Loaded plugin pinoutconfig (category:base,tabindex:0)
2025-10-28 00:39:21,782 [INFO] PluginManage:302 - Check plugin power
2025-10-28 00:39:21,800 [INFO] PluginManage:352 - Loaded plugin power (category:power,tabindex:4)
2025-10-28 00:39:21,800 [INFO] PluginManage:302 - Check plugin projectmanager
2025-10-28 00:39:21,820 [INFO] PluginManage:352 - Loaded plugin projectmanager (category:projectmanager,tabindex:3)
2025-10-28 00:39:21,820 [INFO] PluginManage:302 - Check plugin thirdparty
2025-10-28 00:39:21,989 [WARN] IntegrityCheckThread:78 - waiting for thirdparty lock release [integrity check]
2025-10-28 00:39:21,990 [INFO] PluginManage:352 - Loaded plugin thirdparty (category:base,tabindex:-1)
2025-10-28 00:39:21,991 [INFO] IntegrityCheckThread:80 - entering critical section [integrity check]
2025-10-28 00:39:21,992 [INFO] PluginManage:302 - Check plugin tools
2025-10-28 00:39:21,992 [INFO] ThirdPartyUpdaterWithRetryManager:66 - Updater plugin not ready yet. [1/15]
2025-10-28 00:39:21,996 [INFO] PluginManage:352 - Loaded plugin tools (category:base,tabindex:7)
2025-10-28 00:39:21,996 [INFO] PluginManage:302 - Check plugin tutovideos
2025-10-28 00:39:22,353 [INFO] PluginManage:352 - Loaded plugin tutovideos (category:base,tabindex:-1)
2025-10-28 00:39:22,353 [INFO] PluginManage:302 - Check plugin updater
2025-10-28 00:39:22,371 [INFO] PluginManage:352 - Loaded plugin updater (category:base,tabindex:12)
2025-10-28 00:39:22,372 [INFO] PluginManage:275 - PluginManage : Loaded plugins [13]
2025-10-28 00:39:23,395 [ERROR] LogOutputStream:74 - [STDERR_REDIRECT] Warning: the fonts "Times" and "Times" are not available for the Java logical font "Serif", which may have unexpected appearance or behavior. Re-enable the "Times" font to remove this warning.
2025-10-28 00:39:23,448 [INFO] PinOutPanel:1463 - setPackage(No Configuration,No Configuration)
2025-10-28 00:39:23,554 [INFO] IPUIPlugin:74 - create IPUIPlugin
2025-10-28 00:39:23,554 [INFO] PluginManager:213 - loadIPPluginJar : add mdma
2025-10-28 00:39:23,566 [INFO] IPUIPlugin:74 - create IPUIPlugin
2025-10-28 00:39:23,567 [INFO] PluginManager:213 - loadIPPluginJar : add freertos
2025-10-28 00:39:23,576 [INFO] IPUIPlugin:74 - create IPUIPlugin
2025-10-28 00:39:23,576 [INFO] PluginManager:213 - loadIPPluginJar : add gic
2025-10-28 00:39:23,590 [INFO] IPUIPlugin:74 - create IPUIPlugin
2025-10-28 00:39:23,591 [INFO] PluginManager:213 - loadIPPluginJar : add adc
2025-10-28 00:39:23,596 [INFO] IPUIPlugin:74 - create IPUIPlugin
2025-10-28 00:39:23,596 [INFO] PluginManager:213 - loadIPPluginJar : add gtzc
2025-10-28 00:39:23,598 [INFO] IPUIPlugin:74 - create IPUIPlugin
2025-10-28 00:39:23,599 [INFO] PluginManager:213 - loadIPPluginJar : add quadspi
2025-10-28 00:39:23,603 [INFO] IPUIPlugin:74 - create IPUIPlugin
2025-10-28 00:39:23,604 [INFO] PluginManager:213 - loadIPPluginJar : add aes
2025-10-28 00:39:23,609 [INFO] IPUIPlugin:74 - create IPUIPlugin
2025-10-28 00:39:23,610 [INFO] PluginManager:213 - loadIPPluginJar : add pdm2pcm
2025-10-28 00:39:23,613 [INFO] IPUIPlugin:74 - create IPUIPlugin
2025-10-28 00:39:23,613 [INFO] PluginManager:213 - loadIPPluginJar : add hash
2025-10-28 00:39:23,615 [INFO] IPUIPlugin:74 - create IPUIPlugin
2025-10-28 00:39:23,615 [INFO] PluginManager:213 - loadIPPluginJar : add tim
2025-10-28 00:39:23,618 [INFO] IPUIPlugin:74 - create IPUIPlugin
2025-10-28 00:39:23,618 [INFO] PluginManager:213 - loadIPPluginJar : add tsc
2025-10-28 00:39:23,621 [INFO] IPUIPlugin:74 - create IPUIPlugin
2025-10-28 00:39:23,621 [INFO] PluginManager:213 - loadIPPluginJar : add ts
2025-10-28 00:39:23,625 [INFO] IPUIPlugin:74 - create IPUIPlugin
2025-10-28 00:39:23,625 [INFO] PluginManager:213 - loadIPPluginJar : add can
2025-10-28 00:39:23,629 [INFO] IPUIPlugin:74 - create IPUIPlugin
2025-10-28 00:39:23,629 [INFO] PluginManager:213 - loadIPPluginJar : add dma3
2025-10-28 00:39:23,632 [INFO] IPUIPlugin:74 - create IPUIPlugin
2025-10-28 00:39:23,633 [INFO] PluginManager:213 - loadIPPluginJar : add dfsdm
2025-10-28 00:39:23,636 [INFO] IPUIPlugin:74 - create IPUIPlugin
2025-10-28 00:39:23,636 [INFO] PluginManager:213 - loadIPPluginJar : add spi
2025-10-28 00:39:23,640 [INFO] IPUIPlugin:74 - create IPUIPlugin
2025-10-28 00:39:23,640 [INFO] PluginManager:213 - loadIPPluginJar : add gfxmmu
2025-10-28 00:39:23,643 [INFO] IPUIPlugin:74 - create IPUIPlugin
2025-10-28 00:39:23,643 [INFO] PluginManager:213 - loadIPPluginJar : add genericplugin
2025-10-28 00:39:23,647 [INFO] IPUIPlugin:74 - create IPUIPlugin
2025-10-28 00:39:23,647 [INFO] PluginManager:213 - loadIPPluginJar : add cryp
2025-10-28 00:39:23,654 [INFO] IPUIPlugin:74 - create IPUIPlugin
2025-10-28 00:39:23,654 [INFO] PluginManager:213 - loadIPPluginJar : add gpio
2025-10-28 00:39:23,657 [INFO] IPUIPlugin:74 - create IPUIPlugin
2025-10-28 00:39:23,657 [INFO] PluginManager:213 - loadIPPluginJar : add comp
2025-10-28 00:39:23,660 [INFO] IPUIPlugin:74 - create IPUIPlugin
2025-10-28 00:39:23,661 [INFO] PluginManager:213 - loadIPPluginJar : add tracer_emb
2025-10-28 00:39:23,666 [INFO] IPUIPlugin:74 - create IPUIPlugin
2025-10-28 00:39:23,666 [INFO] PluginManager:213 - loadIPPluginJar : add openamp
2025-10-28 00:39:23,674 [INFO] IPUIPlugin:74 - create IPUIPlugin
2025-10-28 00:39:23,675 [INFO] PluginManager:213 - loadIPPluginJar : add stm32_wpan
2025-10-28 00:39:23,686 [INFO] IPUIPlugin:74 - create IPUIPlugin
2025-10-28 00:39:23,690 [INFO] PluginManager:213 - loadIPPluginJar : add plateformsettings
2025-10-28 00:39:23,695 [INFO] IPUIPlugin:74 - create IPUIPlugin
2025-10-28 00:39:23,696 [INFO] PluginManager:213 - loadIPPluginJar : add ipddr
2025-10-28 00:39:23,700 [INFO] IPUIPlugin:74 - create IPUIPlugin
2025-10-28 00:39:23,701 [INFO] PluginManager:213 - loadIPPluginJar : add usart
2025-10-28 00:39:23,703 [INFO] IPUIPlugin:74 - create IPUIPlugin
2025-10-28 00:39:23,704 [INFO] PluginManager:213 - loadIPPluginJar : add ltdc
2025-10-28 00:39:23,710 [INFO] IPUIPlugin:74 - create IPUIPlugin
2025-10-28 00:39:23,710 [INFO] PluginManager:213 - loadIPPluginJar : add nvic
2025-10-28 00:39:23,713 [INFO] IPUIPlugin:74 - create IPUIPlugin
2025-10-28 00:39:23,713 [INFO] PluginManager:213 - loadIPPluginJar : add fatfs
2025-10-28 00:39:23,724 [INFO] IPUIPlugin:74 - create IPUIPlugin
2025-10-28 00:39:23,725 [INFO] PluginManager:213 - loadIPPluginJar : add linkedlist
2025-10-28 00:39:23,736 [INFO] IPUIPlugin:74 - create IPUIPlugin
2025-10-28 00:39:23,736 [INFO] PluginManager:213 - loadIPPluginJar : add dma
2025-10-28 00:39:23,745 [INFO] IPUIPlugin:74 - create IPUIPlugin
2025-10-28 00:39:23,745 [INFO] PluginManager:213 - loadIPPluginJar : add fmc
2025-10-28 00:39:23,750 [INFO] IPUIPlugin:74 - create IPUIPlugin
2025-10-28 00:39:23,751 [INFO] PluginManager:213 - loadIPPluginJar : add i2s
2025-10-28 00:39:23,754 [INFO] IPUIPlugin:74 - create IPUIPlugin
2025-10-28 00:39:23,754 [INFO] PluginManager:213 - loadIPPluginJar : add ucpd
2025-10-28 00:39:23,758 [INFO] IPUIPlugin:74 - create IPUIPlugin
2025-10-28 00:39:23,758 [INFO] PluginManager:213 - loadIPPluginJar : add lorawan
2025-10-28 00:39:23,763 [INFO] IPUIPlugin:74 - create IPUIPlugin
2025-10-28 00:39:23,763 [INFO] PluginManager:213 - loadIPPluginJar : add opamp
2025-10-28 00:39:23,768 [INFO] IPUIPlugin:74 - create IPUIPlugin
2025-10-28 00:39:23,768 [INFO] PluginManager:213 - loadIPPluginJar : add touchsensing
2025-10-28 00:39:23,772 [INFO] IPUIPlugin:74 - create IPUIPlugin
2025-10-28 00:39:23,772 [INFO] PluginManager:213 - loadIPPluginJar : add i2c
2025-10-28 00:39:23,778 [INFO] IPUIPlugin:74 - create IPUIPlugin
2025-10-28 00:39:23,778 [INFO] PluginManager:213 - loadIPPluginJar : add resmgrutility
2025-10-28 00:39:23,783 [INFO] IPUIPlugin:74 - create IPUIPlugin
2025-10-28 00:39:23,784 [INFO] PluginManager:213 - loadIPPluginJar : add sai
2025-10-28 00:39:23,787 [INFO] IPUIPlugin:74 - create IPUIPlugin
2025-10-28 00:39:23,788 [INFO] PluginManager:213 - loadIPPluginJar : add usbx
2025-10-28 00:39:24,139 [FATAL] Updater:294 - Updater called before beeing initialized
2025-10-28 00:39:24,295 [FATAL] Updater:294 - Updater called before beeing initialized
2025-10-28 00:39:24,302 [INFO] DbMcusAds:47 - JSON generation date=Tue Jul 08 15:14:23 ICT 2025 (1751962463524)
2025-10-28 00:39:24,302 [FATAL] Updater:294 - Updater called before beeing initialized
2025-10-28 00:39:24,995 [INFO] ThirdPartyUpdaterWithRetryManager:66 - Updater plugin not ready yet. [2/15]
2025-10-28 00:39:25,734 [WARN] DetailPanel:314 - Failed to get advertising image, set to default
2025-10-28 00:39:25,908 [FATAL] Updater:294 - Updater called before beeing initialized
2025-10-28 00:39:25,911 [FATAL] Updater:294 - Updater called before beeing initialized
2025-10-28 00:39:25,912 [FATAL] Updater:294 - Updater called before beeing initialized
2025-10-28 00:39:25,912 [WARN] DetailPanel:314 - Failed to get advertising image, set to default
2025-10-28 00:39:25,914 [FATAL] Updater:294 - Updater called before beeing initialized
2025-10-28 00:39:25,964 [ERROR] Updater:1075 - MainUpdater not yet initialized. External WinMGr cannot be set.
2025-10-28 00:39:25,967 [INFO] Updater:1012 - Updater Version found : 6.3.0
2025-10-28 00:39:25,999 [INFO] ApplicationProperties:181 - Using Application install path: /Applications/STM32CubeIDE.app/Contents/Eclipse/plugins/com.st.stm32cube.common.mx_6.3.0.202107141111
2025-10-28 00:39:26,601 [INFO] MainUpdater:2671 - connection check result : 10
2025-10-28 00:39:26,601 [INFO] MainUpdater:3359 - Updater definition file requires update
2025-10-28 00:39:26,603 [INFO] MainUpdater:265 - Updater Check For Update Now.
2025-10-28 00:39:26,603 [INFO] MicroXplorer:478 - Change Database Version : DB.6.0.30
2025-10-28 00:39:26,835 [INFO] ServerAccessManage:362 - Download File updaters.zip
2025-10-28 00:39:27,031 [INFO] FileExtend:235 - Unzip File : updaters.zip
2025-10-28 00:39:27,031 [INFO] FileExtend:250 - Standard Zip Deflate
2025-10-28 00:39:28,039 [WARN] MainUpdater:1122 - Updater busy. Cannot search thirdparties
2025-10-28 00:39:28,039 [INFO] ThirdPartyUpdaterWithRetryManager:92 - Updater plugin is busy. [1/15]
2025-10-28 00:39:29,209 [INFO] ServerAccessManage:362 - Download File PacksControlFlags.xml
2025-10-28 00:39:30,370 [INFO] ServerAccessManage:362 - Download File cubemx.pidx
2025-10-28 00:39:31,044 [WARN] MainUpdater:1122 - Updater busy. Cannot search thirdparties
2025-10-28 00:39:31,044 [INFO] ThirdPartyUpdaterWithRetryManager:92 - Updater plugin is busy. [2/15]
2025-10-28 00:39:32,034 [INFO] ServerAccessManage:362 - Download File STMicroelectronics.FP-SNS-MOTENV1.pdsc
2025-10-28 00:39:34,049 [WARN] MainUpdater:1122 - Updater busy. Cannot search thirdparties
2025-10-28 00:39:34,049 [INFO] ThirdPartyUpdaterWithRetryManager:92 - Updater plugin is busy. [3/15]
2025-10-28 00:39:34,097 [INFO] ServerAccessManage:362 - Download File STMicroelectronics.X-CUBE-FREERTOS.pdsc
2025-10-28 00:39:35,958 [INFO] ServerAccessManage:362 - Download File STMicroelectronics.X-CUBE-ST60.pdsc
2025-10-28 00:39:36,682 [INFO] ServerAccessManage:362 - Download File STMicroelectronics.X-CUBE-ST67W61.pdsc
2025-10-28 00:39:36,729 [INFO] MainUpdater:2671 - connection check result : 10
2025-10-28 00:39:37,054 [WARN] MainUpdater:1122 - Updater busy. Cannot search thirdparties
2025-10-28 00:39:37,055 [INFO] ThirdPartyUpdaterWithRetryManager:92 - Updater plugin is busy. [4/15]
2025-10-28 00:39:37,265 [INFO] ServerAccessManage:362 - Download File STMicroelectronics.X-CUBE-TOUCHGFX.pdsc
2025-10-28 00:39:40,059 [WARN] MainUpdater:1122 - Updater busy. Cannot search thirdparties
2025-10-28 00:39:40,060 [INFO] ThirdPartyUpdaterWithRetryManager:92 - Updater plugin is busy. [5/15]
2025-10-28 00:39:43,060 [WARN] MainUpdater:1122 - Updater busy. Cannot search thirdparties
2025-10-28 00:39:43,060 [INFO] ThirdPartyUpdaterWithRetryManager:92 - Updater plugin is busy. [6/15]
2025-10-28 00:39:46,062 [WARN] MainUpdater:1122 - Updater busy. Cannot search thirdparties
2025-10-28 00:39:46,063 [INFO] ThirdPartyUpdaterWithRetryManager:92 - Updater plugin is busy. [7/15]
2025-10-28 00:39:46,102 [INFO] ServerAccessManage:362 - Download File WES.I-CUBE-Cesium.pdsc
2025-10-28 00:39:46,786 [INFO] MainUpdater:2671 - connection check result : 10
2025-10-28 00:39:48,085 [INFO] MicroXplorer:448 - Change Database Path : 
2025-10-28 00:39:48,085 [INFO] MicroXplorer:478 - Change Database Version : DB.6.0.30
2025-10-28 00:39:48,086 [WARN] ThirdParty:813 - waiting for thirdparty lock release [close project]
2025-10-28 00:39:49,063 [WARN] MainUpdater:1122 - Updater busy. Cannot search thirdparties
2025-10-28 00:39:49,064 [INFO] ThirdPartyUpdaterWithRetryManager:92 - Updater plugin is busy. [8/15]
2025-10-28 00:39:50,313 [ERROR] ServerAccessManage:974 - Problem, file not found on Server
2025-10-28 00:39:51,349 [ERROR] ServerAccessManage:974 - Problem, file not found on Server
2025-10-28 00:39:51,538 [WARN] PopulateThirdPartyThread:100 - Error when creating pack: /Users/admin/.stm32cubemx/thirdparties/pdsc/STMicroelectronics.FP-SNS-MOTENV1.pdsc
2025-10-28 00:39:51,541 [WARN] PopulateThirdPartyThread:100 - Error when creating pack: /Users/admin/.stm32cubemx/thirdparties/pdsc/STMicroelectronics.X-CUBE-FREERTOS.pdsc
2025-10-28 00:39:51,544 [WARN] PopulateThirdPartyThread:100 - Error when creating pack: /Users/admin/.stm32cubemx/thirdparties/pdsc/STMicroelectronics.X-CUBE-ST60.pdsc
2025-10-28 00:39:51,550 [WARN] PopulateThirdPartyThread:100 - Error when creating pack: /Users/admin/.stm32cubemx/thirdparties/pdsc/STMicroelectronics.X-CUBE-ST67W61.pdsc
2025-10-28 00:39:51,599 [WARN] PackLoader:238 - Cannot read IP mode file for STMicroelectronics.X-CUBE-TOUCHGFX.4.26.0
2025-10-28 00:39:51,607 [WARN] PopulateThirdPartyThread:100 - Error when creating pack: /Users/admin/.stm32cubemx/thirdparties/pdsc/WES.I-CUBE-Cesium.pdsc
2025-10-28 00:39:51,607 [INFO] PopulateThirdPartyThread:60 - Ending populate Thread
2025-10-28 00:39:51,609 [INFO] ThirdParty:967 - CMSIS Pack Vendor :STMicroelectronics X-CUBE-TOUCHGFX 4.26.0
2025-10-28 00:39:51,610 [INFO] LoadServerUpdatesThread:339 - End of LoadServerUpdate Thread
2025-10-28 00:39:51,736 [INFO] CheckServerUpdateThread:112 - End of CheckServer Thread
2025-10-28 00:39:52,252 [ERROR] Engine:463 - /Users/admin/.stm32cubemx/thirdparties/pdsc/STMicroelectronics.FP-SNS-MOTENVWB1.1.4.0.pdsc: PDSC version is not supported
2025-10-28 00:39:52,257 [WARN] PackLoader:238 - Cannot read IP mode file for STMicroelectronics.FP-ATR-ASTRA1.2.0.2
2025-10-28 00:39:52,260 [ERROR] Engine:463 - /Users/admin/.stm32cubemx/thirdparties/pdsc/STMicroelectronics.X-CUBE-SMBUS.2.1.0.pdsc: PDSC version is not supported
2025-10-28 00:39:52,262 [ERROR] Engine:463 - /Users/admin/.stm32cubemx/thirdparties/pdsc/STMicroelectronics.X-CUBE-ST60.1.0.0.pdsc: PDSC version is not supported
2025-10-28 00:39:52,287 [WARN] PackLoader:238 - Cannot read IP mode file for STMicroelectronics.X-CUBE-AZRTOS-F7.1.1.0
2025-10-28 00:39:52,295 [ERROR] Engine:463 - /Users/admin/.stm32cubemx/thirdparties/pdsc/Cesanta.I-CUBE-Mongoose.7.19.0.pdsc: PDSC version is not supported
2025-10-28 00:39:52,298 [ERROR] Engine:463 - /Users/admin/.stm32cubemx/thirdparties/pdsc/STMicroelectronics.FP-SNS-MOTENV1.5.1.0.pdsc: PDSC version is not supported
2025-10-28 00:39:52,300 [ERROR] Engine:463 - /Users/admin/.stm32cubemx/thirdparties/pdsc/WES.I-CUBE-Cesium.1.4.0.pdsc: PDSC version is not supported
2025-10-28 00:39:52,311 [ERROR] Engine:463 - /Users/admin/.stm32cubemx/thirdparties/pdsc/Infineon.AIROC-Wi-Fi-Bluetooth-STM32.1.7.1.pdsc: PDSC version is not supported
2025-10-28 00:39:52,338 [WARN] PackLoader:238 - Cannot read IP mode file for STMicroelectronics.X-CUBE-AZRTOS-H7.3.4.0
2025-10-28 00:39:52,348 [ERROR] Engine:463 - /Users/admin/.stm32cubemx/thirdparties/pdsc/STMicroelectronics.X-CUBE-DISPLAY.3.0.0.pdsc: PDSC version is not supported
2025-10-28 00:39:52,356 [WARN] PackLoader:238 - Cannot read IP mode file for STMicroelectronics.X-CUBE-NFC10.1.0.0
2025-10-28 00:39:52,361 [ERROR] Engine:463 - /Users/admin/.stm32cubemx/thirdparties/pdsc/STMicroelectronics.X-CUBE-ST60.1.1.0.pdsc: PDSC version is not supported
2025-10-28 00:39:52,363 [ERROR] Engine:463 - /Users/admin/.stm32cubemx/thirdparties/pdsc/emotas.I-CUBE-CANOPEN.1.3.0.pdsc: PDSC version is not supported
2025-10-28 00:39:52,367 [ERROR] Engine:463 - /Users/admin/.stm32cubemx/thirdparties/pdsc/STMicroelectronics.FP-SNS-STBOX1.2.1.0.pdsc: PDSC version is not supported
2025-10-28 00:39:52,369 [ERROR] Engine:463 - /Users/admin/.stm32cubemx/thirdparties/pdsc/STMicroelectronics.FP-SNS-SMARTAG2.1.2.0.pdsc: PDSC version is not supported
2025-10-28 00:39:52,370 [ERROR] Engine:463 - /Users/admin/.stm32cubemx/thirdparties/pdsc/STMicroelectronics.FP-SNS-FLIGHT1.5.1.0.pdsc: PDSC version is not supported
2025-10-28 00:39:52,378 [INFO] LogOutputStream:76 - [STDOUT_REDIRECT] 1 : Invalid condition id : UX_CORESTACK_Condition cause : null
2025-10-28 00:39:52,379 [INFO] LogOutputStream:76 - [STDOUT_REDIRECT] 1 : Invalid condition id : UX_CORESTACK_Condition cause : null
2025-10-28 00:39:52,380 [INFO] LogOutputStream:76 - [STDOUT_REDIRECT] 1 : Invalid condition id : UX_CORESTACK_Condition cause : null
2025-10-28 00:39:52,380 [INFO] LogOutputStream:76 - [STDOUT_REDIRECT] 1 : Invalid condition id : UX_CORESTACK_Condition cause : null
2025-10-28 00:39:52,381 [INFO] LogOutputStream:76 - [STDOUT_REDIRECT] 1 : Invalid condition id : UX_CORESTACK_Condition cause : null
2025-10-28 00:39:52,385 [WARN] PackLoader:238 - Cannot read IP mode file for STMicroelectronics.X-CUBE-AZRTOS-WL.2.0.0
2025-10-28 00:39:52,389 [ERROR] Engine:463 - /Users/admin/.stm32cubemx/thirdparties/pdsc/STMicroelectronics.FP-SNS-MOTENV1.5.0.0.pdsc: PDSC version is not supported
2025-10-28 00:39:52,393 [WARN] PackLoader:238 - Cannot read IP mode file for STMicroelectronics.X-CUBE-BLE2.3.3.0
2025-10-28 00:39:52,399 [WARN] PackLoader:238 - Cannot read IP mode file for STMicroelectronics.X-CUBE-NFC9.1.0.0
2025-10-28 00:39:52,406 [WARN] PackLoader:238 - Cannot read IP mode file for wolfSSL.I-CUBE-wolfSSL.5.8.2
2025-10-28 00:39:52,411 [WARN] PackLoader:238 - Cannot read IP mode file for STMicroelectronics.X-CUBE-BLE1.7.1.0
2025-10-28 00:39:52,415 [WARN] PackLoader:238 - Cannot read IP mode file for wolfSSL.I-CUBE-wolfMQTT.1.19.2
2025-10-28 00:39:52,421 [WARN] PackLoader:238 - Cannot read IP mode file for STMicroelectronics.X-CUBE-EEPRMA1.5.2.0
2025-10-28 00:39:52,426 [ERROR] Engine:463 - /Users/admin/.stm32cubemx/thirdparties/pdsc/STMicroelectronics.X-CUBE-ST67W61.1.1.0.pdsc: PDSC version is not supported
2025-10-28 00:39:52,448 [WARN] PackLoader:238 - Cannot read IP mode file for STMicroelectronics.X-CUBE-AZRTOS-G0.1.1.0
2025-10-28 00:39:52,457 [WARN] PackLoader:238 - Cannot read IP mode file for STMicroelectronics.X-CUBE-SAFEA1.1.2.2
2025-10-28 00:39:52,463 [WARN] PackLoader:238 - Cannot read IP mode file for STMicroelectronics.X-CUBE-NFC4.3.0.0
2025-10-28 00:39:52,468 [ERROR] Engine:463 - /Users/admin/.stm32cubemx/thirdparties/pdsc/EmbeddedOffice.I-CUBE-FS-RTOS.1.0.1.pdsc: PDSC version is not supported
2025-10-28 00:39:52,472 [WARN] PackLoader:238 - Cannot read IP mode file for STMicroelectronics.X-CUBE-WB05N.2.0.0
2025-10-28 00:39:52,476 [WARN] PackLoader:238 - Cannot read IP mode file for wolfSSL.I-CUBE-wolfTPM.3.8.0
2025-10-28 00:39:52,480 [ERROR] Engine:463 - /Users/admin/.stm32cubemx/thirdparties/pdsc/STMicroelectronics.X-CUBE-TCPP.4.2.0.pdsc: PDSC version is not supported
2025-10-28 00:39:52,481 [ERROR] Engine:463 - /Users/admin/.stm32cubemx/thirdparties/pdsc/RealThread.X-CUBE-RT-Thread_Nano.4.1.1.pdsc: PDSC version is not supported
2025-10-28 00:39:52,485 [WARN] PackLoader:238 - Cannot read IP mode file for STMicroelectronics.FP-ATR-SIGFOX1.3.2.0
2025-10-28 00:39:52,489 [ERROR] Engine:463 - /Users/admin/.stm32cubemx/thirdparties/pdsc/ITTIA_DB.I-CUBE-ITTIADB.8.9.0.pdsc: PDSC version is not supported
2025-10-28 00:39:52,490 [ERROR] Engine:463 - /Users/admin/.stm32cubemx/thirdparties/pdsc/STMicroelectronics.X-CUBE-ST67W61.1.0.0.pdsc: PDSC version is not supported
2025-10-28 00:39:52,493 [WARN] PackLoader:238 - Cannot read IP mode file for STMicroelectronics.X-CUBE-AI.10.2.0
2025-10-28 00:39:52,534 [WARN] PackLoader:238 - Cannot read IP mode file for SEGGER.I-CUBE-embOS.1.3.1
2025-10-28 00:39:52,594 [WARN] PackLoader:238 - Cannot read IP mode file for STMicroelectronics.X-CUBE-ALGOBUILD.1.4.0
2025-10-28 00:39:52,649 [WARN] PackLoader:238 - Cannot read IP mode file for STMicroelectronics.X-CUBE-MEMS1.11.3.0
2025-10-28 00:39:52,884 [WARN] PackLoader:238 - Cannot read IP mode file for STMicroelectronics.X-CUBE-PM33A1.1.0.0
2025-10-28 00:39:52,900 [WARN] PackLoader:238 - Cannot read IP mode file for STMicroelectronics.X-CUBE-AZRTOS-F4.1.1.0
2025-10-28 00:39:52,906 [WARN] PackLoader:238 - Cannot read IP mode file for STMicroelectronics.X-CUBE-ISPU.2.1.0
2025-10-28 00:39:52,911 [ERROR] Engine:463 - /Users/admin/.stm32cubemx/thirdparties/pdsc/STMicroelectronics.X-CUBE-IPS.3.2.0.pdsc: PDSC version is not supported
2025-10-28 00:39:52,916 [WARN] PackLoader:238 - Cannot read IP mode file for STMicroelectronics.X-CUBE-NFC12.1.0.0
2025-10-28 00:39:52,938 [WARN] PackLoader:238 - Cannot read IP mode file for STMicroelectronics.X-CUBE-AZRTOS-L5.2.0.0
2025-10-28 00:39:52,946 [WARN] PackLoader:238 - Cannot read IP mode file for STMicroelectronics.X-CUBE-NFC6.3.1.0
2025-10-28 00:39:52,951 [ERROR] Engine:463 - /Users/admin/.stm32cubemx/thirdparties/pdsc/STMicroelectronics.X-CUBE-FREERTOS.1.3.1.pdsc: PDSC version is not supported
2025-10-28 00:39:52,953 [WARN] PackLoader:238 - Cannot read IP mode file for STMicroelectronics.X-CUBE-TOUCHGFX.4.26.0
2025-10-28 00:39:52,955 [ERROR] Engine:463 - /Users/admin/.stm32cubemx/thirdparties/pdsc/STMicroelectronics.FP-SNS-STAIOTCFT.1.0.0.pdsc: PDSC version is not supported
2025-10-28 00:39:52,957 [ERROR] Engine:463 - /Users/admin/.stm32cubemx/thirdparties/pdsc/STMicroelectronics.X-CUBE-DPower.1.3.0.pdsc: PDSC version is not supported
2025-10-28 00:39:52,973 [WARN] ConditionMgr:437 - getConditionDescription Invalid condition id : LAN8742 Phy interface Condition cause : null
2025-10-28 00:39:52,973 [WARN] PackLoader:238 - Cannot read IP mode file for STMicroelectronics.X-CUBE-AZRTOS-L4.2.0.0
2025-10-28 00:39:52,975 [WARN] ConditionMgr:1038 - genDependencies : Invalid condition id : LAN8742 Phy interface Condition cause : null
2025-10-28 00:39:52,975 [WARN] ConditionMgr:1038 - genDependencies : Invalid condition id : LAN8742 Phy interface Condition cause : null
2025-10-28 00:39:52,975 [WARN] ConditionMgr:1038 - genDependencies : Invalid condition id : LAN8742 Phy interface Condition cause : null
2025-10-28 00:39:52,981 [WARN] PackLoader:238 - Cannot read IP mode file for STMicroelectronics.X-CUBE-SFXS2LP1.4.0.0
2025-10-28 00:39:52,986 [ERROR] Engine:463 - /Users/admin/.stm32cubemx/thirdparties/pdsc/STMicroelectronics.X-CUBE-BLEMGR.4.1.0.pdsc: PDSC version is not supported
2025-10-28 00:39:52,997 [WARN] ConditionMgr:437 - getConditionDescription Invalid condition id : UX DEVICE CLASS RTOS Condition cause : null
2025-10-28 00:39:52,998 [WARN] ConditionMgr:437 - getConditionDescription Invalid condition id : UX DEVICE CLASS RTOS Condition cause : null
2025-10-28 00:39:52,999 [WARN] PackLoader:238 - Cannot read IP mode file for STMicroelectronics.X-CUBE-AZRTOS-WB.2.0.0
2025-10-28 00:39:53,000 [WARN] ConditionMgr:1038 - genDependencies : Invalid condition id : UX DEVICE CLASS RTOS Condition cause : null
2025-10-28 00:39:53,000 [WARN] ConditionMgr:1038 - genDependencies : Invalid condition id : UX DEVICE CLASS RTOS Condition cause : null
2025-10-28 00:39:53,000 [WARN] ConditionMgr:1038 - genDependencies : Invalid condition id : UX DEVICE CLASS RTOS Condition cause : null
2025-10-28 00:39:53,001 [WARN] ConditionMgr:1038 - genDependencies : Invalid condition id : UX DEVICE CLASS RTOS Condition cause : null
2025-10-28 00:39:53,001 [WARN] ConditionMgr:1038 - genDependencies : Invalid condition id : UX DEVICE CLASS RTOS Condition cause : null
2025-10-28 00:39:53,006 [WARN] PackLoader:238 - Cannot read IP mode file for STMicroelectronics.X-CUBE-GNSS1.7.0.1
2025-10-28 00:39:53,009 [WARN] PackLoader:238 - Cannot read IP mode file for STMicroelectronics.X-CUBE-TOUCHGFX.4.25.0
2025-10-28 00:39:53,010 [ERROR] Engine:463 - /Users/admin/.stm32cubemx/thirdparties/pdsc/quantropi.X-CUBE-qispace-sdk-base.2.1.0.pdsc: PDSC version is not supported
2025-10-28 00:39:53,018 [WARN] PackLoader:238 - Cannot read IP mode file for STMicroelectronics.X-CUBE-SUBG2.5.0.0
2025-10-28 00:39:53,041 [WARN] PackLoader:238 - Cannot read IP mode file for STMicroelectronics.X-CUBE-AZRTOS-H7RS.1.1.0
2025-10-28 00:39:53,056 [WARN] PackLoader:238 - Cannot read IP mode file for STMicroelectronics.X-CUBE-AZRTOS-G4.2.0.0
2025-10-28 00:39:53,060 [WARN] PackLoader:238 - Cannot read IP mode file for wolfSSL.I-CUBE-wolfSSH.1.4.20
2025-10-28 00:39:53,064 [WARN] PackLoader:238 - Cannot read IP mode file for STMicroelectronics.X-CUBE-NFC7.2.0.0
2025-10-28 00:39:53,069 [ERROR] Engine:463 - /Users/admin/.stm32cubemx/thirdparties/pdsc/STMicroelectronics.X-CUBE-IPS.3.1.0.pdsc: PDSC version is not supported
2025-10-28 00:39:53,071 [ERROR] Engine:463 - /Users/admin/.stm32cubemx/thirdparties/pdsc/STMicroelectronics.X-CUBE-ALS.1.0.2.pdsc: PDSC version is not supported
2025-10-28 00:39:53,076 [WARN] PackLoader:238 - Cannot read IP mode file for STMicroelectronics.X-CUBE-STSE01.1.0.0
2025-10-28 00:39:53,082 [ERROR] Engine:463 - /Users/admin/.stm32cubemx/thirdparties/pdsc/STMicroelectronics.X-CUBE-TOF1.3.4.3.pdsc: PDSC version is not supported
2025-10-28 00:39:53,083 [INFO] ThirdParty:915 - Integrity check success = true
2025-10-28 00:39:53,083 [INFO] IntegrityCheckThread:94 - exiting critical section [integrity check]
2025-10-28 00:39:53,083 [INFO] IntegrityCheckThread:97 - End integrity checks thread
2025-10-28 00:39:53,083 [INFO] ThirdParty:815 - entering critical section [close project]
2025-10-28 00:39:53,085 [INFO] ThirdParty:825 - exiting critical section [close project]
2025-10-28 00:39:53,089 [INFO] PinOutPanel:1463 - setPackage(No Configuration,No Configuration)
2025-10-28 00:39:53,091 [INFO] UtilMem:74 - Begin LoadConfig() Used Memory: 695752552 Bytes (1071644672)
2025-10-28 00:39:53,093 [INFO] MicroXplorer:448 - Change Database Path : 
2025-10-28 00:39:53,093 [INFO] MicroXplorer:478 - Change Database Version : DB.6.0.30
2025-10-28 00:39:53,094 [INFO] OpenFileManager:313 - Change cursor
2025-10-28 00:39:53,841 [INFO] Context:592 - Trying to add GPIOservice into a context  which must be forbidden
2025-10-28 00:39:54,249 [WARN] ApiManager:304 - Cannot register API 'Board Extension:PM33A1' from pack STMicroelectronics.X-CUBE-PM33A1.1.0.0: no header file found
2025-10-28 00:39:54,257 [WARN] ApiManager:304 - Cannot register API 'Board Extension:NFC09A1' from pack STMicroelectronics.X-CUBE-NFC9.1.0.0: no header file found
2025-10-28 00:39:54,289 [WARN] ApiManager:304 - Cannot register API 'Wireless:BlueNRG-MS' from pack STMicroelectronics.X-CUBE-BLE1.7.1.0: no header file found
2025-10-28 00:39:54,301 [WARN] ApiManager:304 - Cannot register API 'Board Extension:EEPRMA2' from pack STMicroelectronics.X-CUBE-EEPRMA1.5.2.0: no header file found
2025-10-28 00:39:54,301 [WARN] ApiManager:304 - Cannot register API 'Board Extension:PGEEZ1' from pack STMicroelectronics.X-CUBE-EEPRMA1.5.2.0: no header file found
2025-10-28 00:39:54,301 [WARN] ApiManager:304 - Cannot register API 'Board Extension:EEICA1' from pack STMicroelectronics.X-CUBE-EEPRMA1.5.2.0: no header file found
2025-10-28 00:39:54,302 [WARN] ApiManager:304 - Cannot register API 'Board Part:M24' from pack STMicroelectronics.X-CUBE-EEPRMA1.5.2.0: no header file found
2025-10-28 00:39:54,308 [WARN] ApiManager:304 - Cannot register API 'Board Part:M95' from pack STMicroelectronics.X-CUBE-EEPRMA1.5.2.0: no header file found
2025-10-28 00:39:54,308 [WARN] ApiManager:304 - Cannot register API 'Board Part:M95P32' from pack STMicroelectronics.X-CUBE-EEPRMA1.5.2.0: no header file found
2025-10-28 00:39:54,308 [WARN] ApiManager:304 - Cannot register API 'Board Part:M24256E-F' from pack STMicroelectronics.X-CUBE-EEPRMA1.5.2.0: no header file found
2025-10-28 00:39:54,308 [WARN] ApiManager:304 - Cannot register API 'Board Part:M24M01E-F' from pack STMicroelectronics.X-CUBE-EEPRMA1.5.2.0: no header file found
2025-10-28 00:39:54,309 [WARN] ApiManager:304 - Cannot register API 'PGEEZ1:SPI' from pack STMicroelectronics.X-CUBE-EEPRMA1.5.2.0: no header file found
2025-10-28 00:39:54,309 [WARN] ApiManager:304 - Cannot register API 'PGEEZ1:QDSPI' from pack STMicroelectronics.X-CUBE-EEPRMA1.5.2.0: no header file found
2025-10-28 00:39:54,315 [WARN] ApiManager:304 - Cannot register API 'Board Extension:GNSS1A1' from pack STMicroelectronics.X-CUBE-GNSS1.7.0.1: no header file found
2025-10-28 00:39:54,315 [WARN] ApiManager:304 - Cannot register API 'Board Support:Custom' from pack STMicroelectronics.X-CUBE-GNSS1.7.0.1: no header file found
2025-10-28 00:39:54,316 [WARN] ApiManager:304 - Cannot register API 'Data Exchange:lib_gnss' from pack STMicroelectronics.X-CUBE-GNSS1.7.0.1: no header file found
2025-10-28 00:39:54,317 [WARN] ApiManager:304 - Cannot register API 'Board Extension:NFC12A1' from pack STMicroelectronics.X-CUBE-NFC12.1.0.0: no header file found
2025-10-28 00:39:54,330 [WARN] ApiManager:304 - Cannot register API 'Board Extension:NFC06A1' from pack STMicroelectronics.X-CUBE-NFC6.3.1.0: no header file found
2025-10-28 00:39:54,331 [WARN] ApiManager:304 - Cannot register API 'Board Extension:NFC08A1' from pack STMicroelectronics.X-CUBE-NFC6.3.1.0: no header file found
2025-10-28 00:39:54,332 [INFO] RtosManager:484 - Registered RTOS mode: class=CMSIS, group=RTOS, mode=CMSIS_V1, owner=FREERTOS
2025-10-28 00:39:54,333 [INFO] RtosManager:484 - Registered RTOS mode: class=CMSIS, group=RTOS2, mode=CMSIS_V2, owner=FREERTOS
2025-10-28 00:39:54,333 [INFO] RtosManager:484 - Registered RTOS mode: class=RTOS, group=Core, mode=CMSIS_V1, owner=FREERTOS
2025-10-28 00:39:54,333 [INFO] RtosManager:484 - Registered RTOS mode: class=RTOS, group=Core, mode=CMSIS_V2, owner=FREERTOS
2025-10-28 00:39:54,333 [WARN] ModelIntegratedComponent:181 - Missing modes for component STMicroelectronics:FreeRTOS:0.0.1:STMicroelectronics:RTOS:FreeRTOS:Core:::10.2.0:
2025-10-28 00:39:54,336 [WARN] ApiManager:304 - Cannot register API 'Board Extension:STSAFEA1' from pack STMicroelectronics.X-CUBE-SAFEA1.1.2.2: no header file found
2025-10-28 00:39:54,337 [WARN] ApiManager:304 - Cannot register API 'Board Part:STSAFEA110' from pack STMicroelectronics.X-CUBE-SAFEA1.1.2.2: no header file found
2025-10-28 00:39:54,337 [WARN] ApiManager:304 - Cannot register API 'Security:ST_Cryptolib' from pack STMicroelectronics.X-CUBE-SAFEA1.1.2.2: no header file found
2025-10-28 00:39:54,337 [WARN] ApiManager:304 - Cannot register API 'Security:MbedTLS' from pack STMicroelectronics.X-CUBE-SAFEA1.1.2.2: no header file found
2025-10-28 00:39:54,338 [WARN] ApiManager:304 - Cannot register API 'Board Extension:NFC04A1' from pack STMicroelectronics.X-CUBE-NFC4.3.0.0: no header file found
2025-10-28 00:39:54,345 [WARN] ApiManager:304 - Cannot register API 'Board Extension:S2868A1' from pack STMicroelectronics.X-CUBE-SUBG2.5.0.0: no header file found
2025-10-28 00:39:54,345 [WARN] ApiManager:304 - Cannot register API 'Board Extension:S2868A2' from pack STMicroelectronics.X-CUBE-SUBG2.5.0.0: no header file found
2025-10-28 00:39:54,345 [WARN] ApiManager:304 - Cannot register API 'Board Extension:S2915A1' from pack STMicroelectronics.X-CUBE-SUBG2.5.0.0: no header file found
2025-10-28 00:39:54,353 [WARN] ApiManager:304 - Cannot register API 'Wireless:STM32WB05N' from pack STMicroelectronics.X-CUBE-WB05N.2.0.0: no header file found
2025-10-28 00:39:54,357 [WARN] ApiManager:304 - Cannot register API 'Board Extension:NFC07A1' from pack STMicroelectronics.X-CUBE-NFC7.2.0.0: no header file found
2025-10-28 00:39:54,359 [WARN] ApiManager:304 - Cannot register API 'Board Extension:NFC10A1' from pack STMicroelectronics.X-CUBE-NFC10.1.0.0: no header file found
2025-10-28 00:39:54,361 [WARN] ModelIntegratedComponent:60 - No mode defined for component null
2025-10-28 00:39:54,361 [WARN] ModelIntegratedComponent:60 - No mode defined for component null
2025-10-28 00:39:54,361 [WARN] ModelIntegratedComponent:60 - No mode defined for component null
2025-10-28 00:39:54,362 [WARN] ModelIntegratedComponent:60 - No mode defined for component null
2025-10-28 00:39:54,362 [WARN] ModelIntegratedComponent:60 - No mode defined for component null
2025-10-28 00:39:54,362 [WARN] ModelIntegratedComponent:60 - No mode defined for component null
2025-10-28 00:39:54,362 [WARN] ModelIntegratedComponent:60 - No mode defined for component null
2025-10-28 00:39:54,362 [WARN] ModelIntegratedComponent:60 - No mode defined for component null
2025-10-28 00:39:54,362 [WARN] ModelIntegratedComponent:60 - No mode defined for component null
2025-10-28 00:39:54,362 [WARN] ModelIntegratedComponent:60 - No mode defined for component null
2025-10-28 00:39:54,362 [WARN] ModelIntegratedComponent:60 - No mode defined for component null
2025-10-28 00:39:54,362 [WARN] ModelIntegratedComponent:60 - No mode defined for component null
2025-10-28 00:39:54,363 [WARN] ModelIntegratedComponent:60 - No mode defined for component null
2025-10-28 00:39:54,363 [WARN] ModelIntegratedComponent:60 - No mode defined for component null
2025-10-28 00:39:54,363 [WARN] ModelIntegratedComponent:60 - No mode defined for component null
2025-10-28 00:39:54,363 [WARN] ModelIntegratedComponent:60 - No mode defined for component null
2025-10-28 00:39:54,363 [WARN] ModelIntegratedComponent:60 - No mode defined for component null
2025-10-28 00:39:54,363 [WARN] ModelIntegratedComponent:60 - No mode defined for component null
2025-10-28 00:39:54,363 [WARN] ModelIntegratedComponent:60 - No mode defined for component null
2025-10-28 00:39:54,363 [WARN] ModelIntegratedComponent:60 - No mode defined for component null
2025-10-28 00:39:54,364 [WARN] ModelIntegratedComponent:60 - No mode defined for component null
2025-10-28 00:39:54,364 [WARN] ModelIntegratedComponent:60 - No mode defined for component null
2025-10-28 00:39:54,364 [WARN] ModelIntegratedComponent:60 - No mode defined for component null
2025-10-28 00:39:54,364 [WARN] ModelIntegratedComponent:60 - No mode defined for component null
2025-10-28 00:39:54,364 [WARN] ModelIntegratedComponent:60 - No mode defined for component null
2025-10-28 00:39:54,364 [WARN] ModelIntegratedComponent:60 - No mode defined for component null
2025-10-28 00:39:54,364 [WARN] ModelIntegratedComponent:60 - No mode defined for component null
2025-10-28 00:39:54,365 [WARN] ModelIntegratedComponent:60 - No mode defined for component null
2025-10-28 00:39:54,365 [WARN] ModelIntegratedComponent:60 - No mode defined for component null
2025-10-28 00:39:54,365 [WARN] ModelIntegratedComponent:60 - No mode defined for component null
2025-10-28 00:39:54,365 [WARN] ModelIntegratedComponent:60 - No mode defined for component null
2025-10-28 00:39:54,368 [WARN] ApiManager:304 - Cannot register API 'Board Extension:SAFEA1' from pack STMicroelectronics.X-CUBE-STSE01.1.0.0: no header file found
2025-10-28 00:39:54,368 [WARN] ApiManager:304 - Cannot register API 'Board Extension:ESE01A1' from pack STMicroelectronics.X-CUBE-STSE01.1.0.0: no header file found
2025-10-28 00:39:54,369 [WARN] ApiManager:304 - Cannot register API 'Board Part:STSAFEA110' from pack STMicroelectronics.X-CUBE-STSE01.1.0.0: no header file found
2025-10-28 00:39:54,369 [WARN] ApiManager:304 - Cannot register API 'Board Part:STSAFEA120' from pack STMicroelectronics.X-CUBE-STSE01.1.0.0: no header file found
2025-10-28 00:39:54,369 [WARN] ApiManager:304 - Cannot register API 'Security:STM32_Cryptographic' from pack STMicroelectronics.X-CUBE-STSE01.1.0.0: no header file found
2025-10-28 00:39:54,369 [WARN] ApiManager:304 - Cannot register API 'Security:STSELib' from pack STMicroelectronics.X-CUBE-STSE01.1.0.0: no header file found
2025-10-28 00:39:54,945 [WARN] ApiManager:304 - Cannot register API 'Board Extension:IKS01A3' from pack STMicroelectronics.X-CUBE-MEMS1.11.3.0: no header file found
2025-10-28 00:39:54,945 [WARN] ApiManager:304 - Cannot register API 'Board Extension:IKS02A1' from pack STMicroelectronics.X-CUBE-MEMS1.11.3.0: no header file found
2025-10-28 00:39:54,945 [WARN] ApiManager:304 - Cannot register API 'Board Extension:IKS4A1' from pack STMicroelectronics.X-CUBE-MEMS1.11.3.0: no header file found
2025-10-28 00:39:54,960 [WARN] ApiManager:304 - Cannot register API 'Board Extension:S2868A1' from pack STMicroelectronics.X-CUBE-SFXS2LP1.4.0.0: no header file found
2025-10-28 00:39:54,961 [WARN] ApiManager:304 - Cannot register API 'Board Extension:S2868A2' from pack STMicroelectronics.X-CUBE-SFXS2LP1.4.0.0: no header file found
2025-10-28 00:39:54,961 [WARN] ApiManager:304 - Cannot register API 'Board Extension:S2915A1' from pack STMicroelectronics.X-CUBE-SFXS2LP1.4.0.0: no header file found
2025-10-28 00:39:54,962 [WARN] ApiManager:304 - Cannot register API 'Wireless:BlueNRG-2' from pack STMicroelectronics.X-CUBE-BLE2.3.3.0: no header file found
2025-10-28 00:39:56,300 [INFO] UtilMem:74 - End LoadConfig() Used Memory: 716210456 Bytes (1071644672)
2025-10-28 00:39:56,301 [INFO] DbMcusXml:100 - Load MCU database from /Applications/STM32CubeIDE.app/Contents/Eclipse/plugins/com.st.stm32cube.common.mx_6.3.0.202107141111//db//mcu/families.xml
2025-10-28 00:39:57,375 [INFO] DbMcusJson:93 - JSON generation date=Tue Nov 16 23:17:54 ICT 2021 (1637079474)
2025-10-28 00:39:58,843 [INFO] DbMcus:175 - Found 1951 MCUs (1903 are supported by CubeMX, 1914 are visible in CubeMX)
2025-10-28 00:39:58,844 [INFO] ApiDb:251 - Load user favorites file /Users/admin/.stm32cubeide/favorites.mcus.txt: 0 item(s)
2025-10-28 00:39:58,844 [INFO] ApiDb:255 - User favorites MCUs=[]
2025-10-28 00:39:58,844 [INFO] DbMcus:187 - Set 0 / 0 favorites MCUs
2025-10-28 00:39:58,848 [WARN] ThirdParty:779 - waiting for thirdparty lock release [change project]
2025-10-28 00:39:58,848 [INFO] ThirdParty:781 - entering critical section [change project]
2025-10-28 00:39:58,848 [INFO] ThirdParty:967 - CMSIS Pack Vendor :STMicroelectronics X-CUBE-PM33A1 1.0.0
2025-10-28 00:39:58,848 [INFO] ThirdParty:967 - CMSIS Pack Vendor :STMicroelectronics X-CUBE-NFC9 1.0.0
2025-10-28 00:39:58,848 [INFO] ThirdParty:967 - CMSIS Pack Vendor :STMicroelectronics USB_HOST 2.0.0
2025-10-28 00:39:58,848 [INFO] ThirdParty:967 - CMSIS Pack Vendor :STMicroelectronics X-CUBE-AZRTOS-F4 1.1.0
2025-10-28 00:39:58,848 [INFO] ThirdParty:967 - CMSIS Pack Vendor :STMicroelectronics FP-ATR-ASTRA1 2.0.2
2025-10-28 00:39:58,848 [INFO] ThirdParty:967 - CMSIS Pack Vendor :wolfSSL I-CUBE-wolfSSL 5.8.2
2025-10-28 00:39:58,848 [INFO] ThirdParty:967 - CMSIS Pack Vendor :STMicroelectronics X-CUBE-BLE1 7.1.0
2025-10-28 00:39:58,848 [INFO] ThirdParty:967 - CMSIS Pack Vendor :wolfSSL I-CUBE-wolfMQTT 1.19.2
2025-10-28 00:39:58,848 [INFO] ThirdParty:967 - CMSIS Pack Vendor :STMicroelectronics USB_DEVICE 3.0.0
2025-10-28 00:39:58,848 [INFO] ThirdParty:967 - CMSIS Pack Vendor :STMicroelectronics X-CUBE-ISPU 2.1.0
2025-10-28 00:39:58,848 [INFO] ThirdParty:967 - CMSIS Pack Vendor :STMicroelectronics X-CUBE-EEPRMA1 5.2.0
2025-10-28 00:39:58,849 [INFO] ThirdParty:967 - CMSIS Pack Vendor :STMicroelectronics X-CUBE-AZRTOS-WB 2.0.0
2025-10-28 00:39:58,849 [INFO] ThirdParty:967 - CMSIS Pack Vendor :STMicroelectronics X-CUBE-GNSS1 7.0.1
2025-10-28 00:39:58,849 [INFO] ThirdParty:967 - CMSIS Pack Vendor :STMicroelectronics X-CUBE-NFC12 1.0.0
2025-10-28 00:39:58,849 [INFO] ThirdParty:967 - CMSIS Pack Vendor :STMicroelectronics X-CUBE-AZRTOS-F7 1.1.0
2025-10-28 00:39:58,849 [INFO] ThirdParty:967 - CMSIS Pack Vendor :STMicroelectronics X-CUBE-AZRTOS-L5 2.0.0
2025-10-28 00:39:58,849 [INFO] ThirdParty:967 - CMSIS Pack Vendor :STMicroelectronics X-CUBE-TOUCHGFX 4.25.0
2025-10-28 00:39:58,849 [INFO] ThirdParty:967 - CMSIS Pack Vendor :STMicroelectronics USB_DEVICE 2.0.0
2025-10-28 00:39:58,849 [INFO] ThirdParty:967 - CMSIS Pack Vendor :STMicroelectronics X-CUBE-NFC6 3.1.0
2025-10-28 00:39:58,849 [INFO] ThirdParty:967 - CMSIS Pack Vendor :STMicroelectronics FreeRTOS 0.0.1
2025-10-28 00:39:58,849 [INFO] ThirdParty:967 - CMSIS Pack Vendor :STMicroelectronics X-CUBE-AZRTOS-G0 1.1.0
2025-10-28 00:39:58,849 [INFO] ThirdParty:967 - CMSIS Pack Vendor :STMicroelectronics X-CUBE-SAFEA1 1.2.2
2025-10-28 00:39:58,850 [INFO] ThirdParty:967 - CMSIS Pack Vendor :STMicroelectronics X-CUBE-NFC4 3.0.0
2025-10-28 00:39:58,850 [INFO] ThirdParty:967 - CMSIS Pack Vendor :STMicroelectronics X-CUBE-SUBG2 5.0.0
2025-10-28 00:39:58,850 [INFO] ThirdParty:967 - CMSIS Pack Vendor :STMicroelectronics X-CUBE-AZRTOS-H7RS 1.1.0
2025-10-28 00:39:58,850 [INFO] ThirdParty:967 - CMSIS Pack Vendor :STMicroelectronics lwIP 2.0.3
2025-10-28 00:39:58,850 [INFO] ThirdParty:967 - CMSIS Pack Vendor :STMicroelectronics USB_HOST 1.0.0
2025-10-28 00:39:58,850 [INFO] ThirdParty:967 - CMSIS Pack Vendor :STMicroelectronics X-CUBE-AZRTOS-G4 2.0.0
2025-10-28 00:39:58,850 [INFO] ThirdParty:967 - CMSIS Pack Vendor :STMicroelectronics X-CUBE-WB05N 2.0.0
2025-10-28 00:39:58,850 [INFO] ThirdParty:967 - CMSIS Pack Vendor :STMicroelectronics PDM2PCM 3.1.0
2025-10-28 00:39:58,850 [INFO] ThirdParty:967 - CMSIS Pack Vendor :STMicroelectronics PDM2PCM 3.3.0
2025-10-28 00:39:58,850 [INFO] ThirdParty:967 - CMSIS Pack Vendor :wolfSSL I-CUBE-wolfTPM 3.8.0
2025-10-28 00:39:58,850 [INFO] ThirdParty:967 - CMSIS Pack Vendor :STMicroelectronics X-CUBE-AZRTOS-H7 3.4.0
2025-10-28 00:39:58,850 [INFO] ThirdParty:967 - CMSIS Pack Vendor :wolfSSL I-CUBE-wolfSSH 1.4.20
2025-10-28 00:39:58,850 [INFO] ThirdParty:967 - CMSIS Pack Vendor :STMicroelectronics X-CUBE-NFC7 2.0.0
2025-10-28 00:39:58,850 [INFO] ThirdParty:967 - CMSIS Pack Vendor :STMicroelectronics FP-ATR-SIGFOX1 3.2.0
2025-10-28 00:39:58,851 [INFO] ThirdParty:967 - CMSIS Pack Vendor :STMicroelectronics X-CUBE-NFC10 1.0.0
2025-10-28 00:39:58,851 [INFO] ThirdParty:967 - CMSIS Pack Vendor :STMicroelectronics HAL Drivers 0.0.0
2025-10-28 00:39:58,851 [INFO] ThirdParty:967 - CMSIS Pack Vendor :STMicroelectronics MBEDTLS 2.16.2
2025-10-28 00:39:58,851 [INFO] ThirdParty:967 - CMSIS Pack Vendor :STMicroelectronics MBEDTLS 2.14.1
2025-10-28 00:39:58,851 [INFO] ThirdParty:967 - CMSIS Pack Vendor :STMicroelectronics X-CUBE-TOUCHGFX 4.26.0
2025-10-28 00:39:58,851 [INFO] ThirdParty:967 - CMSIS Pack Vendor :STMicroelectronics X-CUBE-STSE01 1.0.0
2025-10-28 00:39:58,851 [INFO] ThirdParty:967 - CMSIS Pack Vendor :STMicroelectronics X-CUBE-AI 10.2.0
2025-10-28 00:39:58,851 [INFO] ThirdParty:967 - CMSIS Pack Vendor :STMicroelectronics X-CUBE-AZRTOS-WL 2.0.0
2025-10-28 00:39:58,851 [INFO] ThirdParty:967 - CMSIS Pack Vendor :SEGGER I-CUBE-embOS 1.3.1
2025-10-28 00:39:58,851 [INFO] ThirdParty:967 - CMSIS Pack Vendor :STMicroelectronics X-CUBE-ALGOBUILD 1.4.0
2025-10-28 00:39:58,851 [INFO] ThirdParty:967 - CMSIS Pack Vendor :STMicroelectronics X-CUBE-MEMS1 11.3.0
2025-10-28 00:39:58,851 [INFO] ThirdParty:967 - CMSIS Pack Vendor :STMicroelectronics USB_DEVICE 1.0.0
2025-10-28 00:39:58,851 [INFO] ThirdParty:967 - CMSIS Pack Vendor :STMicroelectronics X-CUBE-AZRTOS-L4 2.0.0
2025-10-28 00:39:58,851 [INFO] ThirdParty:967 - CMSIS Pack Vendor :STMicroelectronics ThreadX 0.0.2
2025-10-28 00:39:58,852 [INFO] ThirdParty:967 - CMSIS Pack Vendor :STMicroelectronics lwIP 2.1.2
2025-10-28 00:39:58,852 [INFO] ThirdParty:967 - CMSIS Pack Vendor :STMicroelectronics X-CUBE-SFXS2LP1 4.0.0
2025-10-28 00:39:58,852 [INFO] ThirdParty:967 - CMSIS Pack Vendor :STMicroelectronics X-CUBE-BLE2 3.3.0
2025-10-28 00:39:58,852 [INFO] ThirdParty:967 - CMSIS Pack Vendor :STMicroelectronics PDM2PCM 3.2.0
2025-10-28 00:39:58,852 [INFO] ThirdParty:787 - exiting critical section [change project]
2025-10-28 00:39:59,256 [INFO] PinOutPanel:1463 - setPackage(No Configuration,No Configuration)
2025-10-28 00:39:59,257 [INFO] PinOutPanel:1463 - setPackage(STM32F103C6Ux,UFQFPN48)
2025-10-28 00:40:00,253 [INFO] UtilMem:74 - Before build in PCC Used Memory: 758669568 Bytes (1073741824)
2025-10-28 00:40:01,359 [INFO] UtilMem:74 - After build in PCC Used Memory: 814246752 Bytes (1073741824)
2025-10-28 00:40:01,382 [INFO] IPUIPlugin:74 - create IPUIPlugin
2025-10-28 00:40:01,382 [INFO] IPUIPlugin:74 - create IPUIPlugin
2025-10-28 00:40:01,382 [INFO] IPUIPlugin:74 - create IPUIPlugin
2025-10-28 00:40:01,383 [INFO] IPUIPlugin:74 - create IPUIPlugin
2025-10-28 00:40:01,383 [INFO] IPUIPlugin:74 - create IPUIPlugin
2025-10-28 00:40:01,383 [INFO] IPUIPlugin:74 - create IPUIPlugin
2025-10-28 00:40:01,383 [INFO] IPUIPlugin:74 - create IPUIPlugin
2025-10-28 00:40:01,384 [INFO] IPUIPlugin:74 - create IPUIPlugin
2025-10-28 00:40:01,384 [INFO] IPUIPlugin:74 - create IPUIPlugin
2025-10-28 00:40:01,384 [INFO] IPUIPlugin:74 - create IPUIPlugin
2025-10-28 00:40:01,385 [INFO] IPUIPlugin:74 - create IPUIPlugin
2025-10-28 00:40:01,385 [INFO] IPUIPlugin:74 - create IPUIPlugin
2025-10-28 00:40:01,386 [INFO] IPUIPlugin:74 - create IPUIPlugin
2025-10-28 00:40:01,386 [INFO] IPUIPlugin:74 - create IPUIPlugin
2025-10-28 00:40:01,386 [INFO] IPUIPlugin:74 - create IPUIPlugin
2025-10-28 00:40:01,387 [INFO] IPUIPlugin:74 - create IPUIPlugin
2025-10-28 00:40:01,387 [INFO] IPUIPlugin:74 - create IPUIPlugin
2025-10-28 00:40:01,387 [INFO] IPUIPlugin:74 - create IPUIPlugin
2025-10-28 00:40:01,387 [INFO] IPUIPlugin:74 - create IPUIPlugin
2025-10-28 00:40:01,388 [INFO] IPUIPlugin:74 - create IPUIPlugin
2025-10-28 00:40:01,388 [INFO] IPUIPlugin:74 - create IPUIPlugin
2025-10-28 00:40:01,389 [INFO] IPUIPlugin:74 - create IPUIPlugin
2025-10-28 00:40:01,389 [INFO] IPUIPlugin:74 - create IPUIPlugin
2025-10-28 00:40:01,558 [INFO] OpenFileManager:333 - Restore cursor
